2024-10-14 15:40:05.086 [info] [main] Nivel de registro: Info
2024-10-14 15:40:05.086 [info] [main] Validando git encontrado en: "git"
2024-10-14 15:40:05.086 [info] [main] Usando git "2.34.1" de "git"
2024-10-14 15:40:05.086 [info] [Model][doInitialScan] Initial repository scan started
2024-10-14 15:40:05.086 [info] > git rev-parse --show-toplevel [24ms]
2024-10-14 15:40:05.568 [info] > git rev-parse --git-dir --git-common-dir [483ms]
2024-10-14 15:40:05.602 [info] [Model][openRepository] Opened repository: /home/pro/Escritorio/libro/ejercicio-git-libro
2024-10-14 15:40:05.616 [info] [Model][doInitialScan] Initial repository scan completed - repositories (1), closed repositories (0), parent repositories (0), unsafe repositories (0)
2024-10-14 15:40:07.201 [info] > git config --get commit.template [597ms]
2024-10-14 15:40:07.335 [info] > git for-each-ref --format=%(refname)%00%(upstream:short)%00%(objectname)%00%(upstream:track)%00%(upstream:remotename)%00%(upstream:remoteref) refs/heads/main refs/remotes/main [125ms]
2024-10-14 15:40:07.336 [warning] [Git][getBranch] No such branch: main
2024-10-14 15:40:07.607 [info] > git status -z -uall [256ms]
2024-10-14 15:40:07.632 [info] > git for-each-ref --format=%(refname)%00%(upstream:short)%00%(objectname)%00%(upstream:track)%00%(upstream:remotename)%00%(upstream:remoteref) refs/heads/main refs/remotes/main [10ms]
2024-10-14 15:40:07.632 [warning] [Git][getBranch] No such branch: main
2024-10-14 15:40:07.862 [info] > git config --get commit.template [231ms]
2024-10-14 15:40:07.952 [info] > git for-each-ref --format=%(refname)%00%(upstream:short)%00%(objectname)%00%(upstream:track)%00%(upstream:remotename)%00%(upstream:remoteref) refs/heads/main refs/remotes/main [83ms]
2024-10-14 15:40:07.953 [warning] [Git][getBranch] No such branch: main
2024-10-14 15:40:07.970 [info] > git status -z -uall [4ms]
2024-10-14 15:40:07.985 [info] > git for-each-ref --format=%(refname)%00%(upstream:short)%00%(objectname)%00%(upstream:track)%00%(upstream:remotename)%00%(upstream:remoteref) refs/heads/main refs/remotes/main [10ms]
2024-10-14 15:40:07.985 [warning] [Git][getBranch] No such branch: main
2024-10-14 15:40:11.696 [info] > git check-ignore -v -z --stdin [109ms]
2024-10-14 15:40:11.700 [info] > git show --textconv :README.md [30ms]
2024-10-14 15:40:11.700 [info] > git ls-files --stage -- /home/pro/Escritorio/libro/ejercicio-git-libro/README.md [22ms]
2024-10-14 15:40:11.712 [info] > git config --get commit.template [81ms]
2024-10-14 15:40:11.740 [info] > git for-each-ref --format=%(refname)%00%(upstream:short)%00%(objectname)%00%(upstream:track)%00%(upstream:remotename)%00%(upstream:remoteref) refs/heads/main refs/remotes/main [4ms]
2024-10-14 15:40:11.740 [warning] [Git][getBranch] No such branch: main
2024-10-14 15:40:11.749 [info] > git status -z -uall [3ms]
2024-10-14 15:40:11.788 [info] > git for-each-ref --format=%(refname)%00%(upstream:short)%00%(objectname)%00%(upstream:track)%00%(upstream:remotename)%00%(upstream:remoteref) refs/heads/main refs/remotes/main [19ms]
2024-10-14 15:40:11.788 [warning] [Git][getBranch] No such branch: main
2024-10-14 15:40:32.856 [info] > git config --get commit.template [6ms]
2024-10-14 15:40:32.864 [info] > git for-each-ref --format=%(refname)%00%(upstream:short)%00%(objectname)%00%(upstream:track)%00%(upstream:remotename)%00%(upstream:remoteref) refs/heads/main refs/remotes/main [9ms]
2024-10-14 15:40:32.864 [warning] [Git][getBranch] No such branch: main
2024-10-14 15:40:32.871 [info] > git status -z -uall [3ms]
2024-10-14 15:40:32.884 [info] > git for-each-ref --format=%(refname)%00%(upstream:short)%00%(objectname)%00%(upstream:track)%00%(upstream:remotename)%00%(upstream:remoteref) refs/heads/main refs/remotes/main [4ms]
2024-10-14 15:40:32.884 [warning] [Git][getBranch] No such branch: main
2024-10-14 15:40:32.965 [info] > git ls-files --stage -- /home/pro/Escritorio/libro/ejercicio-git-libro/README.md [16ms]
2024-10-14 15:40:33.024 [info] > git show --textconv :README.md [43ms]
2024-10-14 15:41:58.707 [info] > git config --get commit.template [1ms]
2024-10-14 15:41:58.722 [info] > git for-each-ref --format=%(refname)%00%(upstream:short)%00%(objectname)%00%(upstream:track)%00%(upstream:remotename)%00%(upstream:remoteref) refs/heads/main refs/remotes/main [2ms]
2024-10-14 15:41:58.722 [warning] [Git][getBranch] No such branch: main
2024-10-14 15:41:58.729 [info] > git status -z -uall [3ms]
2024-10-14 15:41:58.745 [info] > git for-each-ref --format=%(refname)%00%(upstream:short)%00%(objectname)%00%(upstream:track)%00%(upstream:remotename)%00%(upstream:remoteref) refs/heads/main refs/remotes/main [9ms]
2024-10-14 15:41:58.745 [warning] [Git][getBranch] No such branch: main
2024-10-14 15:41:59.761 [info] > git config --get commit.template [6ms]
2024-10-14 15:41:59.762 [info] > git for-each-ref --format=%(refname)%00%(upstream:short)%00%(objectname)%00%(upstream:track)%00%(upstream:remotename)%00%(upstream:remoteref) refs/heads/main refs/remotes/main [2ms]
2024-10-14 15:41:59.762 [warning] [Git][getBranch] No such branch: main
2024-10-14 15:41:59.769 [info] > git status -z -uall [2ms]
2024-10-14 15:41:59.780 [info] > git for-each-ref --format=%(refname)%00%(upstream:short)%00%(objectname)%00%(upstream:track)%00%(upstream:remotename)%00%(upstream:remoteref) refs/heads/main refs/remotes/main [5ms]
2024-10-14 15:41:59.780 [warning] [Git][getBranch] No such branch: main
2024-10-14 15:41:59.866 [info] > git ls-files --stage -- /home/pro/Escritorio/libro/ejercicio-git-libro/README.md [4ms]
2024-10-14 15:41:59.881 [info] > git cat-file -s e69de29bb2d1d6434b8b29ae775ad8c2e48c5391 [6ms]
2024-10-14 15:41:59.898 [info] > git show --textconv :README.md [3ms]
2024-10-14 15:43:25.223 [info] > git config --get commit.template [12ms]
2024-10-14 15:43:25.225 [info] > git for-each-ref --format=%(refname)%00%(upstream:short)%00%(objectname)%00%(upstream:track)%00%(upstream:remotename)%00%(upstream:remoteref) refs/heads/main refs/remotes/main [3ms]
2024-10-14 15:43:25.225 [warning] [Git][getBranch] No such branch: main
2024-10-14 15:43:25.238 [info] > git status -z -uall [4ms]
2024-10-14 15:43:25.255 [info] > git for-each-ref --format=%(refname)%00%(upstream:short)%00%(objectname)%00%(upstream:track)%00%(upstream:remotename)%00%(upstream:remoteref) refs/heads/main refs/remotes/main [5ms]
2024-10-14 15:43:25.256 [warning] [Git][getBranch] No such branch: main
2024-10-14 15:43:30.278 [info] > git config --get commit.template [12ms]
2024-10-14 15:43:30.281 [info] > git for-each-ref --format=%(refname)%00%(upstream:short)%00%(objectname)%00%(upstream:track)%00%(upstream:remotename)%00%(upstream:remoteref) refs/heads/main refs/remotes/main [5ms]
2024-10-14 15:43:30.281 [warning] [Git][getBranch] No such branch: main
2024-10-14 15:43:30.294 [info] > git status -z -uall [5ms]
2024-10-14 15:43:30.313 [info] > git for-each-ref --format=%(refname)%00%(upstream:short)%00%(objectname)%00%(upstream:track)%00%(upstream:remotename)%00%(upstream:remoteref) refs/heads/main refs/remotes/main [7ms]
2024-10-14 15:43:30.313 [warning] [Git][getBranch] No such branch: main
2024-10-14 15:43:38.863 [info] > git config --get commit.template [4ms]
2024-10-14 15:43:38.864 [info] > git for-each-ref --format=%(refname)%00%(upstream:short)%00%(objectname)%00%(upstream:track)%00%(upstream:remotename)%00%(upstream:remoteref) refs/heads/main refs/remotes/main [2ms]
2024-10-14 15:43:38.864 [warning] [Git][getBranch] No such branch: main
2024-10-14 15:43:38.868 [info] > git status -z -uall [1ms]
2024-10-14 15:43:38.875 [info] > git for-each-ref --format=%(refname)%00%(upstream:short)%00%(objectname)%00%(upstream:track)%00%(upstream:remotename)%00%(upstream:remoteref) refs/heads/main refs/remotes/main [3ms]
2024-10-14 15:43:38.875 [warning] [Git][getBranch] No such branch: main
2024-10-14 15:43:43.883 [info] > git config --get commit.template [5ms]
2024-10-14 15:43:43.884 [info] > git for-each-ref --format=%(refname)%00%(upstream:short)%00%(objectname)%00%(upstream:track)%00%(upstream:remotename)%00%(upstream:remoteref) refs/heads/main refs/remotes/main [2ms]
2024-10-14 15:43:43.884 [warning] [Git][getBranch] No such branch: main
2024-10-14 15:43:43.891 [info] > git status -z -uall [3ms]
2024-10-14 15:43:43.906 [info] > git for-each-ref --format=%(refname)%00%(upstream:short)%00%(objectname)%00%(upstream:track)%00%(upstream:remotename)%00%(upstream:remoteref) refs/heads/main refs/remotes/main [10ms]
2024-10-14 15:43:43.907 [warning] [Git][getBranch] No such branch: main
2024-10-14 15:43:48.922 [info] > git config --get commit.template [12ms]
2024-10-14 15:43:48.925 [info] > git for-each-ref --format=%(refname)%00%(upstream:short)%00%(objectname)%00%(upstream:track)%00%(upstream:remotename)%00%(upstream:remoteref) refs/heads/main refs/remotes/main [4ms]
2024-10-14 15:43:48.925 [warning] [Git][getBranch] No such branch: main
2024-10-14 15:43:48.937 [info] > git status -z -uall [4ms]
2024-10-14 15:43:48.972 [info] > git for-each-ref --format=%(refname)%00%(upstream:short)%00%(objectname)%00%(upstream:track)%00%(upstream:remotename)%00%(upstream:remoteref) refs/heads/main refs/remotes/main [26ms]
2024-10-14 15:43:48.972 [warning] [Git][getBranch] No such branch: main
2024-10-14 15:43:53.976 [info] > git config --get commit.template [12ms]
2024-10-14 15:43:53.979 [info] > git for-each-ref --format=%(refname)%00%(upstream:short)%00%(objectname)%00%(upstream:track)%00%(upstream:remotename)%00%(upstream:remoteref) refs/heads/main refs/remotes/main [4ms]
2024-10-14 15:43:53.979 [warning] [Git][getBranch] No such branch: main
2024-10-14 15:43:53.990 [info] > git status -z -uall [4ms]
2024-10-14 15:43:54.000 [info] > git for-each-ref --format=%(refname)%00%(upstream:short)%00%(objectname)%00%(upstream:track)%00%(upstream:remotename)%00%(upstream:remoteref) refs/heads/main refs/remotes/main [4ms]
2024-10-14 15:43:54.000 [warning] [Git][getBranch] No such branch: main
2024-10-14 15:44:08.312 [info] > git config --get commit.template [4ms]
2024-10-14 15:44:08.313 [info] > git for-each-ref --format=%(refname)%00%(upstream:short)%00%(objectname)%00%(upstream:track)%00%(upstream:remotename)%00%(upstream:remoteref) refs/heads/main refs/remotes/main [1ms]
2024-10-14 15:44:08.313 [warning] [Git][getBranch] No such branch: main
2024-10-14 15:44:08.320 [info] > git status -z -uall [4ms]
2024-10-14 15:44:08.328 [info] > git for-each-ref --format=%(refname)%00%(upstream:short)%00%(objectname)%00%(upstream:track)%00%(upstream:remotename)%00%(upstream:remoteref) refs/heads/main refs/remotes/main [4ms]
2024-10-14 15:44:08.328 [warning] [Git][getBranch] No such branch: main
2024-10-14 15:44:13.357 [info] > git config --get commit.template [6ms]
2024-10-14 15:44:13.375 [info] > git for-each-ref --format=%(refname)%00%(upstream:short)%00%(objectname)%00%(upstream:track)%00%(upstream:remotename)%00%(upstream:remoteref) refs/heads/main refs/remotes/main [1ms]
2024-10-14 15:44:13.375 [warning] [Git][getBranch] No such branch: main
2024-10-14 15:44:13.392 [info] > git status -z -uall [4ms]
2024-10-14 15:44:13.402 [info] > git for-each-ref --format=%(refname)%00%(upstream:short)%00%(objectname)%00%(upstream:track)%00%(upstream:remotename)%00%(upstream:remoteref) refs/heads/main refs/remotes/main [3ms]
2024-10-14 15:44:13.402 [warning] [Git][getBranch] No such branch: main
2024-10-14 15:44:18.422 [info] > git config --get commit.template [5ms]
2024-10-14 15:44:18.423 [info] > git for-each-ref --format=%(refname)%00%(upstream:short)%00%(objectname)%00%(upstream:track)%00%(upstream:remotename)%00%(upstream:remoteref) refs/heads/main refs/remotes/main [2ms]
2024-10-14 15:44:18.423 [warning] [Git][getBranch] No such branch: main
2024-10-14 15:44:18.429 [info] > git status -z -uall [2ms]
2024-10-14 15:44:18.436 [info] > git for-each-ref --format=%(refname)%00%(upstream:short)%00%(objectname)%00%(upstream:track)%00%(upstream:remotename)%00%(upstream:remoteref) refs/heads/main refs/remotes/main [3ms]
2024-10-14 15:44:18.436 [warning] [Git][getBranch] No such branch: main
2024-10-14 15:44:24.043 [info] > git config --get commit.template [8ms]
2024-10-14 15:44:24.047 [info] > git for-each-ref --format=%(refname)%00%(upstream:short)%00%(objectname)%00%(upstream:track)%00%(upstream:remotename)%00%(upstream:remoteref) refs/heads/main refs/remotes/main [1ms]
2024-10-14 15:44:24.047 [warning] [Git][getBranch] No such branch: main
2024-10-14 15:44:24.053 [info] > git status -z -uall [3ms]
2024-10-14 15:44:24.062 [info] > git for-each-ref --format=%(refname)%00%(upstream:short)%00%(objectname)%00%(upstream:track)%00%(upstream:remotename)%00%(upstream:remoteref) refs/heads/main refs/remotes/main [5ms]
2024-10-14 15:44:24.062 [warning] [Git][getBranch] No such branch: main
2024-10-14 15:44:29.830 [info] > git config --get commit.template [12ms]
2024-10-14 15:44:29.833 [info] > git for-each-ref --format=%(refname)%00%(upstream:short)%00%(objectname)%00%(upstream:track)%00%(upstream:remotename)%00%(upstream:remoteref) refs/heads/main refs/remotes/main [5ms]
2024-10-14 15:44:29.833 [warning] [Git][getBranch] No such branch: main
2024-10-14 15:44:29.847 [info] > git status -z -uall [5ms]
2024-10-14 15:44:29.867 [info] > git for-each-ref --format=%(refname)%00%(upstream:short)%00%(objectname)%00%(upstream:track)%00%(upstream:remotename)%00%(upstream:remoteref) refs/heads/main refs/remotes/main [8ms]
2024-10-14 15:44:29.868 [warning] [Git][getBranch] No such branch: main
2024-10-14 15:44:34.879 [info] > git config --get commit.template [5ms]
2024-10-14 15:44:34.879 [info] > git for-each-ref --format=%(refname)%00%(upstream:short)%00%(objectname)%00%(upstream:track)%00%(upstream:remotename)%00%(upstream:remoteref) refs/heads/main refs/remotes/main [1ms]
2024-10-14 15:44:34.879 [warning] [Git][getBranch] No such branch: main
2024-10-14 15:44:34.884 [info] > git status -z -uall [2ms]
2024-10-14 15:44:34.890 [info] > git for-each-ref --format=%(refname)%00%(upstream:short)%00%(objectname)%00%(upstream:track)%00%(upstream:remotename)%00%(upstream:remoteref) refs/heads/main refs/remotes/main [3ms]
2024-10-14 15:44:34.890 [warning] [Git][getBranch] No such branch: main
2024-10-14 15:44:39.945 [info] > git config --get commit.template [16ms]
2024-10-14 15:44:39.960 [info] > git for-each-ref --format=%(refname)%00%(upstream:short)%00%(objectname)%00%(upstream:track)%00%(upstream:remotename)%00%(upstream:remoteref) refs/heads/main refs/remotes/main [5ms]
2024-10-14 15:44:39.960 [warning] [Git][getBranch] No such branch: main
2024-10-14 15:44:39.973 [info] > git status -z -uall [7ms]
2024-10-14 15:44:39.988 [info] > git for-each-ref --format=%(refname)%00%(upstream:short)%00%(objectname)%00%(upstream:track)%00%(upstream:remotename)%00%(upstream:remoteref) refs/heads/main refs/remotes/main [6ms]
2024-10-14 15:44:39.988 [warning] [Git][getBranch] No such branch: main
2024-10-14 15:44:45.020 [info] > git config --get commit.template [22ms]
2024-10-14 15:44:45.021 [info] > git for-each-ref --format=%(refname)%00%(upstream:short)%00%(objectname)%00%(upstream:track)%00%(upstream:remotename)%00%(upstream:remoteref) refs/heads/main refs/remotes/main [2ms]
2024-10-14 15:44:45.021 [warning] [Git][getBranch] No such branch: main
2024-10-14 15:44:45.026 [info] > git status -z -uall [2ms]
2024-10-14 15:44:45.035 [info] > git for-each-ref --format=%(refname)%00%(upstream:short)%00%(objectname)%00%(upstream:track)%00%(upstream:remotename)%00%(upstream:remoteref) refs/heads/main refs/remotes/main [3ms]
2024-10-14 15:44:45.036 [warning] [Git][getBranch] No such branch: main
2024-10-14 15:44:50.058 [info] > git config --get commit.template [12ms]
2024-10-14 15:44:50.063 [info] > git for-each-ref --format=%(refname)%00%(upstream:short)%00%(objectname)%00%(upstream:track)%00%(upstream:remotename)%00%(upstream:remoteref) refs/heads/main refs/remotes/main [6ms]
2024-10-14 15:44:50.063 [warning] [Git][getBranch] No such branch: main
2024-10-14 15:44:50.074 [info] > git status -z -uall [3ms]
2024-10-14 15:44:50.085 [info] > git for-each-ref --format=%(refname)%00%(upstream:short)%00%(objectname)%00%(upstream:track)%00%(upstream:remotename)%00%(upstream:remoteref) refs/heads/main refs/remotes/main [4ms]
2024-10-14 15:44:50.086 [warning] [Git][getBranch] No such branch: main
2024-10-14 15:45:13.835 [info] > git config --get commit.template [13ms]
2024-10-14 15:45:13.837 [info] > git for-each-ref --format=%(refname)%00%(upstream:short)%00%(objectname)%00%(upstream:track)%00%(upstream:remotename)%00%(upstream:remoteref) refs/heads/main refs/remotes/main [4ms]
2024-10-14 15:45:13.837 [warning] [Git][getBranch] No such branch: main
2024-10-14 15:45:13.852 [info] > git status -z -uall [6ms]
2024-10-14 15:45:13.863 [info] > git for-each-ref --format=%(refname)%00%(upstream:short)%00%(objectname)%00%(upstream:track)%00%(upstream:remotename)%00%(upstream:remoteref) refs/heads/main refs/remotes/main [5ms]
2024-10-14 15:45:13.863 [warning] [Git][getBranch] No such branch: main
2024-10-14 15:45:23.033 [info] > git config --get commit.template [21ms]
2024-10-14 15:45:23.033 [info] > git for-each-ref --format=%(refname)%00%(upstream:short)%00%(objectname)%00%(upstream:track)%00%(upstream:remotename)%00%(upstream:remoteref) refs/heads/main refs/remotes/main [1ms]
2024-10-14 15:45:23.033 [warning] [Git][getBranch] No such branch: main
2024-10-14 15:45:23.055 [info] > git status -z -uall [14ms]
2024-10-14 15:45:23.074 [info] > git for-each-ref --format=%(refname)%00%(upstream:short)%00%(objectname)%00%(upstream:track)%00%(upstream:remotename)%00%(upstream:remoteref) refs/heads/main refs/remotes/main [5ms]
2024-10-14 15:45:23.074 [warning] [Git][getBranch] No such branch: main
2024-10-14 15:45:28.090 [info] > git config --get commit.template [8ms]
2024-10-14 15:45:28.091 [info] > git for-each-ref --format=%(refname)%00%(upstream:short)%00%(objectname)%00%(upstream:track)%00%(upstream:remotename)%00%(upstream:remoteref) refs/heads/main refs/remotes/main [2ms]
2024-10-14 15:45:28.091 [warning] [Git][getBranch] No such branch: main
2024-10-14 15:45:28.100 [info] > git status -z -uall [5ms]
2024-10-14 15:45:28.107 [info] > git for-each-ref --format=%(refname)%00%(upstream:short)%00%(objectname)%00%(upstream:track)%00%(upstream:remotename)%00%(upstream:remoteref) refs/heads/main refs/remotes/main [3ms]
2024-10-14 15:45:28.107 [warning] [Git][getBranch] No such branch: main
2024-10-14 15:45:53.404 [info] > git config --get commit.template [3ms]
2024-10-14 15:45:53.421 [info] > git for-each-ref --format=%(refname)%00%(upstream:short)%00%(objectname)%00%(upstream:track)%00%(upstream:remotename)%00%(upstream:remoteref) refs/heads/main refs/remotes/main [1ms]
2024-10-14 15:45:53.421 [warning] [Git][getBranch] No such branch: main
2024-10-14 15:45:53.434 [info] > git status -z -uall [5ms]
2024-10-14 15:45:53.443 [info] > git for-each-ref --format=%(refname)%00%(upstream:short)%00%(objectname)%00%(upstream:track)%00%(upstream:remotename)%00%(upstream:remoteref) refs/heads/main refs/remotes/main [3ms]
2024-10-14 15:45:53.443 [warning] [Git][getBranch] No such branch: main
2024-10-14 15:45:58.469 [info] > git config --get commit.template [16ms]
2024-10-14 15:45:58.470 [info] > git for-each-ref --format=%(refname)%00%(upstream:short)%00%(objectname)%00%(upstream:track)%00%(upstream:remotename)%00%(upstream:remoteref) refs/heads/main refs/remotes/main [5ms]
2024-10-14 15:45:58.471 [warning] [Git][getBranch] No such branch: main
2024-10-14 15:45:58.484 [info] > git status -z -uall [4ms]
2024-10-14 15:45:58.501 [info] > git for-each-ref --format=%(refname)%00%(upstream:short)%00%(objectname)%00%(upstream:track)%00%(upstream:remotename)%00%(upstream:remoteref) refs/heads/main refs/remotes/main [7ms]
2024-10-14 15:45:58.501 [warning] [Git][getBranch] No such branch: main
2024-10-14 15:46:07.074 [info] > git config --get commit.template [4ms]
2024-10-14 15:46:07.075 [info] > git for-each-ref --format=%(refname)%00%(upstream:short)%00%(objectname)%00%(upstream:track)%00%(upstream:remotename)%00%(upstream:remoteref) refs/heads/main refs/remotes/main [1ms]
2024-10-14 15:46:07.075 [warning] [Git][getBranch] No such branch: main
2024-10-14 15:46:07.080 [info] > git status -z -uall [1ms]
2024-10-14 15:46:07.086 [info] > git for-each-ref --format=%(refname)%00%(upstream:short)%00%(objectname)%00%(upstream:track)%00%(upstream:remotename)%00%(upstream:remoteref) refs/heads/main refs/remotes/main [3ms]
2024-10-14 15:46:07.086 [warning] [Git][getBranch] No such branch: main
2024-10-14 15:46:13.357 [info] > git config --get commit.template [13ms]
2024-10-14 15:46:13.369 [info] > git for-each-ref --format=%(refname)%00%(upstream:short)%00%(objectname)%00%(upstream:track)%00%(upstream:remotename)%00%(upstream:remoteref) refs/heads/main refs/remotes/main [13ms]
2024-10-14 15:46:13.369 [warning] [Git][getBranch] No such branch: main
2024-10-14 15:46:13.392 [info] > git status -z -uall [10ms]
2024-10-14 15:46:13.404 [info] > git for-each-ref --format=%(refname)%00%(upstream:short)%00%(objectname)%00%(upstream:track)%00%(upstream:remotename)%00%(upstream:remoteref) refs/heads/main refs/remotes/main [2ms]
2024-10-14 15:46:13.404 [warning] [Git][getBranch] No such branch: main
2024-10-14 15:46:18.430 [info] > git config --get commit.template [11ms]
2024-10-14 15:46:18.436 [info] > git for-each-ref --format=%(refname)%00%(upstream:short)%00%(objectname)%00%(upstream:track)%00%(upstream:remotename)%00%(upstream:remoteref) refs/heads/main refs/remotes/main [8ms]
2024-10-14 15:46:18.436 [warning] [Git][getBranch] No such branch: main
2024-10-14 15:46:18.447 [info] > git status -z -uall [3ms]
2024-10-14 15:46:18.461 [info] > git for-each-ref --format=%(refname)%00%(upstream:short)%00%(objectname)%00%(upstream:track)%00%(upstream:remotename)%00%(upstream:remoteref) refs/heads/main refs/remotes/main [5ms]
2024-10-14 15:46:18.461 [warning] [Git][getBranch] No such branch: main
2024-10-14 15:47:17.919 [info] > git config --get commit.template [11ms]
2024-10-14 15:47:17.922 [info] > git for-each-ref --format=%(refname)%00%(upstream:short)%00%(objectname)%00%(upstream:track)%00%(upstream:remotename)%00%(upstream:remoteref) refs/heads/main refs/remotes/main [3ms]
2024-10-14 15:47:17.922 [warning] [Git][getBranch] No such branch: main
2024-10-14 15:47:17.934 [info] > git status -z -uall [4ms]
2024-10-14 15:47:17.952 [info] > git for-each-ref --format=%(refname)%00%(upstream:short)%00%(objectname)%00%(upstream:track)%00%(upstream:remotename)%00%(upstream:remoteref) refs/heads/main refs/remotes/main [7ms]
2024-10-14 15:47:17.952 [warning] [Git][getBranch] No such branch: main
2024-10-14 15:47:22.959 [info] > git config --get commit.template [4ms]
2024-10-14 15:47:22.960 [info] > git for-each-ref --format=%(refname)%00%(upstream:short)%00%(objectname)%00%(upstream:track)%00%(upstream:remotename)%00%(upstream:remoteref) refs/heads/main refs/remotes/main [2ms]
2024-10-14 15:47:22.960 [warning] [Git][getBranch] No such branch: main
2024-10-14 15:47:22.964 [info] > git status -z -uall [1ms]
2024-10-14 15:47:22.971 [info] > git for-each-ref --format=%(refname)%00%(upstream:short)%00%(objectname)%00%(upstream:track)%00%(upstream:remotename)%00%(upstream:remoteref) refs/heads/main refs/remotes/main [3ms]
2024-10-14 15:47:22.971 [warning] [Git][getBranch] No such branch: main
2024-10-14 15:47:27.991 [info] > git config --get commit.template [6ms]
2024-10-14 15:47:28.018 [info] > git for-each-ref --format=%(refname)%00%(upstream:short)%00%(objectname)%00%(upstream:track)%00%(upstream:remotename)%00%(upstream:remoteref) refs/heads/main refs/remotes/main [4ms]
2024-10-14 15:47:28.018 [warning] [Git][getBranch] No such branch: main
2024-10-14 15:47:28.037 [info] > git status -z -uall [7ms]
2024-10-14 15:47:28.079 [info] > git for-each-ref --format=%(refname)%00%(upstream:short)%00%(objectname)%00%(upstream:track)%00%(upstream:remotename)%00%(upstream:remoteref) refs/heads/main refs/remotes/main [28ms]
2024-10-14 15:47:28.080 [warning] [Git][getBranch] No such branch: main
2024-10-14 15:47:35.454 [info] > git config --get commit.template [7ms]
2024-10-14 15:47:35.456 [info] > git for-each-ref --format=%(refname)%00%(upstream:short)%00%(objectname)%00%(upstream:track)%00%(upstream:remotename)%00%(upstream:remoteref) refs/heads/main refs/remotes/main [4ms]
2024-10-14 15:47:35.456 [warning] [Git][getBranch] No such branch: main
2024-10-14 15:47:35.473 [info] > git status -z -uall [14ms]
2024-10-14 15:47:35.492 [info] > git for-each-ref --format=%(refname)%00%(upstream:short)%00%(objectname)%00%(upstream:track)%00%(upstream:remotename)%00%(upstream:remoteref) refs/heads/main refs/remotes/main [11ms]
2024-10-14 15:47:35.492 [warning] [Git][getBranch] No such branch: main
2024-10-14 15:47:43.203 [info] > git config --get commit.template [9ms]
2024-10-14 15:47:43.205 [info] > git for-each-ref --format=%(refname)%00%(upstream:short)%00%(objectname)%00%(upstream:track)%00%(upstream:remotename)%00%(upstream:remoteref) refs/heads/main refs/remotes/main [3ms]
2024-10-14 15:47:43.205 [warning] [Git][getBranch] No such branch: main
2024-10-14 15:47:43.214 [info] > git status -z -uall [3ms]
2024-10-14 15:47:43.247 [info] > git for-each-ref --format=%(refname)%00%(upstream:short)%00%(objectname)%00%(upstream:track)%00%(upstream:remotename)%00%(upstream:remoteref) refs/heads/main refs/remotes/main [26ms]
2024-10-14 15:47:43.247 [warning] [Git][getBranch] No such branch: main
2024-10-14 15:47:48.248 [info] > git config --get commit.template [11ms]
2024-10-14 15:47:48.251 [info] > git for-each-ref --format=%(refname)%00%(upstream:short)%00%(objectname)%00%(upstream:track)%00%(upstream:remotename)%00%(upstream:remoteref) refs/heads/main refs/remotes/main [5ms]
2024-10-14 15:47:48.251 [warning] [Git][getBranch] No such branch: main
2024-10-14 15:47:48.266 [info] > git status -z -uall [6ms]
2024-10-14 15:47:48.279 [info] > git for-each-ref --format=%(refname)%00%(upstream:short)%00%(objectname)%00%(upstream:track)%00%(upstream:remotename)%00%(upstream:remoteref) refs/heads/main refs/remotes/main [4ms]
2024-10-14 15:47:48.279 [warning] [Git][getBranch] No such branch: main
2024-10-14 15:47:53.306 [info] > git for-each-ref --format=%(refname)%00%(upstream:short)%00%(objectname)%00%(upstream:track)%00%(upstream:remotename)%00%(upstream:remoteref) refs/heads/main refs/remotes/main [1ms]
2024-10-14 15:47:53.307 [warning] [Git][getBranch] No such branch: main
2024-10-14 15:47:53.307 [info] > git config --get commit.template [24ms]
2024-10-14 15:47:53.312 [info] > git status -z -uall [2ms]
2024-10-14 15:47:53.317 [info] > git for-each-ref --format=%(refname)%00%(upstream:short)%00%(objectname)%00%(upstream:track)%00%(upstream:remotename)%00%(upstream:remoteref) refs/heads/main refs/remotes/main [1ms]
2024-10-14 15:47:53.318 [warning] [Git][getBranch] No such branch: main
2024-10-14 15:47:58.346 [info] > git for-each-ref --format=%(refname)%00%(upstream:short)%00%(objectname)%00%(upstream:track)%00%(upstream:remotename)%00%(upstream:remoteref) refs/heads/main refs/remotes/main [6ms]
2024-10-14 15:47:58.346 [warning] [Git][getBranch] No such branch: main
2024-10-14 15:47:58.347 [info] > git config --get commit.template [17ms]
2024-10-14 15:47:58.357 [info] > git status -z -uall [3ms]
2024-10-14 15:47:58.365 [info] > git for-each-ref --format=%(refname)%00%(upstream:short)%00%(objectname)%00%(upstream:track)%00%(upstream:remotename)%00%(upstream:remoteref) refs/heads/main refs/remotes/main [3ms]
2024-10-14 15:47:58.365 [warning] [Git][getBranch] No such branch: main
2024-10-14 15:50:32.908 [info] > git config --get commit.template [2ms]
2024-10-14 15:50:32.916 [info] > git for-each-ref --format=%(refname)%00%(upstream:short)%00%(objectname)%00%(upstream:track)%00%(upstream:remotename)%00%(upstream:remoteref) refs/heads/main refs/remotes/main [1ms]
2024-10-14 15:50:32.916 [warning] [Git][getBranch] No such branch: main
2024-10-14 15:50:32.921 [info] > git status -z -uall [1ms]
2024-10-14 15:50:32.932 [info] > git for-each-ref --format=%(refname)%00%(upstream:short)%00%(objectname)%00%(upstream:track)%00%(upstream:remotename)%00%(upstream:remoteref) refs/heads/main refs/remotes/main [3ms]
2024-10-14 15:50:32.933 [warning] [Git][getBranch] No such branch: main
2024-10-14 15:50:33.945 [info] > git config --get commit.template [5ms]
2024-10-14 15:50:33.946 [info] > git for-each-ref --format=%(refname)%00%(upstream:short)%00%(objectname)%00%(upstream:track)%00%(upstream:remotename)%00%(upstream:remoteref) refs/heads/main refs/remotes/main [2ms]
2024-10-14 15:50:33.946 [warning] [Git][getBranch] No such branch: main
2024-10-14 15:50:33.951 [info] > git status -z -uall [2ms]
2024-10-14 15:50:33.959 [info] > git for-each-ref --format=%(refname)%00%(upstream:short)%00%(objectname)%00%(upstream:track)%00%(upstream:remotename)%00%(upstream:remoteref) refs/heads/main refs/remotes/main [4ms]
2024-10-14 15:50:33.959 [warning] [Git][getBranch] No such branch: main
2024-10-14 15:50:34.054 [info] > git ls-files --stage -- /home/pro/Escritorio/libro/ejercicio-git-libro/README.md [3ms]
2024-10-14 15:50:34.068 [info] > git cat-file -s 8acb6beea96a9352d56b7ba75052e6f5420735e3 [2ms]
2024-10-14 15:50:34.089 [info] > git show --textconv :README.md [5ms]
2024-10-14 15:51:13.784 [info] > git config --get commit.template [11ms]
2024-10-14 15:51:13.789 [info] > git for-each-ref --format=%(refname)%00%(upstream:short)%00%(objectname)%00%(upstream:track)%00%(upstream:remotename)%00%(upstream:remoteref) refs/heads/main refs/remotes/main [6ms]
2024-10-14 15:51:13.789 [warning] [Git][getBranch] No such branch: main
2024-10-14 15:51:13.805 [info] > git status -z -uall [7ms]
2024-10-14 15:51:13.823 [info] > git for-each-ref --format=%(refname)%00%(upstream:short)%00%(objectname)%00%(upstream:track)%00%(upstream:remotename)%00%(upstream:remoteref) refs/heads/main refs/remotes/main [7ms]
2024-10-14 15:51:13.823 [warning] [Git][getBranch] No such branch: main
2024-10-14 15:51:18.841 [info] > git config --get commit.template [11ms]
2024-10-14 15:51:18.846 [info] > git for-each-ref --format=%(refname)%00%(upstream:short)%00%(objectname)%00%(upstream:track)%00%(upstream:remotename)%00%(upstream:remoteref) refs/heads/main refs/remotes/main [6ms]
2024-10-14 15:51:18.846 [warning] [Git][getBranch] No such branch: main
2024-10-14 15:51:18.857 [info] > git status -z -uall [3ms]
2024-10-14 15:51:18.870 [info] > git for-each-ref --format=%(refname)%00%(upstream:short)%00%(objectname)%00%(upstream:track)%00%(upstream:remotename)%00%(upstream:remoteref) refs/heads/main refs/remotes/main [5ms]
2024-10-14 15:51:18.870 [warning] [Git][getBranch] No such branch: main
2024-10-14 15:51:23.888 [info] > git config --get commit.template [4ms]
2024-10-14 15:51:23.901 [info] > git for-each-ref --format=%(refname)%00%(upstream:short)%00%(objectname)%00%(upstream:track)%00%(upstream:remotename)%00%(upstream:remoteref) refs/heads/main refs/remotes/main [4ms]
2024-10-14 15:51:23.902 [warning] [Git][getBranch] No such branch: main
2024-10-14 15:51:23.915 [info] > git status -z -uall [3ms]
2024-10-14 15:51:23.934 [info] > git for-each-ref --format=%(refname)%00%(upstream:short)%00%(objectname)%00%(upstream:track)%00%(upstream:remotename)%00%(upstream:remoteref) refs/heads/main refs/remotes/main [9ms]
2024-10-14 15:51:23.934 [warning] [Git][getBranch] No such branch: main
2024-10-14 15:51:28.942 [info] > git for-each-ref --format=%(refname)%00%(upstream:short)%00%(objectname)%00%(upstream:track)%00%(upstream:remotename)%00%(upstream:remoteref) refs/heads/main refs/remotes/main [1ms]
2024-10-14 15:51:28.942 [warning] [Git][getBranch] No such branch: main
2024-10-14 15:51:28.942 [info] > git config --get commit.template [8ms]
2024-10-14 15:51:28.947 [info] > git status -z -uall [2ms]
2024-10-14 15:51:28.954 [info] > git for-each-ref --format=%(refname)%00%(upstream:short)%00%(objectname)%00%(upstream:track)%00%(upstream:remotename)%00%(upstream:remoteref) refs/heads/main refs/remotes/main [3ms]
2024-10-14 15:51:28.954 [warning] [Git][getBranch] No such branch: main
2024-10-14 15:51:33.982 [info] > git config --get commit.template [14ms]
2024-10-14 15:51:33.987 [info] > git for-each-ref --format=%(refname)%00%(upstream:short)%00%(objectname)%00%(upstream:track)%00%(upstream:remotename)%00%(upstream:remoteref) refs/heads/main refs/remotes/main [6ms]
2024-10-14 15:51:33.987 [warning] [Git][getBranch] No such branch: main
2024-10-14 15:51:33.997 [info] > git status -z -uall [3ms]
2024-10-14 15:51:34.006 [info] > git for-each-ref --format=%(refname)%00%(upstream:short)%00%(objectname)%00%(upstream:track)%00%(upstream:remotename)%00%(upstream:remoteref) refs/heads/main refs/remotes/main [3ms]
2024-10-14 15:51:34.006 [warning] [Git][getBranch] No such branch: main
2024-10-14 15:51:39.020 [info] > git config --get commit.template [6ms]
2024-10-14 15:51:39.021 [info] > git for-each-ref --format=%(refname)%00%(upstream:short)%00%(objectname)%00%(upstream:track)%00%(upstream:remotename)%00%(upstream:remoteref) refs/heads/main refs/remotes/main [2ms]
2024-10-14 15:51:39.021 [warning] [Git][getBranch] No such branch: main
2024-10-14 15:51:39.027 [info] > git status -z -uall [2ms]
2024-10-14 15:51:39.037 [info] > git for-each-ref --format=%(refname)%00%(upstream:short)%00%(objectname)%00%(upstream:track)%00%(upstream:remotename)%00%(upstream:remoteref) refs/heads/main refs/remotes/main [4ms]
2024-10-14 15:51:39.037 [warning] [Git][getBranch] No such branch: main
2024-10-14 15:51:44.052 [info] > git config --get commit.template [9ms]
2024-10-14 15:51:44.055 [info] > git for-each-ref --format=%(refname)%00%(upstream:short)%00%(objectname)%00%(upstream:track)%00%(upstream:remotename)%00%(upstream:remoteref) refs/heads/main refs/remotes/main [3ms]
2024-10-14 15:51:44.056 [warning] [Git][getBranch] No such branch: main
2024-10-14 15:51:44.062 [info] > git status -z -uall [2ms]
2024-10-14 15:51:44.069 [info] > git for-each-ref --format=%(refname)%00%(upstream:short)%00%(objectname)%00%(upstream:track)%00%(upstream:remotename)%00%(upstream:remoteref) refs/heads/main refs/remotes/main [3ms]
2024-10-14 15:51:44.069 [warning] [Git][getBranch] No such branch: main
2024-10-14 15:51:49.333 [info] > git config --get commit.template [12ms]
2024-10-14 15:51:49.339 [info] > git check-ignore -v -z --stdin [7ms]
2024-10-14 15:51:49.342 [info] > git for-each-ref --format=%(refname)%00%(upstream:short)%00%(objectname)%00%(upstream:track)%00%(upstream:remotename)%00%(upstream:remoteref) refs/heads/main refs/remotes/main [4ms]
2024-10-14 15:51:49.342 [warning] [Git][getBranch] No such branch: main
2024-10-14 15:51:49.348 [info] > git status -z -uall [2ms]
2024-10-14 15:51:49.356 [info] > git for-each-ref --format=%(refname)%00%(upstream:short)%00%(objectname)%00%(upstream:track)%00%(upstream:remotename)%00%(upstream:remoteref) refs/heads/main refs/remotes/main [4ms]
2024-10-14 15:51:49.356 [warning] [Git][getBranch] No such branch: main
2024-10-14 15:52:04.092 [info] > git config --get commit.template [5ms]
2024-10-14 15:52:04.105 [info] > git for-each-ref --format=%(refname)%00%(upstream:short)%00%(objectname)%00%(upstream:track)%00%(upstream:remotename)%00%(upstream:remoteref) refs/heads/main refs/remotes/main [4ms]
2024-10-14 15:52:04.105 [warning] [Git][getBranch] No such branch: main
2024-10-14 15:52:04.118 [info] > git status -z -uall [4ms]
2024-10-14 15:52:04.137 [info] > git for-each-ref --format=%(refname)%00%(upstream:short)%00%(objectname)%00%(upstream:track)%00%(upstream:remotename)%00%(upstream:remoteref) refs/heads/main refs/remotes/main [6ms]
2024-10-14 15:52:04.138 [warning] [Git][getBranch] No such branch: main
2024-10-14 15:52:32.624 [info] > git config --get commit.template [6ms]
2024-10-14 15:52:32.625 [info] > git for-each-ref --format=%(refname)%00%(upstream:short)%00%(objectname)%00%(upstream:track)%00%(upstream:remotename)%00%(upstream:remoteref) refs/heads/main refs/remotes/main [2ms]
2024-10-14 15:52:32.625 [warning] [Git][getBranch] No such branch: main
2024-10-14 15:52:32.632 [info] > git status -z -uall [2ms]
2024-10-14 15:52:32.641 [info] > git for-each-ref --format=%(refname)%00%(upstream:short)%00%(objectname)%00%(upstream:track)%00%(upstream:remotename)%00%(upstream:remoteref) refs/heads/main refs/remotes/main [3ms]
2024-10-14 15:52:32.642 [warning] [Git][getBranch] No such branch: main
2024-10-14 15:52:32.653 [info] > git check-ignore -v -z --stdin [2ms]
2024-10-14 15:52:44.124 [info] > git config --get commit.template [11ms]
2024-10-14 15:52:44.127 [info] > git for-each-ref --format=%(refname)%00%(upstream:short)%00%(objectname)%00%(upstream:track)%00%(upstream:remotename)%00%(upstream:remoteref) refs/heads/main refs/remotes/main [4ms]
2024-10-14 15:52:44.127 [warning] [Git][getBranch] No such branch: main
2024-10-14 15:52:44.140 [info] > git status -z -uall [4ms]
2024-10-14 15:52:44.161 [info] > git for-each-ref --format=%(refname)%00%(upstream:short)%00%(objectname)%00%(upstream:track)%00%(upstream:remotename)%00%(upstream:remoteref) refs/heads/main refs/remotes/main [9ms]
2024-10-14 15:52:44.161 [warning] [Git][getBranch] No such branch: main
2024-10-14 15:52:49.172 [info] > git config --get commit.template [5ms]
2024-10-14 15:52:49.173 [info] > git for-each-ref --format=%(refname)%00%(upstream:short)%00%(objectname)%00%(upstream:track)%00%(upstream:remotename)%00%(upstream:remoteref) refs/heads/main refs/remotes/main [2ms]
2024-10-14 15:52:49.173 [warning] [Git][getBranch] No such branch: main
2024-10-14 15:52:49.178 [info] > git status -z -uall [2ms]
2024-10-14 15:52:49.184 [info] > git for-each-ref --format=%(refname)%00%(upstream:short)%00%(objectname)%00%(upstream:track)%00%(upstream:remotename)%00%(upstream:remoteref) refs/heads/main refs/remotes/main [3ms]
2024-10-14 15:52:49.184 [warning] [Git][getBranch] No such branch: main
2024-10-14 15:53:33.145 [info] > git config --get commit.template [4ms]
2024-10-14 15:53:33.146 [info] > git for-each-ref --format=%(refname)%00%(upstream:short)%00%(objectname)%00%(upstream:track)%00%(upstream:remotename)%00%(upstream:remoteref) refs/heads/main refs/remotes/main [2ms]
2024-10-14 15:53:33.146 [warning] [Git][getBranch] No such branch: main
2024-10-14 15:53:33.150 [info] > git status -z -uall [1ms]
2024-10-14 15:53:33.156 [info] > git for-each-ref --format=%(refname)%00%(upstream:short)%00%(objectname)%00%(upstream:track)%00%(upstream:remotename)%00%(upstream:remoteref) refs/heads/main refs/remotes/main [2ms]
2024-10-14 15:53:33.156 [warning] [Git][getBranch] No such branch: main
2024-10-14 15:53:38.352 [info] > git config --get commit.template [25ms]
2024-10-14 15:53:38.365 [info] > git for-each-ref --format=%(refname)%00%(upstream:short)%00%(objectname)%00%(upstream:track)%00%(upstream:remotename)%00%(upstream:remoteref) refs/heads/main refs/remotes/main [13ms]
2024-10-14 15:53:38.366 [warning] [Git][getBranch] No such branch: main
2024-10-14 15:53:38.388 [info] > git status -z -uall [8ms]
2024-10-14 15:53:38.405 [info] > git for-each-ref --format=%(refname)%00%(upstream:short)%00%(objectname)%00%(upstream:track)%00%(upstream:remotename)%00%(upstream:remoteref) refs/heads/main refs/remotes/main [10ms]
2024-10-14 15:53:38.406 [warning] [Git][getBranch] No such branch: main
2024-10-14 15:53:43.421 [info] > git config --get commit.template [11ms]
2024-10-14 15:53:43.426 [info] > git for-each-ref --format=%(refname)%00%(upstream:short)%00%(objectname)%00%(upstream:track)%00%(upstream:remotename)%00%(upstream:remoteref) refs/heads/main refs/remotes/main [6ms]
2024-10-14 15:53:43.426 [warning] [Git][getBranch] No such branch: main
2024-10-14 15:53:43.436 [info] > git status -z -uall [3ms]
2024-10-14 15:53:43.451 [info] > git for-each-ref --format=%(refname)%00%(upstream:short)%00%(objectname)%00%(upstream:track)%00%(upstream:remotename)%00%(upstream:remoteref) refs/heads/main refs/remotes/main [7ms]
2024-10-14 15:53:43.451 [warning] [Git][getBranch] No such branch: main
2024-10-14 15:54:00.368 [info] > git config --get commit.template [13ms]
2024-10-14 15:54:00.372 [info] > git for-each-ref --format=%(refname)%00%(upstream:short)%00%(objectname)%00%(upstream:track)%00%(upstream:remotename)%00%(upstream:remoteref) refs/heads/main refs/remotes/main [6ms]
2024-10-14 15:54:00.372 [warning] [Git][getBranch] No such branch: main
2024-10-14 15:54:00.385 [info] > git status -z -uall [4ms]
2024-10-14 15:54:00.405 [info] > git for-each-ref --format=%(refname)%00%(upstream:short)%00%(objectname)%00%(upstream:track)%00%(upstream:remotename)%00%(upstream:remoteref) refs/heads/main refs/remotes/main [8ms]
2024-10-14 15:54:00.405 [warning] [Git][getBranch] No such branch: main
2024-10-14 15:54:07.422 [info] > git config --get commit.template [11ms]
2024-10-14 15:54:07.426 [info] > git for-each-ref --format=%(refname)%00%(upstream:short)%00%(objectname)%00%(upstream:track)%00%(upstream:remotename)%00%(upstream:remoteref) refs/heads/main refs/remotes/main [6ms]
2024-10-14 15:54:07.426 [warning] [Git][getBranch] No such branch: main
2024-10-14 15:54:07.437 [info] > git status -z -uall [3ms]
2024-10-14 15:54:07.451 [info] > git for-each-ref --format=%(refname)%00%(upstream:short)%00%(objectname)%00%(upstream:track)%00%(upstream:remotename)%00%(upstream:remoteref) refs/heads/main refs/remotes/main [6ms]
2024-10-14 15:54:07.451 [warning] [Git][getBranch] No such branch: main
2024-10-14 15:54:12.468 [info] > git config --get commit.template [13ms]
2024-10-14 15:54:12.484 [info] > git for-each-ref --format=%(refname)%00%(upstream:short)%00%(objectname)%00%(upstream:track)%00%(upstream:remotename)%00%(upstream:remoteref) refs/heads/main refs/remotes/main [18ms]
2024-10-14 15:54:12.484 [warning] [Git][getBranch] No such branch: main
2024-10-14 15:54:12.508 [info] > git status -z -uall [10ms]
2024-10-14 15:54:12.537 [info] > git for-each-ref --format=%(refname)%00%(upstream:short)%00%(objectname)%00%(upstream:track)%00%(upstream:remotename)%00%(upstream:remoteref) refs/heads/main refs/remotes/main [13ms]
2024-10-14 15:54:12.537 [warning] [Git][getBranch] No such branch: main
2024-10-14 15:54:17.563 [info] > git config --get commit.template [10ms]
2024-10-14 15:54:17.565 [info] > git for-each-ref --format=%(refname)%00%(upstream:short)%00%(objectname)%00%(upstream:track)%00%(upstream:remotename)%00%(upstream:remoteref) refs/heads/main refs/remotes/main [3ms]
2024-10-14 15:54:17.565 [warning] [Git][getBranch] No such branch: main
2024-10-14 15:54:17.571 [info] > git status -z -uall [2ms]
2024-10-14 15:54:17.578 [info] > git for-each-ref --format=%(refname)%00%(upstream:short)%00%(objectname)%00%(upstream:track)%00%(upstream:remotename)%00%(upstream:remoteref) refs/heads/main refs/remotes/main [3ms]
2024-10-14 15:54:17.578 [warning] [Git][getBranch] No such branch: main
2024-10-14 15:54:22.588 [info] > git config --get commit.template [4ms]
2024-10-14 15:54:22.589 [info] > git for-each-ref --format=%(refname)%00%(upstream:short)%00%(objectname)%00%(upstream:track)%00%(upstream:remotename)%00%(upstream:remoteref) refs/heads/main refs/remotes/main [1ms]
2024-10-14 15:54:22.589 [warning] [Git][getBranch] No such branch: main
2024-10-14 15:54:22.593 [info] > git status -z -uall [1ms]
2024-10-14 15:54:22.599 [info] > git for-each-ref --format=%(refname)%00%(upstream:short)%00%(objectname)%00%(upstream:track)%00%(upstream:remotename)%00%(upstream:remoteref) refs/heads/main refs/remotes/main [2ms]
2024-10-14 15:54:22.600 [warning] [Git][getBranch] No such branch: main
2024-10-14 15:54:27.611 [info] > git config --get commit.template [7ms]
2024-10-14 15:54:27.615 [info] > git for-each-ref --format=%(refname)%00%(upstream:short)%00%(objectname)%00%(upstream:track)%00%(upstream:remotename)%00%(upstream:remoteref) refs/heads/main refs/remotes/main [5ms]
2024-10-14 15:54:27.615 [warning] [Git][getBranch] No such branch: main
2024-10-14 15:54:27.620 [info] > git status -z -uall [2ms]
2024-10-14 15:54:27.630 [info] > git for-each-ref --format=%(refname)%00%(upstream:short)%00%(objectname)%00%(upstream:track)%00%(upstream:remotename)%00%(upstream:remoteref) refs/heads/main refs/remotes/main [2ms]
2024-10-14 15:54:27.630 [warning] [Git][getBranch] No such branch: main
2024-10-14 15:54:32.655 [info] > git config --get commit.template [12ms]
2024-10-14 15:54:32.657 [info] > git for-each-ref --format=%(refname)%00%(upstream:short)%00%(objectname)%00%(upstream:track)%00%(upstream:remotename)%00%(upstream:remoteref) refs/heads/main refs/remotes/main [4ms]
2024-10-14 15:54:32.657 [warning] [Git][getBranch] No such branch: main
2024-10-14 15:54:32.670 [info] > git status -z -uall [4ms]
2024-10-14 15:54:32.688 [info] > git for-each-ref --format=%(refname)%00%(upstream:short)%00%(objectname)%00%(upstream:track)%00%(upstream:remotename)%00%(upstream:remoteref) refs/heads/main refs/remotes/main [8ms]
2024-10-14 15:54:32.688 [warning] [Git][getBranch] No such branch: main
2024-10-14 15:54:58.968 [info] > git config --get commit.template [5ms]
2024-10-14 15:54:58.969 [info] > git for-each-ref --format=%(refname)%00%(upstream:short)%00%(objectname)%00%(upstream:track)%00%(upstream:remotename)%00%(upstream:remoteref) refs/heads/main refs/remotes/main [1ms]
2024-10-14 15:54:58.969 [warning] [Git][getBranch] No such branch: main
2024-10-14 15:54:58.976 [info] > git status -z -uall [3ms]
2024-10-14 15:54:58.986 [info] > git for-each-ref --format=%(refname)%00%(upstream:short)%00%(objectname)%00%(upstream:track)%00%(upstream:remotename)%00%(upstream:remoteref) refs/heads/main refs/remotes/main [4ms]
2024-10-14 15:54:58.986 [warning] [Git][getBranch] No such branch: main
2024-10-14 15:56:03.971 [info] > git config --get commit.template [4ms]
2024-10-14 15:56:03.983 [info] > git for-each-ref --format=%(refname)%00%(upstream:short)%00%(objectname)%00%(upstream:track)%00%(upstream:remotename)%00%(upstream:remoteref) refs/heads/main refs/remotes/main [3ms]
2024-10-14 15:56:03.983 [warning] [Git][getBranch] No such branch: main
2024-10-14 15:56:03.990 [info] > git status -z -uall [2ms]
2024-10-14 15:56:03.999 [info] > git for-each-ref --format=%(refname)%00%(upstream:short)%00%(objectname)%00%(upstream:track)%00%(upstream:remotename)%00%(upstream:remoteref) refs/heads/main refs/remotes/main [2ms]
2024-10-14 15:56:03.999 [warning] [Git][getBranch] No such branch: main
2024-10-14 15:56:09.022 [info] > git config --get commit.template [11ms]
2024-10-14 15:56:09.024 [info] > git for-each-ref --format=%(refname)%00%(upstream:short)%00%(objectname)%00%(upstream:track)%00%(upstream:remotename)%00%(upstream:remoteref) refs/heads/main refs/remotes/main [4ms]
2024-10-14 15:56:09.024 [warning] [Git][getBranch] No such branch: main
2024-10-14 15:56:09.035 [info] > git status -z -uall [1ms]
2024-10-14 15:56:09.042 [info] > git for-each-ref --format=%(refname)%00%(upstream:short)%00%(objectname)%00%(upstream:track)%00%(upstream:remotename)%00%(upstream:remoteref) refs/heads/main refs/remotes/main [3ms]
2024-10-14 15:56:09.042 [warning] [Git][getBranch] No such branch: main
2024-10-14 15:56:54.570 [info] > git config --get commit.template [12ms]
2024-10-14 15:56:54.573 [info] > git for-each-ref --format=%(refname)%00%(upstream:short)%00%(objectname)%00%(upstream:track)%00%(upstream:remotename)%00%(upstream:remoteref) refs/heads/main refs/remotes/main [5ms]
2024-10-14 15:56:54.573 [warning] [Git][getBranch] No such branch: main
2024-10-14 15:56:54.584 [info] > git status -z -uall [3ms]
2024-10-14 15:56:54.592 [info] > git for-each-ref --format=%(refname)%00%(upstream:short)%00%(objectname)%00%(upstream:track)%00%(upstream:remotename)%00%(upstream:remoteref) refs/heads/main refs/remotes/main [3ms]
2024-10-14 15:56:54.592 [warning] [Git][getBranch] No such branch: main
2024-10-14 15:56:59.603 [info] > git config --get commit.template [4ms]
2024-10-14 15:56:59.603 [info] > git for-each-ref --format=%(refname)%00%(upstream:short)%00%(objectname)%00%(upstream:track)%00%(upstream:remotename)%00%(upstream:remoteref) refs/heads/main refs/remotes/main [1ms]
2024-10-14 15:56:59.603 [warning] [Git][getBranch] No such branch: main
2024-10-14 15:56:59.608 [info] > git status -z -uall [2ms]
2024-10-14 15:56:59.617 [info] > git for-each-ref --format=%(refname)%00%(upstream:short)%00%(objectname)%00%(upstream:track)%00%(upstream:remotename)%00%(upstream:remoteref) refs/heads/main refs/remotes/main [5ms]
2024-10-14 15:56:59.617 [warning] [Git][getBranch] No such branch: main
2024-10-14 15:57:57.090 [info] > git config --get commit.template [6ms]
2024-10-14 15:57:57.091 [info] > git for-each-ref --format=%(refname)%00%(upstream:short)%00%(objectname)%00%(upstream:track)%00%(upstream:remotename)%00%(upstream:remoteref) refs/heads/main refs/remotes/main [2ms]
2024-10-14 15:57:57.091 [warning] [Git][getBranch] No such branch: main
2024-10-14 15:57:57.097 [info] > git status -z -uall [2ms]
2024-10-14 15:57:57.105 [info] > git for-each-ref --format=%(refname)%00%(upstream:short)%00%(objectname)%00%(upstream:track)%00%(upstream:remotename)%00%(upstream:remoteref) refs/heads/main refs/remotes/main [3ms]
2024-10-14 15:57:57.105 [warning] [Git][getBranch] No such branch: main
2024-10-14 15:58:05.269 [info] > git config --get commit.template [4ms]
2024-10-14 15:58:05.271 [info] > git for-each-ref --format=%(refname)%00%(upstream:short)%00%(objectname)%00%(upstream:track)%00%(upstream:remotename)%00%(upstream:remoteref) refs/heads/main refs/remotes/main [2ms]
2024-10-14 15:58:05.271 [warning] [Git][getBranch] No such branch: main
2024-10-14 15:58:05.276 [info] > git status -z -uall [1ms]
2024-10-14 15:58:05.284 [info] > git for-each-ref --format=%(refname)%00%(upstream:short)%00%(objectname)%00%(upstream:track)%00%(upstream:remotename)%00%(upstream:remoteref) refs/heads/main refs/remotes/main [3ms]
2024-10-14 15:58:05.284 [warning] [Git][getBranch] No such branch: main
2024-10-14 15:58:16.262 [info] > git config --get commit.template [24ms]
2024-10-14 15:58:16.264 [info] > git for-each-ref --format=%(refname)%00%(upstream:short)%00%(objectname)%00%(upstream:track)%00%(upstream:remotename)%00%(upstream:remoteref) refs/heads/main refs/remotes/main [3ms]
2024-10-14 15:58:16.264 [warning] [Git][getBranch] No such branch: main
2024-10-14 15:58:16.270 [info] > git status -z -uall [3ms]
2024-10-14 15:58:16.287 [info] > git for-each-ref --format=%(refname)%00%(upstream:short)%00%(objectname)%00%(upstream:track)%00%(upstream:remotename)%00%(upstream:remoteref) refs/heads/main refs/remotes/main [13ms]
2024-10-14 15:58:16.287 [warning] [Git][getBranch] No such branch: main
2024-10-14 15:58:21.288 [info] > git config --get commit.template [5ms]
2024-10-14 15:58:21.289 [info] > git for-each-ref --format=%(refname)%00%(upstream:short)%00%(objectname)%00%(upstream:track)%00%(upstream:remotename)%00%(upstream:remoteref) refs/heads/main refs/remotes/main [2ms]
2024-10-14 15:58:21.289 [warning] [Git][getBranch] No such branch: main
2024-10-14 15:58:21.295 [info] > git status -z -uall [2ms]
2024-10-14 15:58:21.305 [info] > git for-each-ref --format=%(refname)%00%(upstream:short)%00%(objectname)%00%(upstream:track)%00%(upstream:remotename)%00%(upstream:remoteref) refs/heads/main refs/remotes/main [5ms]
2024-10-14 15:58:21.305 [warning] [Git][getBranch] No such branch: main
2024-10-14 15:58:26.325 [info] > git config --get commit.template [11ms]
2024-10-14 15:58:26.329 [info] > git for-each-ref --format=%(refname)%00%(upstream:short)%00%(objectname)%00%(upstream:track)%00%(upstream:remotename)%00%(upstream:remoteref) refs/heads/main refs/remotes/main [6ms]
2024-10-14 15:58:26.330 [warning] [Git][getBranch] No such branch: main
2024-10-14 15:58:26.338 [info] > git status -z -uall [2ms]
2024-10-14 15:58:26.347 [info] > git for-each-ref --format=%(refname)%00%(upstream:short)%00%(objectname)%00%(upstream:track)%00%(upstream:remotename)%00%(upstream:remoteref) refs/heads/main refs/remotes/main [3ms]
2024-10-14 15:58:26.347 [warning] [Git][getBranch] No such branch: main
2024-10-14 15:58:54.819 [info] > git config --get commit.template [11ms]
2024-10-14 15:58:54.825 [info] > git for-each-ref --format=%(refname)%00%(upstream:short)%00%(objectname)%00%(upstream:track)%00%(upstream:remotename)%00%(upstream:remoteref) refs/heads/main refs/remotes/main [6ms]
2024-10-14 15:58:54.825 [warning] [Git][getBranch] No such branch: main
2024-10-14 15:58:54.831 [info] > git status -z -uall [1ms]
2024-10-14 15:58:54.840 [info] > git for-each-ref --format=%(refname)%00%(upstream:short)%00%(objectname)%00%(upstream:track)%00%(upstream:remotename)%00%(upstream:remoteref) refs/heads/main refs/remotes/main [4ms]
2024-10-14 15:58:54.840 [warning] [Git][getBranch] No such branch: main
2024-10-14 15:58:55.939 [info] > git ls-files --stage -- /home/pro/Escritorio/libro/ejercicio-git-libro/README.md [3ms]
2024-10-14 15:58:55.952 [info] > git cat-file -s a0cd1d433fd6c50e38d881a735a425e59da38e7f [4ms]
2024-10-14 15:58:55.969 [info] > git show --textconv :README.md [5ms]
2024-10-14 16:00:08.229 [info] > git config --get commit.template [4ms]
2024-10-14 16:00:08.240 [info] > git for-each-ref --format=%(refname)%00%(upstream:short)%00%(objectname)%00%(upstream:track)%00%(upstream:remotename)%00%(upstream:remoteref) refs/heads/main refs/remotes/main [3ms]
2024-10-14 16:00:08.241 [warning] [Git][getBranch] No such branch: main
2024-10-14 16:00:08.253 [info] > git status -z -uall [4ms]
2024-10-14 16:00:08.268 [info] > git for-each-ref --format=%(refname)%00%(upstream:short)%00%(objectname)%00%(upstream:track)%00%(upstream:remotename)%00%(upstream:remoteref) refs/heads/main refs/remotes/main [6ms]
2024-10-14 16:00:08.268 [warning] [Git][getBranch] No such branch: main
2024-10-14 16:02:22.429 [info] > git config --get commit.template [4ms]
2024-10-14 16:02:22.430 [info] > git for-each-ref --format=%(refname)%00%(upstream:short)%00%(objectname)%00%(upstream:track)%00%(upstream:remotename)%00%(upstream:remoteref) refs/heads/main refs/remotes/main [2ms]
2024-10-14 16:02:22.431 [warning] [Git][getBranch] No such branch: main
2024-10-14 16:02:22.435 [info] > git status -z -uall [1ms]
2024-10-14 16:02:22.441 [info] > git for-each-ref --format=%(refname)%00%(upstream:short)%00%(objectname)%00%(upstream:track)%00%(upstream:remotename)%00%(upstream:remoteref) refs/heads/main refs/remotes/main [2ms]
2024-10-14 16:02:22.441 [warning] [Git][getBranch] No such branch: main
2024-10-14 16:02:27.465 [info] > git config --get commit.template [11ms]
2024-10-14 16:02:27.468 [info] > git for-each-ref --format=%(refname)%00%(upstream:short)%00%(objectname)%00%(upstream:track)%00%(upstream:remotename)%00%(upstream:remoteref) refs/heads/main refs/remotes/main [5ms]
2024-10-14 16:02:27.468 [warning] [Git][getBranch] No such branch: main
2024-10-14 16:02:27.481 [info] > git status -z -uall [4ms]
2024-10-14 16:02:27.499 [info] > git for-each-ref --format=%(refname)%00%(upstream:short)%00%(objectname)%00%(upstream:track)%00%(upstream:remotename)%00%(upstream:remoteref) refs/heads/main refs/remotes/main [7ms]
2024-10-14 16:02:27.499 [warning] [Git][getBranch] No such branch: main
2024-10-14 16:02:32.518 [info] > git config --get commit.template [11ms]
2024-10-14 16:02:32.520 [info] > git for-each-ref --format=%(refname)%00%(upstream:short)%00%(objectname)%00%(upstream:track)%00%(upstream:remotename)%00%(upstream:remoteref) refs/heads/main refs/remotes/main [4ms]
2024-10-14 16:02:32.520 [warning] [Git][getBranch] No such branch: main
2024-10-14 16:02:32.534 [info] > git status -z -uall [2ms]
2024-10-14 16:02:32.551 [info] > git for-each-ref --format=%(refname)%00%(upstream:short)%00%(objectname)%00%(upstream:track)%00%(upstream:remotename)%00%(upstream:remoteref) refs/heads/main refs/remotes/main [7ms]
2024-10-14 16:02:32.551 [warning] [Git][getBranch] No such branch: main
2024-10-14 16:02:37.556 [info] > git config --get commit.template [4ms]
2024-10-14 16:02:37.557 [info] > git for-each-ref --format=%(refname)%00%(upstream:short)%00%(objectname)%00%(upstream:track)%00%(upstream:remotename)%00%(upstream:remoteref) refs/heads/main refs/remotes/main [1ms]
2024-10-14 16:02:37.557 [warning] [Git][getBranch] No such branch: main
2024-10-14 16:02:37.561 [info] > git status -z -uall [1ms]
2024-10-14 16:02:37.568 [info] > git for-each-ref --format=%(refname)%00%(upstream:short)%00%(objectname)%00%(upstream:track)%00%(upstream:remotename)%00%(upstream:remoteref) refs/heads/main refs/remotes/main [3ms]
2024-10-14 16:02:37.568 [warning] [Git][getBranch] No such branch: main
2024-10-14 16:02:42.574 [info] > git config --get commit.template [4ms]
2024-10-14 16:02:42.575 [info] > git for-each-ref --format=%(refname)%00%(upstream:short)%00%(objectname)%00%(upstream:track)%00%(upstream:remotename)%00%(upstream:remoteref) refs/heads/main refs/remotes/main [1ms]
2024-10-14 16:02:42.575 [warning] [Git][getBranch] No such branch: main
2024-10-14 16:02:42.579 [info] > git status -z -uall [1ms]
2024-10-14 16:02:42.586 [info] > git for-each-ref --format=%(refname)%00%(upstream:short)%00%(objectname)%00%(upstream:track)%00%(upstream:remotename)%00%(upstream:remoteref) refs/heads/main refs/remotes/main [3ms]
2024-10-14 16:02:42.586 [warning] [Git][getBranch] No such branch: main
2024-10-14 16:02:47.609 [info] > git config --get commit.template [11ms]
2024-10-14 16:02:47.612 [info] > git for-each-ref --format=%(refname)%00%(upstream:short)%00%(objectname)%00%(upstream:track)%00%(upstream:remotename)%00%(upstream:remoteref) refs/heads/main refs/remotes/main [4ms]
2024-10-14 16:02:47.612 [warning] [Git][getBranch] No such branch: main
2024-10-14 16:02:47.625 [info] > git status -z -uall [4ms]
2024-10-14 16:02:47.646 [info] > git for-each-ref --format=%(refname)%00%(upstream:short)%00%(objectname)%00%(upstream:track)%00%(upstream:remotename)%00%(upstream:remoteref) refs/heads/main refs/remotes/main [8ms]
2024-10-14 16:02:47.646 [warning] [Git][getBranch] No such branch: main
2024-10-14 16:02:52.849 [info] > git config --get commit.template [12ms]
2024-10-14 16:02:52.851 [info] > git for-each-ref --format=%(refname)%00%(upstream:short)%00%(objectname)%00%(upstream:track)%00%(upstream:remotename)%00%(upstream:remoteref) refs/heads/main refs/remotes/main [3ms]
2024-10-14 16:02:52.851 [warning] [Git][getBranch] No such branch: main
2024-10-14 16:02:52.864 [info] > git status -z -uall [4ms]
2024-10-14 16:02:52.874 [info] > git for-each-ref --format=%(refname)%00%(upstream:short)%00%(objectname)%00%(upstream:track)%00%(upstream:remotename)%00%(upstream:remoteref) refs/heads/main refs/remotes/main [2ms]
2024-10-14 16:02:52.874 [warning] [Git][getBranch] No such branch: main
2024-10-14 16:02:57.888 [info] > git config --get commit.template [4ms]
2024-10-14 16:02:57.889 [info] > git for-each-ref --format=%(refname)%00%(upstream:short)%00%(objectname)%00%(upstream:track)%00%(upstream:remotename)%00%(upstream:remoteref) refs/heads/main refs/remotes/main [1ms]
2024-10-14 16:02:57.889 [warning] [Git][getBranch] No such branch: main
2024-10-14 16:02:57.894 [info] > git status -z -uall [1ms]
2024-10-14 16:02:57.900 [info] > git for-each-ref --format=%(refname)%00%(upstream:short)%00%(objectname)%00%(upstream:track)%00%(upstream:remotename)%00%(upstream:remoteref) refs/heads/main refs/remotes/main [2ms]
2024-10-14 16:02:57.900 [warning] [Git][getBranch] No such branch: main
2024-10-14 16:03:14.835 [info] > git config --get commit.template [11ms]
2024-10-14 16:03:14.838 [info] > git for-each-ref --format=%(refname)%00%(upstream:short)%00%(objectname)%00%(upstream:track)%00%(upstream:remotename)%00%(upstream:remoteref) refs/heads/main refs/remotes/main [4ms]
2024-10-14 16:03:14.838 [warning] [Git][getBranch] No such branch: main
2024-10-14 16:03:14.851 [info] > git status -z -uall [5ms]
2024-10-14 16:03:14.871 [info] > git for-each-ref --format=%(refname)%00%(upstream:short)%00%(objectname)%00%(upstream:track)%00%(upstream:remotename)%00%(upstream:remoteref) refs/heads/main refs/remotes/main [7ms]
2024-10-14 16:03:14.871 [warning] [Git][getBranch] No such branch: main
2024-10-14 16:03:22.399 [info] > git config --get commit.template [6ms]
2024-10-14 16:03:22.400 [info] > git for-each-ref --format=%(refname)%00%(upstream:short)%00%(objectname)%00%(upstream:track)%00%(upstream:remotename)%00%(upstream:remoteref) refs/heads/main refs/remotes/main [2ms]
2024-10-14 16:03:22.400 [warning] [Git][getBranch] No such branch: main
2024-10-14 16:03:22.405 [info] > git status -z -uall [1ms]
2024-10-14 16:03:22.412 [info] > git for-each-ref --format=%(refname)%00%(upstream:short)%00%(objectname)%00%(upstream:track)%00%(upstream:remotename)%00%(upstream:remoteref) refs/heads/main refs/remotes/main [3ms]
2024-10-14 16:03:22.412 [warning] [Git][getBranch] No such branch: main
2024-10-14 16:03:27.423 [info] > git config --get commit.template [7ms]
2024-10-14 16:03:27.423 [info] > git for-each-ref --format=%(refname)%00%(upstream:short)%00%(objectname)%00%(upstream:track)%00%(upstream:remotename)%00%(upstream:remoteref) refs/heads/main refs/remotes/main [1ms]
2024-10-14 16:03:27.424 [warning] [Git][getBranch] No such branch: main
2024-10-14 16:03:27.428 [info] > git status -z -uall [1ms]
2024-10-14 16:03:27.434 [info] > git for-each-ref --format=%(refname)%00%(upstream:short)%00%(objectname)%00%(upstream:track)%00%(upstream:remotename)%00%(upstream:remoteref) refs/heads/main refs/remotes/main [2ms]
2024-10-14 16:03:27.435 [warning] [Git][getBranch] No such branch: main
2024-10-14 16:03:35.222 [info] > git config --get commit.template [10ms]
2024-10-14 16:03:35.224 [info] > git for-each-ref --format=%(refname)%00%(upstream:short)%00%(objectname)%00%(upstream:track)%00%(upstream:remotename)%00%(upstream:remoteref) refs/heads/main refs/remotes/main [2ms]
2024-10-14 16:03:35.228 [warning] [Git][revParse] Unable to read file: ENOENT: no such file or directory, open '/home/pro/Escritorio/libro/ejercicio-git-libro/.git/refs/remotes/origin/main'
2024-10-14 16:03:35.230 [info] > git rev-parse refs/remotes/origin/main [2ms]
2024-10-14 16:03:35.230 [info] fatal: ambiguous argument 'refs/remotes/origin/main': unknown revision or path not in the working tree.
Use '--' to separate paths from revisions, like this:
'git <command> [<revision>...] -- [<file>...]'
2024-10-14 16:03:35.245 [info] > git status -z -uall [10ms]
2024-10-14 16:03:35.256 [info] > git for-each-ref --format=%(refname)%00%(upstream:short)%00%(objectname)%00%(upstream:track)%00%(upstream:remotename)%00%(upstream:remoteref) refs/heads/main refs/remotes/main [6ms]
2024-10-14 16:03:35.261 [info] > git config --local branch.main.vscode-merge-base [1ms]
2024-10-14 16:03:35.262 [warning] [Git][config] git config failed: Failed to execute git
2024-10-14 16:03:35.267 [info] > git reflog main --grep-reflog=branch: Created from *. [2ms]
2024-10-14 16:03:35.274 [info] > git symbolic-ref --short refs/remotes/origin/HEAD [3ms]
2024-10-14 16:03:35.274 [info] fatal: ref refs/remotes/origin/HEAD is not a symbolic ref
2024-10-14 16:03:35.281 [info] > git merge-base refs/heads/main refs/remotes/origin/main [3ms]
2024-10-14 16:03:35.281 [info] fatal: Not a valid object name refs/remotes/origin/main
2024-10-14 16:03:35.281 [info] [GitHistoryProvider][resolveHistoryItemGroupCommonAncestor] Failed to resolve common ancestor for 'refs/heads/main' and 'refs/remotes/origin/main'
2024-10-14 16:03:36.280 [info] > git config --get commit.template [8ms]
2024-10-14 16:03:36.282 [info] > git for-each-ref --format=%(refname)%00%(upstream:short)%00%(objectname)%00%(upstream:track)%00%(upstream:remotename)%00%(upstream:remoteref) refs/heads/main refs/remotes/main [3ms]
2024-10-14 16:03:36.287 [warning] [Git][revParse] Unable to read file: ENOENT: no such file or directory, open '/home/pro/Escritorio/libro/ejercicio-git-libro/.git/refs/remotes/origin/main'
2024-10-14 16:03:36.290 [info] > git rev-parse refs/remotes/origin/main [3ms]
2024-10-14 16:03:36.290 [info] fatal: ambiguous argument 'refs/remotes/origin/main': unknown revision or path not in the working tree.
Use '--' to separate paths from revisions, like this:
'git <command> [<revision>...] -- [<file>...]'
2024-10-14 16:03:36.295 [info] > git status -z -uall [2ms]
2024-10-14 16:03:36.303 [info] > git for-each-ref --format=%(refname)%00%(upstream:short)%00%(objectname)%00%(upstream:track)%00%(upstream:remotename)%00%(upstream:remoteref) refs/heads/main refs/remotes/main [3ms]
2024-10-14 16:03:36.310 [info] > git config --local branch.main.vscode-merge-base [2ms]
2024-10-14 16:03:36.310 [warning] [Git][config] git config failed: Failed to execute git
2024-10-14 16:03:36.316 [info] > git reflog main --grep-reflog=branch: Created from *. [2ms]
2024-10-14 16:03:36.322 [info] > git symbolic-ref --short refs/remotes/origin/HEAD [1ms]
2024-10-14 16:03:36.322 [info] fatal: ref refs/remotes/origin/HEAD is not a symbolic ref
2024-10-14 16:03:36.380 [info] > git ls-files --stage -- /home/pro/Escritorio/libro/ejercicio-git-libro/README.md [7ms]
2024-10-14 16:03:36.391 [info] > git cat-file -s a0cd1d433fd6c50e38d881a735a425e59da38e7f [0ms]
2024-10-14 16:03:36.417 [info] > git show --textconv :README.md [2ms]
2024-10-14 16:03:59.086 [info] > git config --get commit.template [4ms]
2024-10-14 16:03:59.087 [info] > git for-each-ref --format=%(refname)%00%(upstream:short)%00%(objectname)%00%(upstream:track)%00%(upstream:remotename)%00%(upstream:remoteref) refs/heads/main refs/remotes/main [1ms]
2024-10-14 16:03:59.090 [warning] [Git][revParse] Unable to read file: ENOENT: no such file or directory, open '/home/pro/Escritorio/libro/ejercicio-git-libro/.git/refs/remotes/origin/main'
2024-10-14 16:03:59.091 [info] > git rev-parse refs/remotes/origin/main [1ms]
2024-10-14 16:03:59.091 [info] fatal: ambiguous argument 'refs/remotes/origin/main': unknown revision or path not in the working tree.
Use '--' to separate paths from revisions, like this:
'git <command> [<revision>...] -- [<file>...]'
2024-10-14 16:03:59.096 [info] > git status -z -uall [2ms]
2024-10-14 16:03:59.104 [info] > git for-each-ref --format=%(refname)%00%(upstream:short)%00%(objectname)%00%(upstream:track)%00%(upstream:remotename)%00%(upstream:remoteref) refs/heads/main refs/remotes/main [3ms]
2024-10-14 16:03:59.110 [info] > git config --local branch.main.vscode-merge-base [3ms]
2024-10-14 16:03:59.110 [warning] [Git][config] git config failed: Failed to execute git
2024-10-14 16:03:59.115 [info] > git reflog main --grep-reflog=branch: Created from *. [2ms]
2024-10-14 16:03:59.119 [info] > git symbolic-ref --short refs/remotes/origin/HEAD [1ms]
2024-10-14 16:03:59.119 [info] fatal: ref refs/remotes/origin/HEAD is not a symbolic ref
2024-10-14 16:04:06.989 [info] > git config --get commit.template [11ms]
2024-10-14 16:04:06.992 [info] > git for-each-ref --format=%(refname)%00%(upstream:short)%00%(objectname)%00%(upstream:track)%00%(upstream:remotename)%00%(upstream:remoteref) refs/heads/main refs/remotes/main [4ms]
2024-10-14 16:04:07.000 [warning] [Git][revParse] Unable to read file: ENOENT: no such file or directory, open '/home/pro/Escritorio/libro/ejercicio-git-libro/.git/refs/remotes/origin/main'
2024-10-14 16:04:07.004 [info] > git rev-parse refs/remotes/origin/main [4ms]
2024-10-14 16:04:07.004 [info] fatal: ambiguous argument 'refs/remotes/origin/main': unknown revision or path not in the working tree.
Use '--' to separate paths from revisions, like this:
'git <command> [<revision>...] -- [<file>...]'
2024-10-14 16:04:07.018 [info] > git status -z -uall [5ms]
2024-10-14 16:04:07.036 [info] > git for-each-ref --format=%(refname)%00%(upstream:short)%00%(objectname)%00%(upstream:track)%00%(upstream:remotename)%00%(upstream:remoteref) refs/heads/main refs/remotes/main [5ms]
2024-10-14 16:04:07.042 [info] > git config --local branch.main.vscode-merge-base [1ms]
2024-10-14 16:04:07.042 [warning] [Git][config] git config failed: Failed to execute git
2024-10-14 16:04:07.048 [info] > git reflog main --grep-reflog=branch: Created from *. [1ms]
2024-10-14 16:04:07.052 [info] > git symbolic-ref --short refs/remotes/origin/HEAD [1ms]
2024-10-14 16:04:07.052 [info] fatal: ref refs/remotes/origin/HEAD is not a symbolic ref
2024-10-14 16:04:26.310 [info] > git config --get commit.template [5ms]
2024-10-14 16:04:26.311 [info] > git for-each-ref --format=%(refname)%00%(upstream:short)%00%(objectname)%00%(upstream:track)%00%(upstream:remotename)%00%(upstream:remoteref) refs/heads/main refs/remotes/main [2ms]
2024-10-14 16:04:26.314 [warning] [Git][revParse] Unable to read file: ENOENT: no such file or directory, open '/home/pro/Escritorio/libro/ejercicio-git-libro/.git/refs/remotes/origin/main'
2024-10-14 16:04:26.316 [info] > git rev-parse refs/remotes/origin/main [2ms]
2024-10-14 16:04:26.316 [info] fatal: ambiguous argument 'refs/remotes/origin/main': unknown revision or path not in the working tree.
Use '--' to separate paths from revisions, like this:
'git <command> [<revision>...] -- [<file>...]'
2024-10-14 16:04:26.321 [info] > git status -z -uall [2ms]
2024-10-14 16:04:26.330 [info] > git for-each-ref --format=%(refname)%00%(upstream:short)%00%(objectname)%00%(upstream:track)%00%(upstream:remotename)%00%(upstream:remoteref) refs/heads/main refs/remotes/main [3ms]
2024-10-14 16:04:26.336 [info] > git config --local branch.main.vscode-merge-base [2ms]
2024-10-14 16:04:26.336 [warning] [Git][config] git config failed: Failed to execute git
2024-10-14 16:04:26.341 [info] > git reflog main --grep-reflog=branch: Created from *. [1ms]
2024-10-14 16:04:26.346 [info] > git symbolic-ref --short refs/remotes/origin/HEAD [2ms]
2024-10-14 16:04:26.346 [info] fatal: ref refs/remotes/origin/HEAD is not a symbolic ref
2024-10-14 16:04:31.339 [info] > git config --get commit.template [4ms]
2024-10-14 16:04:31.349 [info] > git for-each-ref --format=%(refname)%00%(upstream:short)%00%(objectname)%00%(upstream:track)%00%(upstream:remotename)%00%(upstream:remoteref) refs/heads/main refs/remotes/main [11ms]
2024-10-14 16:04:31.353 [warning] [Git][revParse] Unable to read file: ENOENT: no such file or directory, open '/home/pro/Escritorio/libro/ejercicio-git-libro/.git/refs/remotes/origin/main'
2024-10-14 16:04:31.354 [info] > git rev-parse refs/remotes/origin/main [1ms]
2024-10-14 16:04:31.354 [info] fatal: ambiguous argument 'refs/remotes/origin/main': unknown revision or path not in the working tree.
Use '--' to separate paths from revisions, like this:
'git <command> [<revision>...] -- [<file>...]'
2024-10-14 16:04:31.359 [info] > git status -z -uall [2ms]
2024-10-14 16:04:31.369 [info] > git for-each-ref --format=%(refname)%00%(upstream:short)%00%(objectname)%00%(upstream:track)%00%(upstream:remotename)%00%(upstream:remoteref) refs/heads/main refs/remotes/main [4ms]
2024-10-14 16:04:31.375 [info] > git config --local branch.main.vscode-merge-base [1ms]
2024-10-14 16:04:31.375 [warning] [Git][config] git config failed: Failed to execute git
2024-10-14 16:04:31.380 [info] > git reflog main --grep-reflog=branch: Created from *. [1ms]
2024-10-14 16:04:31.384 [info] > git symbolic-ref --short refs/remotes/origin/HEAD [1ms]
2024-10-14 16:04:31.384 [info] fatal: ref refs/remotes/origin/HEAD is not a symbolic ref
2024-10-14 16:04:36.393 [info] > git config --get commit.template [12ms]
2024-10-14 16:04:36.396 [info] > git for-each-ref --format=%(refname)%00%(upstream:short)%00%(objectname)%00%(upstream:track)%00%(upstream:remotename)%00%(upstream:remoteref) refs/heads/main refs/remotes/main [4ms]
2024-10-14 16:04:36.405 [warning] [Git][revParse] Unable to read file: ENOENT: no such file or directory, open '/home/pro/Escritorio/libro/ejercicio-git-libro/.git/refs/remotes/origin/main'
2024-10-14 16:04:36.409 [info] > git rev-parse refs/remotes/origin/main [3ms]
2024-10-14 16:04:36.409 [info] fatal: ambiguous argument 'refs/remotes/origin/main': unknown revision or path not in the working tree.
Use '--' to separate paths from revisions, like this:
'git <command> [<revision>...] -- [<file>...]'
2024-10-14 16:04:36.422 [info] > git status -z -uall [5ms]
2024-10-14 16:04:36.436 [info] > git for-each-ref --format=%(refname)%00%(upstream:short)%00%(objectname)%00%(upstream:track)%00%(upstream:remotename)%00%(upstream:remoteref) refs/heads/main refs/remotes/main [6ms]
2024-10-14 16:04:36.442 [info] > git config --local branch.main.vscode-merge-base [2ms]
2024-10-14 16:04:36.442 [warning] [Git][config] git config failed: Failed to execute git
2024-10-14 16:04:36.448 [info] > git reflog main --grep-reflog=branch: Created from *. [2ms]
2024-10-14 16:04:36.452 [info] > git symbolic-ref --short refs/remotes/origin/HEAD [1ms]
2024-10-14 16:04:36.452 [info] fatal: ref refs/remotes/origin/HEAD is not a symbolic ref
2024-10-14 16:04:41.446 [info] > git config --get commit.template [8ms]
2024-10-14 16:04:41.447 [info] > git for-each-ref --format=%(refname)%00%(upstream:short)%00%(objectname)%00%(upstream:track)%00%(upstream:remotename)%00%(upstream:remoteref) refs/heads/main refs/remotes/main [3ms]
2024-10-14 16:04:41.453 [warning] [Git][revParse] Unable to read file: ENOENT: no such file or directory, open '/home/pro/Escritorio/libro/ejercicio-git-libro/.git/refs/remotes/origin/main'
2024-10-14 16:04:41.455 [info] > git rev-parse refs/remotes/origin/main [2ms]
2024-10-14 16:04:41.455 [info] fatal: ambiguous argument 'refs/remotes/origin/main': unknown revision or path not in the working tree.
Use '--' to separate paths from revisions, like this:
'git <command> [<revision>...] -- [<file>...]'
2024-10-14 16:04:41.464 [info] > git status -z -uall [3ms]
2024-10-14 16:04:41.478 [info] > git for-each-ref --format=%(refname)%00%(upstream:short)%00%(objectname)%00%(upstream:track)%00%(upstream:remotename)%00%(upstream:remoteref) refs/heads/main refs/remotes/main [7ms]
2024-10-14 16:04:41.486 [info] > git config --local branch.main.vscode-merge-base [2ms]
2024-10-14 16:04:41.486 [warning] [Git][config] git config failed: Failed to execute git
2024-10-14 16:04:41.492 [info] > git reflog main --grep-reflog=branch: Created from *. [2ms]
2024-10-14 16:04:41.498 [info] > git symbolic-ref --short refs/remotes/origin/HEAD [1ms]
2024-10-14 16:04:41.498 [info] fatal: ref refs/remotes/origin/HEAD is not a symbolic ref
2024-10-14 16:05:03.430 [info] > git config --get commit.template [13ms]
2024-10-14 16:05:03.434 [info] > git for-each-ref --format=%(refname)%00%(upstream:short)%00%(objectname)%00%(upstream:track)%00%(upstream:remotename)%00%(upstream:remoteref) refs/heads/main refs/remotes/main [4ms]
2024-10-14 16:05:03.441 [warning] [Git][revParse] Unable to read file: ENOENT: no such file or directory, open '/home/pro/Escritorio/libro/ejercicio-git-libro/.git/refs/remotes/origin/main'
2024-10-14 16:05:03.445 [info] > git rev-parse refs/remotes/origin/main [4ms]
2024-10-14 16:05:03.445 [info] fatal: ambiguous argument 'refs/remotes/origin/main': unknown revision or path not in the working tree.
Use '--' to separate paths from revisions, like this:
'git <command> [<revision>...] -- [<file>...]'
2024-10-14 16:05:03.455 [info] > git status -z -uall [4ms]
2024-10-14 16:05:03.466 [info] > git for-each-ref --format=%(refname)%00%(upstream:short)%00%(objectname)%00%(upstream:track)%00%(upstream:remotename)%00%(upstream:remoteref) refs/heads/main refs/remotes/main [4ms]
2024-10-14 16:05:03.473 [info] > git config --local branch.main.vscode-merge-base [1ms]
2024-10-14 16:05:03.473 [warning] [Git][config] git config failed: Failed to execute git
2024-10-14 16:05:03.479 [info] > git reflog main --grep-reflog=branch: Created from *. [1ms]
2024-10-14 16:05:03.485 [info] > git symbolic-ref --short refs/remotes/origin/HEAD [2ms]
2024-10-14 16:05:03.485 [info] fatal: ref refs/remotes/origin/HEAD is not a symbolic ref
2024-10-14 16:05:17.153 [info] > git config --get commit.template [4ms]
2024-10-14 16:05:17.160 [info] > git for-each-ref --format=%(refname)%00%(upstream:short)%00%(objectname)%00%(upstream:track)%00%(upstream:remotename)%00%(upstream:remoteref) refs/heads/main refs/remotes/main [6ms]
2024-10-14 16:05:17.165 [warning] [Git][revParse] Unable to read file: ENOENT: no such file or directory, open '/home/pro/Escritorio/libro/ejercicio-git-libro/.git/refs/remotes/origin/main'
2024-10-14 16:05:17.167 [info] > git rev-parse refs/remotes/origin/main [2ms]
2024-10-14 16:05:17.167 [info] fatal: ambiguous argument 'refs/remotes/origin/main': unknown revision or path not in the working tree.
Use '--' to separate paths from revisions, like this:
'git <command> [<revision>...] -- [<file>...]'
2024-10-14 16:05:17.172 [info] > git status -z -uall [2ms]
2024-10-14 16:05:17.182 [info] > git for-each-ref --format=%(refname)%00%(upstream:short)%00%(objectname)%00%(upstream:track)%00%(upstream:remotename)%00%(upstream:remoteref) refs/heads/main refs/remotes/main [2ms]
2024-10-14 16:05:17.192 [info] > git config --local branch.main.vscode-merge-base [2ms]
2024-10-14 16:05:17.192 [warning] [Git][config] git config failed: Failed to execute git
2024-10-14 16:05:17.199 [info] > git reflog main --grep-reflog=branch: Created from *. [2ms]
2024-10-14 16:05:17.204 [info] > git symbolic-ref --short refs/remotes/origin/HEAD [2ms]
2024-10-14 16:05:17.204 [info] fatal: ref refs/remotes/origin/HEAD is not a symbolic ref
2024-10-14 16:05:18.266 [info] > git ls-files --stage -- /home/pro/Escritorio/libro/ejercicio-git-libro/README.md [3ms]
2024-10-14 16:05:18.280 [info] > git cat-file -s c5d5e7aa241459bb03930f4aced202a3341e052a [4ms]
2024-10-14 16:05:18.297 [info] > git show --textconv :README.md [4ms]
2024-10-14 16:06:38.219 [info] > git config --get commit.template [12ms]
2024-10-14 16:06:38.220 [info] > git for-each-ref --format=%(refname)%00%(upstream:short)%00%(objectname)%00%(upstream:track)%00%(upstream:remotename)%00%(upstream:remoteref) refs/heads/main refs/remotes/main [3ms]
2024-10-14 16:06:38.226 [warning] [Git][revParse] Unable to read file: ENOENT: no such file or directory, open '/home/pro/Escritorio/libro/ejercicio-git-libro/.git/refs/remotes/origin/main'
2024-10-14 16:06:38.228 [info] > git rev-parse refs/remotes/origin/main [2ms]
2024-10-14 16:06:38.228 [info] fatal: ambiguous argument 'refs/remotes/origin/main': unknown revision or path not in the working tree.
Use '--' to separate paths from revisions, like this:
'git <command> [<revision>...] -- [<file>...]'
2024-10-14 16:06:38.235 [info] > git status -z -uall [3ms]
2024-10-14 16:06:38.243 [info] > git for-each-ref --format=%(refname)%00%(upstream:short)%00%(objectname)%00%(upstream:track)%00%(upstream:remotename)%00%(upstream:remoteref) refs/heads/main refs/remotes/main [3ms]
2024-10-14 16:06:38.250 [info] > git config --local branch.main.vscode-merge-base [1ms]
2024-10-14 16:06:38.250 [warning] [Git][config] git config failed: Failed to execute git
2024-10-14 16:06:38.255 [info] > git reflog main --grep-reflog=branch: Created from *. [2ms]
2024-10-14 16:06:38.262 [info] > git symbolic-ref --short refs/remotes/origin/HEAD [3ms]
2024-10-14 16:06:38.262 [info] fatal: ref refs/remotes/origin/HEAD is not a symbolic ref
2024-10-14 16:06:43.266 [info] > git config --get commit.template [11ms]
2024-10-14 16:06:43.271 [info] > git for-each-ref --format=%(refname)%00%(upstream:short)%00%(objectname)%00%(upstream:track)%00%(upstream:remotename)%00%(upstream:remoteref) refs/heads/main refs/remotes/main [7ms]
2024-10-14 16:06:43.280 [warning] [Git][revParse] Unable to read file: ENOENT: no such file or directory, open '/home/pro/Escritorio/libro/ejercicio-git-libro/.git/refs/remotes/origin/main'
2024-10-14 16:06:43.285 [info] > git rev-parse refs/remotes/origin/main [5ms]
2024-10-14 16:06:43.285 [info] fatal: ambiguous argument 'refs/remotes/origin/main': unknown revision or path not in the working tree.
Use '--' to separate paths from revisions, like this:
'git <command> [<revision>...] -- [<file>...]'
2024-10-14 16:06:43.292 [info] > git status -z -uall [2ms]
2024-10-14 16:06:43.301 [info] > git for-each-ref --format=%(refname)%00%(upstream:short)%00%(objectname)%00%(upstream:track)%00%(upstream:remotename)%00%(upstream:remoteref) refs/heads/main refs/remotes/main [4ms]
2024-10-14 16:06:43.307 [info] > git config --local branch.main.vscode-merge-base [2ms]
2024-10-14 16:06:43.307 [warning] [Git][config] git config failed: Failed to execute git
2024-10-14 16:06:43.312 [info] > git reflog main --grep-reflog=branch: Created from *. [2ms]
2024-10-14 16:06:43.316 [info] > git symbolic-ref --short refs/remotes/origin/HEAD [1ms]
2024-10-14 16:06:43.316 [info] fatal: ref refs/remotes/origin/HEAD is not a symbolic ref
2024-10-14 16:06:48.321 [info] > git config --get commit.template [11ms]
2024-10-14 16:06:48.324 [info] > git for-each-ref --format=%(refname)%00%(upstream:short)%00%(objectname)%00%(upstream:track)%00%(upstream:remotename)%00%(upstream:remoteref) refs/heads/main refs/remotes/main [4ms]
2024-10-14 16:06:48.334 [warning] [Git][revParse] Unable to read file: ENOENT: no such file or directory, open '/home/pro/Escritorio/libro/ejercicio-git-libro/.git/refs/remotes/origin/main'
2024-10-14 16:06:48.338 [info] > git rev-parse refs/remotes/origin/main [4ms]
2024-10-14 16:06:48.338 [info] fatal: ambiguous argument 'refs/remotes/origin/main': unknown revision or path not in the working tree.
Use '--' to separate paths from revisions, like this:
'git <command> [<revision>...] -- [<file>...]'
2024-10-14 16:06:48.353 [info] > git status -z -uall [6ms]
2024-10-14 16:06:48.370 [info] > git for-each-ref --format=%(refname)%00%(upstream:short)%00%(objectname)%00%(upstream:track)%00%(upstream:remotename)%00%(upstream:remoteref) refs/heads/main refs/remotes/main [6ms]
2024-10-14 16:06:48.377 [info] > git config --local branch.main.vscode-merge-base [2ms]
2024-10-14 16:06:48.377 [warning] [Git][config] git config failed: Failed to execute git
2024-10-14 16:06:48.382 [info] > git reflog main --grep-reflog=branch: Created from *. [2ms]
2024-10-14 16:06:48.386 [info] > git symbolic-ref --short refs/remotes/origin/HEAD [1ms]
2024-10-14 16:06:48.386 [info] fatal: ref refs/remotes/origin/HEAD is not a symbolic ref
2024-10-14 16:06:54.056 [info] > git config --get commit.template [12ms]
2024-10-14 16:06:54.059 [info] > git for-each-ref --format=%(refname)%00%(upstream:short)%00%(objectname)%00%(upstream:track)%00%(upstream:remotename)%00%(upstream:remoteref) refs/heads/main refs/remotes/main [4ms]
2024-10-14 16:06:54.068 [warning] [Git][revParse] Unable to read file: ENOENT: no such file or directory, open '/home/pro/Escritorio/libro/ejercicio-git-libro/.git/refs/remotes/origin/main'
2024-10-14 16:06:54.072 [info] > git rev-parse refs/remotes/origin/main [4ms]
2024-10-14 16:06:54.072 [info] fatal: ambiguous argument 'refs/remotes/origin/main': unknown revision or path not in the working tree.
Use '--' to separate paths from revisions, like this:
'git <command> [<revision>...] -- [<file>...]'
2024-10-14 16:06:54.086 [info] > git status -z -uall [5ms]
2024-10-14 16:06:54.102 [info] > git for-each-ref --format=%(refname)%00%(upstream:short)%00%(objectname)%00%(upstream:track)%00%(upstream:remotename)%00%(upstream:remoteref) refs/heads/main refs/remotes/main [5ms]
2024-10-14 16:06:54.114 [info] > git config --local branch.main.vscode-merge-base [3ms]
2024-10-14 16:06:54.114 [warning] [Git][config] git config failed: Failed to execute git
2024-10-14 16:06:54.120 [info] > git reflog main --grep-reflog=branch: Created from *. [1ms]
2024-10-14 16:06:54.124 [info] > git symbolic-ref --short refs/remotes/origin/HEAD [2ms]
2024-10-14 16:06:54.124 [info] fatal: ref refs/remotes/origin/HEAD is not a symbolic ref
2024-10-14 16:06:59.719 [info] > git config --get commit.template [5ms]
2024-10-14 16:06:59.719 [info] > git for-each-ref --format=%(refname)%00%(upstream:short)%00%(objectname)%00%(upstream:track)%00%(upstream:remotename)%00%(upstream:remoteref) refs/heads/main refs/remotes/main [1ms]
2024-10-14 16:06:59.723 [warning] [Git][revParse] Unable to read file: ENOENT: no such file or directory, open '/home/pro/Escritorio/libro/ejercicio-git-libro/.git/refs/remotes/origin/main'
2024-10-14 16:06:59.725 [info] > git rev-parse refs/remotes/origin/main [2ms]
2024-10-14 16:06:59.725 [info] fatal: ambiguous argument 'refs/remotes/origin/main': unknown revision or path not in the working tree.
Use '--' to separate paths from revisions, like this:
'git <command> [<revision>...] -- [<file>...]'
2024-10-14 16:06:59.739 [info] > git status -z -uall [2ms]
2024-10-14 16:06:59.747 [info] > git for-each-ref --format=%(refname)%00%(upstream:short)%00%(objectname)%00%(upstream:track)%00%(upstream:remotename)%00%(upstream:remoteref) refs/heads/main refs/remotes/main [3ms]
2024-10-14 16:06:59.753 [info] > git config --local branch.main.vscode-merge-base [2ms]
2024-10-14 16:06:59.753 [warning] [Git][config] git config failed: Failed to execute git
2024-10-14 16:06:59.758 [info] > git reflog main --grep-reflog=branch: Created from *. [2ms]
2024-10-14 16:06:59.763 [info] > git symbolic-ref --short refs/remotes/origin/HEAD [1ms]
2024-10-14 16:06:59.763 [info] fatal: ref refs/remotes/origin/HEAD is not a symbolic ref
2024-10-14 16:07:04.778 [info] > git config --get commit.template [12ms]
2024-10-14 16:07:04.784 [info] > git for-each-ref --format=%(refname)%00%(upstream:short)%00%(objectname)%00%(upstream:track)%00%(upstream:remotename)%00%(upstream:remoteref) refs/heads/main refs/remotes/main [7ms]
2024-10-14 16:07:04.795 [warning] [Git][revParse] Unable to read file: ENOENT: no such file or directory, open '/home/pro/Escritorio/libro/ejercicio-git-libro/.git/refs/remotes/origin/main'
2024-10-14 16:07:04.803 [info] > git rev-parse refs/remotes/origin/main [9ms]
2024-10-14 16:07:04.803 [info] fatal: ambiguous argument 'refs/remotes/origin/main': unknown revision or path not in the working tree.
Use '--' to separate paths from revisions, like this:
'git <command> [<revision>...] -- [<file>...]'
2024-10-14 16:07:04.810 [info] > git status -z -uall [2ms]
2024-10-14 16:07:04.820 [info] > git for-each-ref --format=%(refname)%00%(upstream:short)%00%(objectname)%00%(upstream:track)%00%(upstream:remotename)%00%(upstream:remoteref) refs/heads/main refs/remotes/main [4ms]
2024-10-14 16:07:04.825 [info] > git config --local branch.main.vscode-merge-base [1ms]
2024-10-14 16:07:04.825 [warning] [Git][config] git config failed: Failed to execute git
2024-10-14 16:07:04.831 [info] > git reflog main --grep-reflog=branch: Created from *. [2ms]
2024-10-14 16:07:04.835 [info] > git symbolic-ref --short refs/remotes/origin/HEAD [1ms]
2024-10-14 16:07:04.835 [info] fatal: ref refs/remotes/origin/HEAD is not a symbolic ref
2024-10-14 16:07:09.839 [info] > git for-each-ref --format=%(refname)%00%(upstream:short)%00%(objectname)%00%(upstream:track)%00%(upstream:remotename)%00%(upstream:remoteref) refs/heads/main refs/remotes/main [0ms]
2024-10-14 16:07:09.849 [warning] [Git][revParse] Unable to read file: ENOENT: no such file or directory, open '/home/pro/Escritorio/libro/ejercicio-git-libro/.git/refs/remotes/origin/main'
2024-10-14 16:07:09.849 [info] > git config --get commit.template [27ms]
2024-10-14 16:07:09.850 [info] > git rev-parse refs/remotes/origin/main [1ms]
2024-10-14 16:07:09.850 [info] fatal: ambiguous argument 'refs/remotes/origin/main': unknown revision or path not in the working tree.
Use '--' to separate paths from revisions, like this:
'git <command> [<revision>...] -- [<file>...]'
2024-10-14 16:07:09.862 [info] > git status -z -uall [3ms]
2024-10-14 16:07:09.876 [info] > git for-each-ref --format=%(refname)%00%(upstream:short)%00%(objectname)%00%(upstream:track)%00%(upstream:remotename)%00%(upstream:remoteref) refs/heads/main refs/remotes/main [5ms]
2024-10-14 16:07:09.882 [info] > git config --local branch.main.vscode-merge-base [2ms]
2024-10-14 16:07:09.882 [warning] [Git][config] git config failed: Failed to execute git
2024-10-14 16:07:09.888 [info] > git reflog main --grep-reflog=branch: Created from *. [2ms]
2024-10-14 16:07:09.892 [info] > git symbolic-ref --short refs/remotes/origin/HEAD [1ms]
2024-10-14 16:07:09.892 [info] fatal: ref refs/remotes/origin/HEAD is not a symbolic ref
2024-10-14 16:07:14.907 [info] > git for-each-ref --format=%(refname)%00%(upstream:short)%00%(objectname)%00%(upstream:track)%00%(upstream:remotename)%00%(upstream:remoteref) refs/heads/main refs/remotes/main [2ms]
2024-10-14 16:07:14.908 [info] > git config --get commit.template [6ms]
2024-10-14 16:07:14.921 [warning] [Git][revParse] Unable to read file: ENOENT: no such file or directory, open '/home/pro/Escritorio/libro/ejercicio-git-libro/.git/refs/remotes/origin/main'
2024-10-14 16:07:14.924 [info] > git rev-parse refs/remotes/origin/main [3ms]
2024-10-14 16:07:14.924 [info] fatal: ambiguous argument 'refs/remotes/origin/main': unknown revision or path not in the working tree.
Use '--' to separate paths from revisions, like this:
'git <command> [<revision>...] -- [<file>...]'
2024-10-14 16:07:14.930 [info] > git status -z -uall [3ms]
2024-10-14 16:07:14.942 [info] > git for-each-ref --format=%(refname)%00%(upstream:short)%00%(objectname)%00%(upstream:track)%00%(upstream:remotename)%00%(upstream:remoteref) refs/heads/main refs/remotes/main [8ms]
2024-10-14 16:07:14.949 [info] > git config --local branch.main.vscode-merge-base [2ms]
2024-10-14 16:07:14.949 [warning] [Git][config] git config failed: Failed to execute git
2024-10-14 16:07:14.955 [info] > git reflog main --grep-reflog=branch: Created from *. [2ms]
2024-10-14 16:07:14.959 [info] > git symbolic-ref --short refs/remotes/origin/HEAD [1ms]
2024-10-14 16:07:14.959 [info] fatal: ref refs/remotes/origin/HEAD is not a symbolic ref
2024-10-14 16:07:19.949 [info] > git config --get commit.template [7ms]
2024-10-14 16:07:19.952 [info] > git for-each-ref --format=%(refname)%00%(upstream:short)%00%(objectname)%00%(upstream:track)%00%(upstream:remotename)%00%(upstream:remoteref) refs/heads/main refs/remotes/main [5ms]
2024-10-14 16:07:19.957 [warning] [Git][revParse] Unable to read file: ENOENT: no such file or directory, open '/home/pro/Escritorio/libro/ejercicio-git-libro/.git/refs/remotes/origin/main'
2024-10-14 16:07:19.960 [info] > git rev-parse refs/remotes/origin/main [3ms]
2024-10-14 16:07:19.960 [info] fatal: ambiguous argument 'refs/remotes/origin/main': unknown revision or path not in the working tree.
Use '--' to separate paths from revisions, like this:
'git <command> [<revision>...] -- [<file>...]'
2024-10-14 16:07:19.967 [info] > git status -z -uall [3ms]
2024-10-14 16:07:19.978 [info] > git for-each-ref --format=%(refname)%00%(upstream:short)%00%(objectname)%00%(upstream:track)%00%(upstream:remotename)%00%(upstream:remoteref) refs/heads/main refs/remotes/main [5ms]
2024-10-14 16:07:19.985 [info] > git config --local branch.main.vscode-merge-base [2ms]
2024-10-14 16:07:19.985 [warning] [Git][config] git config failed: Failed to execute git
2024-10-14 16:07:19.991 [info] > git reflog main --grep-reflog=branch: Created from *. [2ms]
2024-10-14 16:07:19.995 [info] > git symbolic-ref --short refs/remotes/origin/HEAD [1ms]
2024-10-14 16:07:19.995 [info] fatal: ref refs/remotes/origin/HEAD is not a symbolic ref
2024-10-14 16:09:18.976 [info] > git config --get commit.template [4ms]
2024-10-14 16:09:18.977 [info] > git for-each-ref --format=%(refname)%00%(upstream:short)%00%(objectname)%00%(upstream:track)%00%(upstream:remotename)%00%(upstream:remoteref) refs/heads/main refs/remotes/main [1ms]
2024-10-14 16:09:18.981 [warning] [Git][revParse] Unable to read file: ENOENT: no such file or directory, open '/home/pro/Escritorio/libro/ejercicio-git-libro/.git/refs/remotes/origin/main'
2024-10-14 16:09:18.983 [info] > git rev-parse refs/remotes/origin/main [2ms]
2024-10-14 16:09:18.983 [info] fatal: ambiguous argument 'refs/remotes/origin/main': unknown revision or path not in the working tree.
Use '--' to separate paths from revisions, like this:
'git <command> [<revision>...] -- [<file>...]'
2024-10-14 16:09:18.988 [info] > git status -z -uall [2ms]
2024-10-14 16:09:18.999 [info] > git for-each-ref --format=%(refname)%00%(upstream:short)%00%(objectname)%00%(upstream:track)%00%(upstream:remotename)%00%(upstream:remoteref) refs/heads/main refs/remotes/main [6ms]
2024-10-14 16:09:19.005 [info] > git config --local branch.main.vscode-merge-base [2ms]
2024-10-14 16:09:19.005 [warning] [Git][config] git config failed: Failed to execute git
2024-10-14 16:09:19.010 [info] > git reflog main --grep-reflog=branch: Created from *. [2ms]
2024-10-14 16:09:19.014 [info] > git symbolic-ref --short refs/remotes/origin/HEAD [1ms]
2024-10-14 16:09:19.014 [info] fatal: ref refs/remotes/origin/HEAD is not a symbolic ref
2024-10-14 16:09:24.010 [info] > git config --get commit.template [7ms]
2024-10-14 16:09:24.013 [info] > git for-each-ref --format=%(refname)%00%(upstream:short)%00%(objectname)%00%(upstream:track)%00%(upstream:remotename)%00%(upstream:remoteref) refs/heads/main refs/remotes/main [3ms]
2024-10-14 16:09:24.019 [warning] [Git][revParse] Unable to read file: ENOENT: no such file or directory, open '/home/pro/Escritorio/libro/ejercicio-git-libro/.git/refs/remotes/origin/main'
2024-10-14 16:09:24.021 [info] > git rev-parse refs/remotes/origin/main [2ms]
2024-10-14 16:09:24.021 [info] fatal: ambiguous argument 'refs/remotes/origin/main': unknown revision or path not in the working tree.
Use '--' to separate paths from revisions, like this:
'git <command> [<revision>...] -- [<file>...]'
2024-10-14 16:09:24.030 [info] > git status -z -uall [3ms]
2024-10-14 16:09:24.058 [info] > git for-each-ref --format=%(refname)%00%(upstream:short)%00%(objectname)%00%(upstream:track)%00%(upstream:remotename)%00%(upstream:remoteref) refs/heads/main refs/remotes/main [8ms]
2024-10-14 16:09:24.064 [info] > git config --local branch.main.vscode-merge-base [1ms]
2024-10-14 16:09:24.064 [warning] [Git][config] git config failed: Failed to execute git
2024-10-14 16:09:24.070 [info] > git reflog main --grep-reflog=branch: Created from *. [1ms]
2024-10-14 16:09:24.075 [info] > git symbolic-ref --short refs/remotes/origin/HEAD [0ms]
2024-10-14 16:09:24.075 [info] fatal: ref refs/remotes/origin/HEAD is not a symbolic ref
2024-10-14 16:09:40.726 [info] > git config --get commit.template [7ms]
2024-10-14 16:09:40.729 [info] > git for-each-ref --format=%(refname)%00%(upstream:short)%00%(objectname)%00%(upstream:track)%00%(upstream:remotename)%00%(upstream:remoteref) refs/heads/main refs/remotes/main [4ms]
2024-10-14 16:09:40.735 [warning] [Git][revParse] Unable to read file: ENOENT: no such file or directory, open '/home/pro/Escritorio/libro/ejercicio-git-libro/.git/refs/remotes/origin/main'
2024-10-14 16:09:40.737 [info] > git rev-parse refs/remotes/origin/main [2ms]
2024-10-14 16:09:40.737 [info] fatal: ambiguous argument 'refs/remotes/origin/main': unknown revision or path not in the working tree.
Use '--' to separate paths from revisions, like this:
'git <command> [<revision>...] -- [<file>...]'
2024-10-14 16:09:40.746 [info] > git status -z -uall [3ms]
2024-10-14 16:09:40.759 [info] > git for-each-ref --format=%(refname)%00%(upstream:short)%00%(objectname)%00%(upstream:track)%00%(upstream:remotename)%00%(upstream:remoteref) refs/heads/main refs/remotes/main [5ms]
2024-10-14 16:09:40.768 [info] > git config --local branch.main.vscode-merge-base [2ms]
2024-10-14 16:09:40.768 [warning] [Git][config] git config failed: Failed to execute git
2024-10-14 16:09:40.774 [info] > git reflog main --grep-reflog=branch: Created from *. [2ms]
2024-10-14 16:09:40.779 [info] > git symbolic-ref --short refs/remotes/origin/HEAD [1ms]
2024-10-14 16:09:40.779 [info] fatal: ref refs/remotes/origin/HEAD is not a symbolic ref
2024-10-14 16:11:05.277 [info] > git config --get commit.template [4ms]
2024-10-14 16:11:05.279 [info] > git for-each-ref --format=%(refname)%00%(upstream:short)%00%(objectname)%00%(upstream:track)%00%(upstream:remotename)%00%(upstream:remoteref) refs/heads/main refs/remotes/main [2ms]
2024-10-14 16:11:05.283 [warning] [Git][revParse] Unable to read file: ENOENT: no such file or directory, open '/home/pro/Escritorio/libro/ejercicio-git-libro/.git/refs/remotes/origin/main'
2024-10-14 16:11:05.284 [info] > git rev-parse refs/remotes/origin/main [1ms]
2024-10-14 16:11:05.284 [info] fatal: ambiguous argument 'refs/remotes/origin/main': unknown revision or path not in the working tree.
Use '--' to separate paths from revisions, like this:
'git <command> [<revision>...] -- [<file>...]'
2024-10-14 16:11:05.289 [info] > git status -z -uall [1ms]
2024-10-14 16:11:05.299 [info] > git for-each-ref --format=%(refname)%00%(upstream:short)%00%(objectname)%00%(upstream:track)%00%(upstream:remotename)%00%(upstream:remoteref) refs/heads/main refs/remotes/main [4ms]
2024-10-14 16:11:05.305 [info] > git config --local branch.main.vscode-merge-base [2ms]
2024-10-14 16:11:05.305 [warning] [Git][config] git config failed: Failed to execute git
2024-10-14 16:11:05.310 [info] > git reflog main --grep-reflog=branch: Created from *. [2ms]
2024-10-14 16:11:05.315 [info] > git symbolic-ref --short refs/remotes/origin/HEAD [1ms]
2024-10-14 16:11:05.315 [info] fatal: ref refs/remotes/origin/HEAD is not a symbolic ref
2024-10-14 16:11:18.720 [info] > git config --get commit.template [5ms]
2024-10-14 16:11:18.721 [info] > git for-each-ref --format=%(refname)%00%(upstream:short)%00%(objectname)%00%(upstream:track)%00%(upstream:remotename)%00%(upstream:remoteref) refs/heads/main refs/remotes/main [1ms]
2024-10-14 16:11:18.725 [warning] [Git][revParse] Unable to read file: ENOENT: no such file or directory, open '/home/pro/Escritorio/libro/ejercicio-git-libro/.git/refs/remotes/origin/main'
2024-10-14 16:11:18.726 [info] > git rev-parse refs/remotes/origin/main [1ms]
2024-10-14 16:11:18.726 [info] fatal: ambiguous argument 'refs/remotes/origin/main': unknown revision or path not in the working tree.
Use '--' to separate paths from revisions, like this:
'git <command> [<revision>...] -- [<file>...]'
2024-10-14 16:11:18.734 [info] > git status -z -uall [2ms]
2024-10-14 16:11:18.742 [info] > git for-each-ref --format=%(refname)%00%(upstream:short)%00%(objectname)%00%(upstream:track)%00%(upstream:remotename)%00%(upstream:remoteref) refs/heads/main refs/remotes/main [3ms]
2024-10-14 16:11:18.747 [info] > git config --local branch.main.vscode-merge-base [2ms]
2024-10-14 16:11:18.748 [warning] [Git][config] git config failed: Failed to execute git
2024-10-14 16:11:18.753 [info] > git reflog main --grep-reflog=branch: Created from *. [2ms]
2024-10-14 16:11:18.757 [info] > git symbolic-ref --short refs/remotes/origin/HEAD [1ms]
2024-10-14 16:11:18.757 [info] fatal: ref refs/remotes/origin/HEAD is not a symbolic ref
2024-10-14 16:11:23.763 [info] > git config --get commit.template [11ms]
2024-10-14 16:11:23.766 [info] > git for-each-ref --format=%(refname)%00%(upstream:short)%00%(objectname)%00%(upstream:track)%00%(upstream:remotename)%00%(upstream:remoteref) refs/heads/main refs/remotes/main [4ms]
2024-10-14 16:11:23.775 [warning] [Git][revParse] Unable to read file: ENOENT: no such file or directory, open '/home/pro/Escritorio/libro/ejercicio-git-libro/.git/refs/remotes/origin/main'
2024-10-14 16:11:23.779 [info] > git rev-parse refs/remotes/origin/main [4ms]
2024-10-14 16:11:23.779 [info] fatal: ambiguous argument 'refs/remotes/origin/main': unknown revision or path not in the working tree.
Use '--' to separate paths from revisions, like this:
'git <command> [<revision>...] -- [<file>...]'
2024-10-14 16:11:23.793 [info] > git status -z -uall [5ms]
2024-10-14 16:11:23.811 [info] > git for-each-ref --format=%(refname)%00%(upstream:short)%00%(objectname)%00%(upstream:track)%00%(upstream:remotename)%00%(upstream:remoteref) refs/heads/main refs/remotes/main [7ms]
2024-10-14 16:11:23.818 [info] > git config --local branch.main.vscode-merge-base [1ms]
2024-10-14 16:11:23.818 [warning] [Git][config] git config failed: Failed to execute git
2024-10-14 16:11:23.824 [info] > git reflog main --grep-reflog=branch: Created from *. [2ms]
2024-10-14 16:11:23.829 [info] > git symbolic-ref --short refs/remotes/origin/HEAD [1ms]
2024-10-14 16:11:23.829 [info] fatal: ref refs/remotes/origin/HEAD is not a symbolic ref
2024-10-14 16:11:33.334 [info] > git config --get commit.template [12ms]
2024-10-14 16:11:33.337 [info] > git for-each-ref --format=%(refname)%00%(upstream:short)%00%(objectname)%00%(upstream:track)%00%(upstream:remotename)%00%(upstream:remoteref) refs/heads/main refs/remotes/main [3ms]
2024-10-14 16:11:33.346 [warning] [Git][revParse] Unable to read file: ENOENT: no such file or directory, open '/home/pro/Escritorio/libro/ejercicio-git-libro/.git/refs/remotes/origin/main'
2024-10-14 16:11:33.350 [info] > git rev-parse refs/remotes/origin/main [4ms]
2024-10-14 16:11:33.350 [info] fatal: ambiguous argument 'refs/remotes/origin/main': unknown revision or path not in the working tree.
Use '--' to separate paths from revisions, like this:
'git <command> [<revision>...] -- [<file>...]'
2024-10-14 16:11:33.363 [info] > git status -z -uall [5ms]
2024-10-14 16:11:33.379 [info] > git for-each-ref --format=%(refname)%00%(upstream:short)%00%(objectname)%00%(upstream:track)%00%(upstream:remotename)%00%(upstream:remoteref) refs/heads/main refs/remotes/main [6ms]
2024-10-14 16:11:33.385 [info] > git config --local branch.main.vscode-merge-base [2ms]
2024-10-14 16:11:33.385 [warning] [Git][config] git config failed: Failed to execute git
2024-10-14 16:11:33.392 [info] > git reflog main --grep-reflog=branch: Created from *. [3ms]
2024-10-14 16:11:33.396 [info] > git symbolic-ref --short refs/remotes/origin/HEAD [1ms]
2024-10-14 16:11:33.396 [info] fatal: ref refs/remotes/origin/HEAD is not a symbolic ref
2024-10-14 16:12:06.074 [info] > git config --get commit.template [7ms]
2024-10-14 16:12:06.075 [info] > git for-each-ref --format=%(refname)%00%(upstream:short)%00%(objectname)%00%(upstream:track)%00%(upstream:remotename)%00%(upstream:remoteref) refs/heads/main refs/remotes/main [2ms]
2024-10-14 16:12:06.080 [warning] [Git][revParse] Unable to read file: ENOENT: no such file or directory, open '/home/pro/Escritorio/libro/ejercicio-git-libro/.git/refs/remotes/origin/main'
2024-10-14 16:12:06.083 [info] > git rev-parse refs/remotes/origin/main [2ms]
2024-10-14 16:12:06.083 [info] fatal: ambiguous argument 'refs/remotes/origin/main': unknown revision or path not in the working tree.
Use '--' to separate paths from revisions, like this:
'git <command> [<revision>...] -- [<file>...]'
2024-10-14 16:12:06.089 [info] > git status -z -uall [2ms]
2024-10-14 16:12:06.098 [info] > git for-each-ref --format=%(refname)%00%(upstream:short)%00%(objectname)%00%(upstream:track)%00%(upstream:remotename)%00%(upstream:remoteref) refs/heads/main refs/remotes/main [3ms]
2024-10-14 16:12:06.103 [info] > git config --local branch.main.vscode-merge-base [2ms]
2024-10-14 16:12:06.103 [warning] [Git][config] git config failed: Failed to execute git
2024-10-14 16:12:06.108 [info] > git reflog main --grep-reflog=branch: Created from *. [2ms]
2024-10-14 16:12:06.112 [info] > git symbolic-ref --short refs/remotes/origin/HEAD [1ms]
2024-10-14 16:12:06.112 [info] fatal: ref refs/remotes/origin/HEAD is not a symbolic ref
2024-10-14 16:12:11.109 [info] > git config --get commit.template [4ms]
2024-10-14 16:12:11.109 [info] > git for-each-ref --format=%(refname)%00%(upstream:short)%00%(objectname)%00%(upstream:track)%00%(upstream:remotename)%00%(upstream:remoteref) refs/heads/main refs/remotes/main [1ms]
2024-10-14 16:12:11.112 [warning] [Git][revParse] Unable to read file: ENOENT: no such file or directory, open '/home/pro/Escritorio/libro/ejercicio-git-libro/.git/refs/remotes/origin/main'
2024-10-14 16:12:11.114 [info] > git rev-parse refs/remotes/origin/main [2ms]
2024-10-14 16:12:11.114 [info] fatal: ambiguous argument 'refs/remotes/origin/main': unknown revision or path not in the working tree.
Use '--' to separate paths from revisions, like this:
'git <command> [<revision>...] -- [<file>...]'
2024-10-14 16:12:11.119 [info] > git status -z -uall [1ms]
2024-10-14 16:12:11.128 [info] > git for-each-ref --format=%(refname)%00%(upstream:short)%00%(objectname)%00%(upstream:track)%00%(upstream:remotename)%00%(upstream:remoteref) refs/heads/main refs/remotes/main [3ms]
2024-10-14 16:12:11.140 [info] > git config --local branch.main.vscode-merge-base [8ms]
2024-10-14 16:12:11.140 [warning] [Git][config] git config failed: Failed to execute git
2024-10-14 16:12:11.198 [info] > git reflog main --grep-reflog=branch: Created from *. [17ms]
2024-10-14 16:12:11.206 [info] > git symbolic-ref --short refs/remotes/origin/HEAD [1ms]
2024-10-14 16:12:11.206 [info] fatal: ref refs/remotes/origin/HEAD is not a symbolic ref
2024-10-14 16:12:16.146 [info] > git config --get commit.template [14ms]
2024-10-14 16:12:16.150 [info] > git for-each-ref --format=%(refname)%00%(upstream:short)%00%(objectname)%00%(upstream:track)%00%(upstream:remotename)%00%(upstream:remoteref) refs/heads/main refs/remotes/main [6ms]
2024-10-14 16:12:16.160 [warning] [Git][revParse] Unable to read file: ENOENT: no such file or directory, open '/home/pro/Escritorio/libro/ejercicio-git-libro/.git/refs/remotes/origin/main'
2024-10-14 16:12:16.164 [info] > git rev-parse refs/remotes/origin/main [4ms]
2024-10-14 16:12:16.164 [info] fatal: ambiguous argument 'refs/remotes/origin/main': unknown revision or path not in the working tree.
Use '--' to separate paths from revisions, like this:
'git <command> [<revision>...] -- [<file>...]'
2024-10-14 16:12:16.171 [info] > git status -z -uall [3ms]
2024-10-14 16:12:16.181 [info] > git for-each-ref --format=%(refname)%00%(upstream:short)%00%(objectname)%00%(upstream:track)%00%(upstream:remotename)%00%(upstream:remoteref) refs/heads/main refs/remotes/main [5ms]
2024-10-14 16:12:16.194 [info] > git config --local branch.main.vscode-merge-base [9ms]
2024-10-14 16:12:16.194 [warning] [Git][config] git config failed: Failed to execute git
2024-10-14 16:12:16.205 [info] > git reflog main --grep-reflog=branch: Created from *. [3ms]
2024-10-14 16:12:16.209 [info] > git symbolic-ref --short refs/remotes/origin/HEAD [2ms]
2024-10-14 16:12:16.209 [info] fatal: ref refs/remotes/origin/HEAD is not a symbolic ref
2024-10-14 16:12:21.223 [info] > git config --get commit.template [21ms]
2024-10-14 16:12:21.226 [info] > git for-each-ref --format=%(refname)%00%(upstream:short)%00%(objectname)%00%(upstream:track)%00%(upstream:remotename)%00%(upstream:remoteref) refs/heads/main refs/remotes/main [5ms]
2024-10-14 16:12:21.235 [warning] [Git][revParse] Unable to read file: ENOENT: no such file or directory, open '/home/pro/Escritorio/libro/ejercicio-git-libro/.git/refs/remotes/origin/main'
2024-10-14 16:12:21.236 [info] > git rev-parse refs/remotes/origin/main [1ms]
2024-10-14 16:12:21.236 [info] fatal: ambiguous argument 'refs/remotes/origin/main': unknown revision or path not in the working tree.
Use '--' to separate paths from revisions, like this:
'git <command> [<revision>...] -- [<file>...]'
2024-10-14 16:12:21.244 [info] > git status -z -uall [1ms]
2024-10-14 16:12:21.249 [info] > git for-each-ref --format=%(refname)%00%(upstream:short)%00%(objectname)%00%(upstream:track)%00%(upstream:remotename)%00%(upstream:remoteref) refs/heads/main refs/remotes/main [1ms]
2024-10-14 16:12:21.254 [info] > git config --local branch.main.vscode-merge-base [1ms]
2024-10-14 16:12:21.254 [warning] [Git][config] git config failed: Failed to execute git
2024-10-14 16:12:21.260 [info] > git reflog main --grep-reflog=branch: Created from *. [2ms]
2024-10-14 16:12:21.268 [info] > git symbolic-ref --short refs/remotes/origin/HEAD [3ms]
2024-10-14 16:12:21.268 [info] fatal: ref refs/remotes/origin/HEAD is not a symbolic ref
2024-10-14 16:12:25.940 [info] > git config --get commit.template [10ms]
2024-10-14 16:12:25.941 [info] > git for-each-ref --format=%(refname)%00%(upstream:short)%00%(objectname)%00%(upstream:track)%00%(upstream:remotename)%00%(upstream:remoteref) refs/heads/main refs/remotes/main [1ms]
2024-10-14 16:12:25.944 [warning] [Git][revParse] Unable to read file: ENOENT: no such file or directory, open '/home/pro/Escritorio/libro/ejercicio-git-libro/.git/refs/remotes/origin/main'
2024-10-14 16:12:25.946 [info] > git rev-parse refs/remotes/origin/main [2ms]
2024-10-14 16:12:25.946 [info] fatal: ambiguous argument 'refs/remotes/origin/main': unknown revision or path not in the working tree.
Use '--' to separate paths from revisions, like this:
'git <command> [<revision>...] -- [<file>...]'
2024-10-14 16:12:25.953 [info] > git status -z -uall [2ms]
2024-10-14 16:12:25.964 [info] > git for-each-ref --format=%(refname)%00%(upstream:short)%00%(objectname)%00%(upstream:track)%00%(upstream:remotename)%00%(upstream:remoteref) refs/heads/main refs/remotes/main [5ms]
2024-10-14 16:12:25.970 [info] > git config --local branch.main.vscode-merge-base [2ms]
2024-10-14 16:12:25.970 [warning] [Git][config] git config failed: Failed to execute git
2024-10-14 16:12:25.977 [info] > git reflog main --grep-reflog=branch: Created from *. [2ms]
2024-10-14 16:12:25.982 [info] > git symbolic-ref --short refs/remotes/origin/HEAD [2ms]
2024-10-14 16:12:25.982 [info] fatal: ref refs/remotes/origin/HEAD is not a symbolic ref
2024-10-14 16:12:26.275 [info] > git config --get commit.template [13ms]
2024-10-14 16:12:26.277 [info] > git for-each-ref --format=%(refname)%00%(upstream:short)%00%(objectname)%00%(upstream:track)%00%(upstream:remotename)%00%(upstream:remoteref) refs/heads/main refs/remotes/main [4ms]
2024-10-14 16:12:26.282 [warning] [Git][revParse] Unable to read file: ENOENT: no such file or directory, open '/home/pro/Escritorio/libro/ejercicio-git-libro/.git/refs/remotes/origin/main'
2024-10-14 16:12:26.287 [info] > git rev-parse refs/remotes/origin/main [5ms]
2024-10-14 16:12:26.287 [info] fatal: ambiguous argument 'refs/remotes/origin/main': unknown revision or path not in the working tree.
Use '--' to separate paths from revisions, like this:
'git <command> [<revision>...] -- [<file>...]'
2024-10-14 16:12:26.292 [info] > git status -z -uall [2ms]
2024-10-14 16:12:26.301 [info] > git for-each-ref --format=%(refname)%00%(upstream:short)%00%(objectname)%00%(upstream:track)%00%(upstream:remotename)%00%(upstream:remoteref) refs/heads/main refs/remotes/main [3ms]
2024-10-14 16:12:26.307 [info] > git config --local branch.main.vscode-merge-base [2ms]
2024-10-14 16:12:26.307 [warning] [Git][config] git config failed: Failed to execute git
2024-10-14 16:12:26.313 [info] > git reflog main --grep-reflog=branch: Created from *. [2ms]
2024-10-14 16:12:26.318 [info] > git symbolic-ref --short refs/remotes/origin/HEAD [2ms]
2024-10-14 16:12:26.318 [info] fatal: ref refs/remotes/origin/HEAD is not a symbolic ref
2024-10-14 16:12:27.037 [info] > git ls-files --stage -- /home/pro/Escritorio/libro/ejercicio-git-libro/README.md [1ms]
2024-10-14 16:12:27.041 [info] > git cat-file -s 6fd6613bf56b97a3100479559697cc757ed65d8f [1ms]
2024-10-14 16:12:27.047 [info] > git show --textconv :README.md [1ms]
2024-10-14 16:12:31.311 [info] > git for-each-ref --format=%(refname)%00%(upstream:short)%00%(objectname)%00%(upstream:track)%00%(upstream:remotename)%00%(upstream:remoteref) refs/heads/main refs/remotes/main [3ms]
2024-10-14 16:12:31.311 [info] > git config --get commit.template [7ms]
2024-10-14 16:12:31.314 [warning] [Git][revParse] Unable to read file: ENOENT: no such file or directory, open '/home/pro/Escritorio/libro/ejercicio-git-libro/.git/refs/remotes/origin/main'
2024-10-14 16:12:31.316 [info] > git rev-parse refs/remotes/origin/main [2ms]
2024-10-14 16:12:31.316 [info] fatal: ambiguous argument 'refs/remotes/origin/main': unknown revision or path not in the working tree.
Use '--' to separate paths from revisions, like this:
'git <command> [<revision>...] -- [<file>...]'
2024-10-14 16:12:31.323 [info] > git status -z -uall [2ms]
2024-10-14 16:12:31.334 [info] > git for-each-ref --format=%(refname)%00%(upstream:short)%00%(objectname)%00%(upstream:track)%00%(upstream:remotename)%00%(upstream:remoteref) refs/heads/main refs/remotes/main [3ms]
2024-10-14 16:12:31.339 [info] > git config --local branch.main.vscode-merge-base [1ms]
2024-10-14 16:12:31.339 [warning] [Git][config] git config failed: Failed to execute git
2024-10-14 16:12:31.345 [info] > git reflog main --grep-reflog=branch: Created from *. [1ms]
2024-10-14 16:12:31.350 [info] > git symbolic-ref --short refs/remotes/origin/HEAD [1ms]
2024-10-14 16:12:31.350 [info] fatal: ref refs/remotes/origin/HEAD is not a symbolic ref
2024-10-14 16:12:43.392 [info] > git config --get commit.template [12ms]
2024-10-14 16:12:43.394 [info] > git for-each-ref --format=%(refname)%00%(upstream:short)%00%(objectname)%00%(upstream:track)%00%(upstream:remotename)%00%(upstream:remoteref) refs/heads/main refs/remotes/main [4ms]
2024-10-14 16:12:43.405 [warning] [Git][revParse] Unable to read file: ENOENT: no such file or directory, open '/home/pro/Escritorio/libro/ejercicio-git-libro/.git/refs/remotes/origin/main'
2024-10-14 16:12:43.408 [info] > git rev-parse refs/remotes/origin/main [4ms]
2024-10-14 16:12:43.408 [info] fatal: ambiguous argument 'refs/remotes/origin/main': unknown revision or path not in the working tree.
Use '--' to separate paths from revisions, like this:
'git <command> [<revision>...] -- [<file>...]'
2024-10-14 16:12:43.424 [info] > git status -z -uall [7ms]
2024-10-14 16:12:43.445 [info] > git for-each-ref --format=%(refname)%00%(upstream:short)%00%(objectname)%00%(upstream:track)%00%(upstream:remotename)%00%(upstream:remoteref) refs/heads/main refs/remotes/main [6ms]
2024-10-14 16:12:43.458 [info] > git config --local branch.main.vscode-merge-base [3ms]
2024-10-14 16:12:43.458 [warning] [Git][config] git config failed: Failed to execute git
2024-10-14 16:12:43.468 [info] > git reflog main --grep-reflog=branch: Created from *. [2ms]
2024-10-14 16:12:43.473 [info] > git symbolic-ref --short refs/remotes/origin/HEAD [1ms]
2024-10-14 16:12:43.473 [info] fatal: ref refs/remotes/origin/HEAD is not a symbolic ref
2024-10-14 16:12:48.470 [info] > git config --get commit.template [16ms]
2024-10-14 16:12:48.475 [info] > git for-each-ref --format=%(refname)%00%(upstream:short)%00%(objectname)%00%(upstream:track)%00%(upstream:remotename)%00%(upstream:remoteref) refs/heads/main refs/remotes/main [6ms]
2024-10-14 16:12:48.489 [warning] [Git][revParse] Unable to read file: ENOENT: no such file or directory, open '/home/pro/Escritorio/libro/ejercicio-git-libro/.git/refs/remotes/origin/main'
2024-10-14 16:12:48.490 [info] > git rev-parse refs/remotes/origin/main [2ms]
2024-10-14 16:12:48.490 [info] fatal: ambiguous argument 'refs/remotes/origin/main': unknown revision or path not in the working tree.
Use '--' to separate paths from revisions, like this:
'git <command> [<revision>...] -- [<file>...]'
2024-10-14 16:12:48.508 [info] > git status -z -uall [4ms]
2024-10-14 16:12:48.521 [info] > git for-each-ref --format=%(refname)%00%(upstream:short)%00%(objectname)%00%(upstream:track)%00%(upstream:remotename)%00%(upstream:remoteref) refs/heads/main refs/remotes/main [5ms]
2024-10-14 16:12:48.529 [info] > git config --local branch.main.vscode-merge-base [4ms]
2024-10-14 16:12:48.529 [warning] [Git][config] git config failed: Failed to execute git
2024-10-14 16:12:48.537 [info] > git reflog main --grep-reflog=branch: Created from *. [4ms]
2024-10-14 16:12:48.542 [info] > git symbolic-ref --short refs/remotes/origin/HEAD [1ms]
2024-10-14 16:12:48.542 [info] fatal: ref refs/remotes/origin/HEAD is not a symbolic ref
2024-10-14 16:12:53.542 [info] > git config --get commit.template [12ms]
2024-10-14 16:12:53.545 [info] > git for-each-ref --format=%(refname)%00%(upstream:short)%00%(objectname)%00%(upstream:track)%00%(upstream:remotename)%00%(upstream:remoteref) refs/heads/main refs/remotes/main [4ms]
2024-10-14 16:12:53.554 [warning] [Git][revParse] Unable to read file: ENOENT: no such file or directory, open '/home/pro/Escritorio/libro/ejercicio-git-libro/.git/refs/remotes/origin/main'
2024-10-14 16:12:53.559 [info] > git rev-parse refs/remotes/origin/main [4ms]
2024-10-14 16:12:53.559 [info] fatal: ambiguous argument 'refs/remotes/origin/main': unknown revision or path not in the working tree.
Use '--' to separate paths from revisions, like this:
'git <command> [<revision>...] -- [<file>...]'
2024-10-14 16:12:53.573 [info] > git status -z -uall [4ms]
2024-10-14 16:12:53.594 [info] > git for-each-ref --format=%(refname)%00%(upstream:short)%00%(objectname)%00%(upstream:track)%00%(upstream:remotename)%00%(upstream:remoteref) refs/heads/main refs/remotes/main [10ms]
2024-10-14 16:12:53.601 [info] > git config --local branch.main.vscode-merge-base [3ms]
2024-10-14 16:12:53.601 [warning] [Git][config] git config failed: Failed to execute git
2024-10-14 16:12:53.608 [info] > git reflog main --grep-reflog=branch: Created from *. [2ms]
2024-10-14 16:12:53.613 [info] > git symbolic-ref --short refs/remotes/origin/HEAD [2ms]
2024-10-14 16:12:53.613 [info] fatal: ref refs/remotes/origin/HEAD is not a symbolic ref
2024-10-14 16:12:58.612 [info] > git config --get commit.template [13ms]
2024-10-14 16:12:58.616 [info] > git for-each-ref --format=%(refname)%00%(upstream:short)%00%(objectname)%00%(upstream:track)%00%(upstream:remotename)%00%(upstream:remoteref) refs/heads/main refs/remotes/main [5ms]
2024-10-14 16:12:58.626 [warning] [Git][revParse] Unable to read file: ENOENT: no such file or directory, open '/home/pro/Escritorio/libro/ejercicio-git-libro/.git/refs/remotes/origin/main'
2024-10-14 16:12:58.632 [info] > git rev-parse refs/remotes/origin/main [6ms]
2024-10-14 16:12:58.632 [info] fatal: ambiguous argument 'refs/remotes/origin/main': unknown revision or path not in the working tree.
Use '--' to separate paths from revisions, like this:
'git <command> [<revision>...] -- [<file>...]'
2024-10-14 16:12:58.643 [info] > git status -z -uall [4ms]
2024-10-14 16:12:58.657 [info] > git for-each-ref --format=%(refname)%00%(upstream:short)%00%(objectname)%00%(upstream:track)%00%(upstream:remotename)%00%(upstream:remoteref) refs/heads/main refs/remotes/main [5ms]
2024-10-14 16:12:58.664 [info] > git config --local branch.main.vscode-merge-base [1ms]
2024-10-14 16:12:58.664 [warning] [Git][config] git config failed: Failed to execute git
2024-10-14 16:12:58.670 [info] > git reflog main --grep-reflog=branch: Created from *. [2ms]
2024-10-14 16:12:58.674 [info] > git symbolic-ref --short refs/remotes/origin/HEAD [1ms]
2024-10-14 16:12:58.674 [info] fatal: ref refs/remotes/origin/HEAD is not a symbolic ref
2024-10-14 16:13:05.738 [info] > git config --get commit.template [7ms]
2024-10-14 16:13:05.747 [info] > git for-each-ref --format=%(refname)%00%(upstream:short)%00%(objectname)%00%(upstream:track)%00%(upstream:remotename)%00%(upstream:remoteref) refs/heads/main refs/remotes/main [9ms]
2024-10-14 16:13:05.751 [warning] [Git][revParse] Unable to read file: ENOENT: no such file or directory, open '/home/pro/Escritorio/libro/ejercicio-git-libro/.git/refs/remotes/origin/main'
2024-10-14 16:13:05.755 [info] > git rev-parse refs/remotes/origin/main [4ms]
2024-10-14 16:13:05.755 [info] fatal: ambiguous argument 'refs/remotes/origin/main': unknown revision or path not in the working tree.
Use '--' to separate paths from revisions, like this:
'git <command> [<revision>...] -- [<file>...]'
2024-10-14 16:13:05.760 [info] > git status -z -uall [2ms]
2024-10-14 16:13:05.769 [info] > git for-each-ref --format=%(refname)%00%(upstream:short)%00%(objectname)%00%(upstream:track)%00%(upstream:remotename)%00%(upstream:remoteref) refs/heads/main refs/remotes/main [4ms]
2024-10-14 16:13:05.776 [info] > git config --local branch.main.vscode-merge-base [3ms]
2024-10-14 16:13:05.776 [warning] [Git][config] git config failed: Failed to execute git
2024-10-14 16:13:05.794 [info] > git reflog main --grep-reflog=branch: Created from *. [3ms]
2024-10-14 16:13:05.809 [info] > git symbolic-ref --short refs/remotes/origin/HEAD [9ms]
2024-10-14 16:13:05.809 [info] fatal: ref refs/remotes/origin/HEAD is not a symbolic ref
2024-10-14 16:13:05.821 [info] > git merge-base refs/heads/main refs/remotes/origin/main [4ms]
2024-10-14 16:13:05.821 [info] fatal: Not a valid object name refs/remotes/origin/main
2024-10-14 16:13:05.821 [info] [GitHistoryProvider][resolveHistoryItemGroupCommonAncestor] Failed to resolve common ancestor for 'refs/heads/main' and 'refs/remotes/origin/main'
2024-10-14 16:13:06.860 [info] > git ls-files --stage -- /home/pro/Escritorio/libro/ejercicio-git-libro/README.md [3ms]
2024-10-14 16:13:06.865 [info] > git cat-file -s 6fd6613bf56b97a3100479559697cc757ed65d8f [2ms]
2024-10-14 16:13:06.871 [info] > git show --textconv :README.md [1ms]
2024-10-14 16:13:15.385 [info] > git config --get commit.template [3ms]
2024-10-14 16:13:15.392 [info] > git for-each-ref --format=%(refname)%00%(upstream:short)%00%(objectname)%00%(upstream:track)%00%(upstream:remotename)%00%(upstream:remoteref) refs/heads/main refs/remotes/main [2ms]
2024-10-14 16:13:15.402 [warning] [Git][revParse] Unable to read file: ENOENT: no such file or directory, open '/home/pro/Escritorio/libro/ejercicio-git-libro/.git/refs/remotes/origin/main'
2024-10-14 16:13:15.408 [info] > git rev-parse refs/remotes/origin/main [6ms]
2024-10-14 16:13:15.408 [info] fatal: ambiguous argument 'refs/remotes/origin/main': unknown revision or path not in the working tree.
Use '--' to separate paths from revisions, like this:
'git <command> [<revision>...] -- [<file>...]'
2024-10-14 16:13:15.429 [info] > git status -z -uall [5ms]
2024-10-14 16:13:15.448 [info] > git for-each-ref --format=%(refname)%00%(upstream:short)%00%(objectname)%00%(upstream:track)%00%(upstream:remotename)%00%(upstream:remoteref) refs/heads/main refs/remotes/main [4ms]
2024-10-14 16:13:15.479 [info] > git config --local branch.main.vscode-merge-base [10ms]
2024-10-14 16:13:15.479 [warning] [Git][config] git config failed: Failed to execute git
2024-10-14 16:13:15.498 [info] > git reflog main --grep-reflog=branch: Created from *. [2ms]
2024-10-14 16:13:15.515 [info] > git symbolic-ref --short refs/remotes/origin/HEAD [6ms]
2024-10-14 16:13:15.515 [info] fatal: ref refs/remotes/origin/HEAD is not a symbolic ref
2024-10-14 16:13:20.470 [info] > git config --get commit.template [12ms]
2024-10-14 16:13:20.474 [info] > git for-each-ref --format=%(refname)%00%(upstream:short)%00%(objectname)%00%(upstream:track)%00%(upstream:remotename)%00%(upstream:remoteref) refs/heads/main refs/remotes/main [5ms]
2024-10-14 16:13:20.479 [warning] [Git][revParse] Unable to read file: ENOENT: no such file or directory, open '/home/pro/Escritorio/libro/ejercicio-git-libro/.git/refs/remotes/origin/main'
2024-10-14 16:13:20.481 [info] > git rev-parse refs/remotes/origin/main [2ms]
2024-10-14 16:13:20.481 [info] fatal: ambiguous argument 'refs/remotes/origin/main': unknown revision or path not in the working tree.
Use '--' to separate paths from revisions, like this:
'git <command> [<revision>...] -- [<file>...]'
2024-10-14 16:13:20.487 [info] > git status -z -uall [2ms]
2024-10-14 16:13:20.495 [info] > git for-each-ref --format=%(refname)%00%(upstream:short)%00%(objectname)%00%(upstream:track)%00%(upstream:remotename)%00%(upstream:remoteref) refs/heads/main refs/remotes/main [3ms]
2024-10-14 16:13:20.501 [info] > git config --local branch.main.vscode-merge-base [2ms]
2024-10-14 16:13:20.501 [warning] [Git][config] git config failed: Failed to execute git
2024-10-14 16:13:20.506 [info] > git reflog main --grep-reflog=branch: Created from *. [2ms]
2024-10-14 16:13:20.510 [info] > git symbolic-ref --short refs/remotes/origin/HEAD [1ms]
2024-10-14 16:13:20.510 [info] fatal: ref refs/remotes/origin/HEAD is not a symbolic ref
2024-10-14 16:13:44.904 [info] > git config --get commit.template [16ms]
2024-10-14 16:13:44.927 [info] > git for-each-ref --format=%(refname)%00%(upstream:short)%00%(objectname)%00%(upstream:track)%00%(upstream:remotename)%00%(upstream:remoteref) refs/heads/main refs/remotes/main [2ms]
2024-10-14 16:13:44.932 [warning] [Git][revParse] Unable to read file: ENOENT: no such file or directory, open '/home/pro/Escritorio/libro/ejercicio-git-libro/.git/refs/remotes/origin/main'
2024-10-14 16:13:44.933 [info] > git rev-parse refs/remotes/origin/main [2ms]
2024-10-14 16:13:44.933 [info] fatal: ambiguous argument 'refs/remotes/origin/main': unknown revision or path not in the working tree.
Use '--' to separate paths from revisions, like this:
'git <command> [<revision>...] -- [<file>...]'
2024-10-14 16:13:44.947 [info] > git status -z -uall [2ms]
2024-10-14 16:13:44.957 [info] > git for-each-ref --format=%(refname)%00%(upstream:short)%00%(objectname)%00%(upstream:track)%00%(upstream:remotename)%00%(upstream:remoteref) refs/heads/main refs/remotes/main [5ms]
2024-10-14 16:13:44.964 [info] > git config --local branch.main.vscode-merge-base [2ms]
2024-10-14 16:13:44.964 [warning] [Git][config] git config failed: Failed to execute git
2024-10-14 16:13:44.980 [info] > git reflog main --grep-reflog=branch: Created from *. [12ms]
2024-10-14 16:13:44.996 [info] > git symbolic-ref --short refs/remotes/origin/HEAD [9ms]
2024-10-14 16:13:44.996 [info] fatal: ref refs/remotes/origin/HEAD is not a symbolic ref
2024-10-14 16:13:52.230 [info] > git config --get commit.template [10ms]
2024-10-14 16:13:52.233 [info] > git for-each-ref --format=%(refname)%00%(upstream:short)%00%(objectname)%00%(upstream:track)%00%(upstream:remotename)%00%(upstream:remoteref) refs/heads/main refs/remotes/main [4ms]
2024-10-14 16:13:52.238 [warning] [Git][revParse] Unable to read file: ENOENT: no such file or directory, open '/home/pro/Escritorio/libro/ejercicio-git-libro/.git/refs/remotes/origin/main'
2024-10-14 16:13:52.241 [info] > git rev-parse refs/remotes/origin/main [3ms]
2024-10-14 16:13:52.241 [info] fatal: ambiguous argument 'refs/remotes/origin/main': unknown revision or path not in the working tree.
Use '--' to separate paths from revisions, like this:
'git <command> [<revision>...] -- [<file>...]'
2024-10-14 16:13:52.246 [info] > git status -z -uall [1ms]
2024-10-14 16:13:52.258 [info] > git for-each-ref --format=%(refname)%00%(upstream:short)%00%(objectname)%00%(upstream:track)%00%(upstream:remotename)%00%(upstream:remoteref) refs/heads/main refs/remotes/main [5ms]
2024-10-14 16:13:52.264 [info] > git config --local branch.main.vscode-merge-base [2ms]
2024-10-14 16:13:52.264 [warning] [Git][config] git config failed: Failed to execute git
2024-10-14 16:13:52.270 [info] > git reflog main --grep-reflog=branch: Created from *. [2ms]
2024-10-14 16:13:52.275 [info] > git symbolic-ref --short refs/remotes/origin/HEAD [2ms]
2024-10-14 16:13:52.275 [info] fatal: ref refs/remotes/origin/HEAD is not a symbolic ref
2024-10-14 16:17:31.200 [info] > git config --get commit.template [5ms]
2024-10-14 16:17:31.201 [info] > git for-each-ref --format=%(refname)%00%(upstream:short)%00%(objectname)%00%(upstream:track)%00%(upstream:remotename)%00%(upstream:remoteref) refs/heads/main refs/remotes/main [2ms]
2024-10-14 16:17:31.205 [warning] [Git][revParse] Unable to read file: ENOENT: no such file or directory, open '/home/pro/Escritorio/libro/ejercicio-git-libro/.git/refs/remotes/origin/main'
2024-10-14 16:17:31.217 [info] > git rev-parse refs/remotes/origin/main [12ms]
2024-10-14 16:17:31.217 [info] fatal: ambiguous argument 'refs/remotes/origin/main': unknown revision or path not in the working tree.
Use '--' to separate paths from revisions, like this:
'git <command> [<revision>...] -- [<file>...]'
2024-10-14 16:17:31.232 [info] > git status -z -uall [5ms]
2024-10-14 16:17:31.246 [info] > git for-each-ref --format=%(refname)%00%(upstream:short)%00%(objectname)%00%(upstream:track)%00%(upstream:remotename)%00%(upstream:remoteref) refs/heads/main refs/remotes/main [2ms]
2024-10-14 16:17:31.260 [info] > git config --local branch.main.vscode-merge-base [5ms]
2024-10-14 16:17:31.260 [warning] [Git][config] git config failed: Failed to execute git
2024-10-14 16:17:31.266 [info] > git reflog main --grep-reflog=branch: Created from *. [2ms]
2024-10-14 16:17:31.274 [info] > git symbolic-ref --short refs/remotes/origin/HEAD [1ms]
2024-10-14 16:17:31.274 [info] fatal: ref refs/remotes/origin/HEAD is not a symbolic ref
2024-10-14 16:17:32.338 [info] > git ls-files --stage -- /home/pro/Escritorio/libro/ejercicio-git-libro/README.md [6ms]
2024-10-14 16:17:32.345 [info] > git cat-file -s f044402aaabfba6ac93b770014115c4e22dfcf0c [2ms]
2024-10-14 16:17:32.353 [info] > git show --textconv :README.md [2ms]
2024-10-14 16:17:40.157 [info] > git config --get commit.template [6ms]
2024-10-14 16:17:40.167 [info] > git for-each-ref --format=%(refname)%00%(upstream:short)%00%(objectname)%00%(upstream:track)%00%(upstream:remotename)%00%(upstream:remoteref) refs/heads/main refs/remotes/main [1ms]
2024-10-14 16:17:40.183 [info] > git status -z -uall [10ms]
2024-10-14 16:17:40.201 [info] > git for-each-ref --format=%(refname)%00%(upstream:short)%00%(objectname)%00%(upstream:track)%00%(upstream:remotename)%00%(upstream:remoteref) refs/heads/main refs/remotes/main [4ms]
2024-10-14 16:17:40.207 [info] > git config --local branch.main.vscode-merge-base [2ms]
2024-10-14 16:17:40.207 [warning] [Git][config] git config failed: Failed to execute git
2024-10-14 16:17:40.212 [info] > git reflog main --grep-reflog=branch: Created from *. [2ms]
2024-10-14 16:17:40.217 [info] > git symbolic-ref --short refs/remotes/origin/HEAD [1ms]
2024-10-14 16:17:40.217 [info] fatal: ref refs/remotes/origin/HEAD is not a symbolic ref
2024-10-14 16:17:40.232 [info] > git merge-base refs/heads/main refs/remotes/origin/main [12ms]
2024-10-14 16:17:40.245 [info] > git rev-list --count --left-right refs/heads/main...refs/remotes/origin/main [4ms]
2024-10-14 16:17:40.258 [info] > git diff --name-status -z --diff-filter=ADMR c01e5742bd7ef0000ae7c5d2057ed06071d07912...refs/remotes/origin/main [2ms]
2024-10-14 16:22:06.886 [info] > git check-ignore -v -z --stdin [5ms]
2024-10-14 16:23:43.572 [info] > git config --get commit.template [4ms]
2024-10-14 16:23:43.573 [info] > git for-each-ref --format=%(refname)%00%(upstream:short)%00%(objectname)%00%(upstream:track)%00%(upstream:remotename)%00%(upstream:remoteref) refs/heads/main refs/remotes/main [2ms]
2024-10-14 16:23:43.578 [info] > git status -z -uall [1ms]
2024-10-14 16:23:43.587 [info] > git for-each-ref --format=%(refname)%00%(upstream:short)%00%(objectname)%00%(upstream:track)%00%(upstream:remotename)%00%(upstream:remoteref) refs/heads/main refs/remotes/main [4ms]
2024-10-14 16:23:43.594 [info] > git config --local branch.main.vscode-merge-base [3ms]
2024-10-14 16:23:43.594 [warning] [Git][config] git config failed: Failed to execute git
2024-10-14 16:23:43.604 [info] > git reflog main --grep-reflog=branch: Created from *. [2ms]
2024-10-14 16:23:43.608 [info] > git symbolic-ref --short refs/remotes/origin/HEAD [1ms]
2024-10-14 16:23:43.608 [info] fatal: ref refs/remotes/origin/HEAD is not a symbolic ref
2024-10-14 16:23:57.733 [info] > git config --get commit.template [14ms]
2024-10-14 16:23:57.736 [info] > git for-each-ref --format=%(refname)%00%(upstream:short)%00%(objectname)%00%(upstream:track)%00%(upstream:remotename)%00%(upstream:remoteref) refs/heads/main refs/remotes/main [6ms]
2024-10-14 16:23:57.750 [info] > git status -z -uall [2ms]
2024-10-14 16:23:57.758 [info] > git for-each-ref --format=%(refname)%00%(upstream:short)%00%(objectname)%00%(upstream:track)%00%(upstream:remotename)%00%(upstream:remoteref) refs/heads/main refs/remotes/main [4ms]
2024-10-14 16:23:57.765 [info] > git config --local branch.main.vscode-merge-base [3ms]
2024-10-14 16:23:57.766 [warning] [Git][config] git config failed: Failed to execute git
2024-10-14 16:23:57.773 [info] > git reflog main --grep-reflog=branch: Created from *. [3ms]
2024-10-14 16:23:57.779 [info] > git symbolic-ref --short refs/remotes/origin/HEAD [2ms]
2024-10-14 16:23:57.779 [info] fatal: ref refs/remotes/origin/HEAD is not a symbolic ref
2024-10-14 16:24:02.780 [info] > git config --get commit.template [11ms]
2024-10-14 16:24:02.784 [info] > git for-each-ref --format=%(refname)%00%(upstream:short)%00%(objectname)%00%(upstream:track)%00%(upstream:remotename)%00%(upstream:remoteref) refs/heads/main refs/remotes/main [5ms]
2024-10-14 16:24:02.802 [info] > git status -z -uall [8ms]
2024-10-14 16:24:02.816 [info] > git for-each-ref --format=%(refname)%00%(upstream:short)%00%(objectname)%00%(upstream:track)%00%(upstream:remotename)%00%(upstream:remoteref) refs/heads/main refs/remotes/main [5ms]
2024-10-14 16:24:02.824 [info] > git config --local branch.main.vscode-merge-base [2ms]
2024-10-14 16:24:02.824 [warning] [Git][config] git config failed: Failed to execute git
2024-10-14 16:24:02.829 [info] > git reflog main --grep-reflog=branch: Created from *. [2ms]
2024-10-14 16:24:02.834 [info] > git symbolic-ref --short refs/remotes/origin/HEAD [2ms]
2024-10-14 16:24:02.834 [info] fatal: ref refs/remotes/origin/HEAD is not a symbolic ref
2024-10-14 16:26:22.573 [info] > git config --get commit.template [10ms]
2024-10-14 16:26:22.576 [info] > git for-each-ref --format=%(refname)%00%(upstream:short)%00%(objectname)%00%(upstream:track)%00%(upstream:remotename)%00%(upstream:remoteref) refs/heads/main refs/remotes/main [4ms]
2024-10-14 16:26:22.582 [info] > git status -z -uall [2ms]
2024-10-14 16:26:22.594 [info] > git for-each-ref --format=%(refname)%00%(upstream:short)%00%(objectname)%00%(upstream:track)%00%(upstream:remotename)%00%(upstream:remoteref) refs/heads/main refs/remotes/main [6ms]
2024-10-14 16:26:22.600 [info] > git config --local branch.main.vscode-merge-base [2ms]
2024-10-14 16:26:22.600 [warning] [Git][config] git config failed: Failed to execute git
2024-10-14 16:26:22.605 [info] > git reflog main --grep-reflog=branch: Created from *. [2ms]
2024-10-14 16:26:22.609 [info] > git symbolic-ref --short refs/remotes/origin/HEAD [1ms]
2024-10-14 16:26:22.609 [info] fatal: ref refs/remotes/origin/HEAD is not a symbolic ref
2024-10-14 16:26:27.604 [info] > git config --get commit.template [9ms]
2024-10-14 16:26:27.604 [info] > git for-each-ref --format=%(refname)%00%(upstream:short)%00%(objectname)%00%(upstream:track)%00%(upstream:remotename)%00%(upstream:remoteref) refs/heads/main refs/remotes/main [2ms]
2024-10-14 16:26:27.610 [info] > git status -z -uall [2ms]
2024-10-14 16:26:27.627 [info] > git for-each-ref --format=%(refname)%00%(upstream:short)%00%(objectname)%00%(upstream:track)%00%(upstream:remotename)%00%(upstream:remoteref) refs/heads/main refs/remotes/main [4ms]
2024-10-14 16:26:27.635 [info] > git config --local branch.main.vscode-merge-base [3ms]
2024-10-14 16:26:27.635 [warning] [Git][config] git config failed: Failed to execute git
2024-10-14 16:26:27.641 [info] > git reflog main --grep-reflog=branch: Created from *. [2ms]
2024-10-14 16:26:27.651 [info] > git symbolic-ref --short refs/remotes/origin/HEAD [7ms]
2024-10-14 16:26:27.651 [info] fatal: ref refs/remotes/origin/HEAD is not a symbolic ref
2024-10-14 16:26:33.330 [info] > git config --get commit.template [6ms]
2024-10-14 16:26:33.344 [info] > git for-each-ref --format=%(refname)%00%(upstream:short)%00%(objectname)%00%(upstream:track)%00%(upstream:remotename)%00%(upstream:remoteref) refs/heads/main refs/remotes/main [5ms]
2024-10-14 16:26:33.360 [info] > git status -z -uall [4ms]
2024-10-14 16:26:33.375 [info] > git for-each-ref --format=%(refname)%00%(upstream:short)%00%(objectname)%00%(upstream:track)%00%(upstream:remotename)%00%(upstream:remoteref) refs/heads/main refs/remotes/main [6ms]
2024-10-14 16:26:33.382 [info] > git config --local branch.main.vscode-merge-base [3ms]
2024-10-14 16:26:33.382 [warning] [Git][config] git config failed: Failed to execute git
2024-10-14 16:26:33.388 [info] > git reflog main --grep-reflog=branch: Created from *. [2ms]
2024-10-14 16:26:33.392 [info] > git symbolic-ref --short refs/remotes/origin/HEAD [1ms]
2024-10-14 16:26:33.392 [info] fatal: ref refs/remotes/origin/HEAD is not a symbolic ref
2024-10-14 16:26:38.397 [info] > git config --get commit.template [13ms]
2024-10-14 16:26:38.400 [info] > git for-each-ref --format=%(refname)%00%(upstream:short)%00%(objectname)%00%(upstream:track)%00%(upstream:remotename)%00%(upstream:remoteref) refs/heads/main refs/remotes/main [3ms]
2024-10-14 16:26:38.408 [info] > git status -z -uall [2ms]
2024-10-14 16:26:38.417 [info] > git for-each-ref --format=%(refname)%00%(upstream:short)%00%(objectname)%00%(upstream:track)%00%(upstream:remotename)%00%(upstream:remoteref) refs/heads/main refs/remotes/main [4ms]
2024-10-14 16:26:38.422 [info] > git config --local branch.main.vscode-merge-base [2ms]
2024-10-14 16:26:38.422 [warning] [Git][config] git config failed: Failed to execute git
2024-10-14 16:26:38.427 [info] > git reflog main --grep-reflog=branch: Created from *. [2ms]
2024-10-14 16:26:38.431 [info] > git symbolic-ref --short refs/remotes/origin/HEAD [1ms]
2024-10-14 16:26:38.431 [info] fatal: ref refs/remotes/origin/HEAD is not a symbolic ref
2024-10-14 16:26:43.441 [info] > git config --get commit.template [13ms]
2024-10-14 16:26:43.444 [info] > git for-each-ref --format=%(refname)%00%(upstream:short)%00%(objectname)%00%(upstream:track)%00%(upstream:remotename)%00%(upstream:remoteref) refs/heads/main refs/remotes/main [4ms]
2024-10-14 16:26:43.457 [info] > git status -z -uall [3ms]
2024-10-14 16:26:43.479 [info] > git for-each-ref --format=%(refname)%00%(upstream:short)%00%(objectname)%00%(upstream:track)%00%(upstream:remotename)%00%(upstream:remoteref) refs/heads/main refs/remotes/main [3ms]
2024-10-14 16:26:43.485 [info] > git config --local branch.main.vscode-merge-base [2ms]
2024-10-14 16:26:43.485 [warning] [Git][config] git config failed: Failed to execute git
2024-10-14 16:26:43.490 [info] > git reflog main --grep-reflog=branch: Created from *. [1ms]
2024-10-14 16:26:43.495 [info] > git symbolic-ref --short refs/remotes/origin/HEAD [1ms]
2024-10-14 16:26:43.495 [info] fatal: ref refs/remotes/origin/HEAD is not a symbolic ref
2024-10-14 16:26:52.529 [info] > git for-each-ref --format=%(refname)%00%(upstream:short)%00%(objectname)%00%(upstream:track)%00%(upstream:remotename)%00%(upstream:remoteref) refs/heads/main refs/remotes/main [4ms]
2024-10-14 16:26:52.529 [info] > git config --get commit.template [20ms]
2024-10-14 16:26:52.544 [info] > git status -z -uall [2ms]
2024-10-14 16:26:52.570 [info] > git for-each-ref --format=%(refname)%00%(upstream:short)%00%(objectname)%00%(upstream:track)%00%(upstream:remotename)%00%(upstream:remoteref) refs/heads/main refs/remotes/main [12ms]
2024-10-14 16:26:52.577 [info] > git config --local branch.main.vscode-merge-base [2ms]
2024-10-14 16:26:52.577 [warning] [Git][config] git config failed: Failed to execute git
2024-10-14 16:26:52.605 [info] > git reflog main --grep-reflog=branch: Created from *. [14ms]
2024-10-14 16:26:52.634 [info] > git symbolic-ref --short refs/remotes/origin/HEAD [4ms]
2024-10-14 16:26:52.634 [info] fatal: ref refs/remotes/origin/HEAD is not a symbolic ref
2024-10-14 16:26:58.019 [info] > git config --get commit.template [7ms]
2024-10-14 16:26:58.021 [info] > git for-each-ref --format=%(refname)%00%(upstream:short)%00%(objectname)%00%(upstream:track)%00%(upstream:remotename)%00%(upstream:remoteref) refs/heads/main refs/remotes/main [3ms]
2024-10-14 16:26:58.030 [info] > git status -z -uall [3ms]
2024-10-14 16:26:58.048 [info] > git for-each-ref --format=%(refname)%00%(upstream:short)%00%(objectname)%00%(upstream:track)%00%(upstream:remotename)%00%(upstream:remoteref) refs/heads/main refs/remotes/main [6ms]
2024-10-14 16:26:58.056 [info] > git config --local branch.main.vscode-merge-base [2ms]
2024-10-14 16:26:58.056 [warning] [Git][config] git config failed: Failed to execute git
2024-10-14 16:26:58.064 [info] > git reflog main --grep-reflog=branch: Created from *. [4ms]
2024-10-14 16:26:58.070 [info] > git symbolic-ref --short refs/remotes/origin/HEAD [1ms]
2024-10-14 16:26:58.070 [info] fatal: ref refs/remotes/origin/HEAD is not a symbolic ref
2024-10-14 16:27:17.965 [info] > git config --get commit.template [5ms]
2024-10-14 16:27:17.968 [info] > git for-each-ref --format=%(refname)%00%(upstream:short)%00%(objectname)%00%(upstream:track)%00%(upstream:remotename)%00%(upstream:remoteref) refs/heads/main refs/remotes/main [4ms]
2024-10-14 16:27:17.999 [info] > git status -z -uall [14ms]
2024-10-14 16:27:18.033 [info] > git for-each-ref --format=%(refname)%00%(upstream:short)%00%(objectname)%00%(upstream:track)%00%(upstream:remotename)%00%(upstream:remoteref) refs/heads/main refs/remotes/main [23ms]
2024-10-14 16:27:18.045 [info] > git config --local branch.main.vscode-merge-base [3ms]
2024-10-14 16:27:18.045 [warning] [Git][config] git config failed: Failed to execute git
2024-10-14 16:27:18.053 [info] > git check-ignore -v -z --stdin [22ms]
2024-10-14 16:27:18.062 [info] > git reflog main --grep-reflog=branch: Created from *. [9ms]
2024-10-14 16:27:18.082 [info] > git symbolic-ref --short refs/remotes/origin/HEAD [11ms]
2024-10-14 16:27:18.082 [info] fatal: ref refs/remotes/origin/HEAD is not a symbolic ref
2024-10-14 16:27:25.076 [info] > git config --get commit.template [4ms]
2024-10-14 16:27:25.077 [info] > git for-each-ref --format=%(refname)%00%(upstream:short)%00%(objectname)%00%(upstream:track)%00%(upstream:remotename)%00%(upstream:remoteref) refs/heads/main refs/remotes/main [1ms]
2024-10-14 16:27:25.082 [info] > git status -z -uall [2ms]
2024-10-14 16:27:25.089 [info] > git for-each-ref --format=%(refname)%00%(upstream:short)%00%(objectname)%00%(upstream:track)%00%(upstream:remotename)%00%(upstream:remoteref) refs/heads/main refs/remotes/main [3ms]
2024-10-14 16:27:25.094 [info] > git config --local branch.main.vscode-merge-base [1ms]
2024-10-14 16:27:25.094 [warning] [Git][config] git config failed: Failed to execute git
2024-10-14 16:27:25.100 [info] > git reflog main --grep-reflog=branch: Created from *. [2ms]
2024-10-14 16:27:25.104 [info] > git symbolic-ref --short refs/remotes/origin/HEAD [1ms]
2024-10-14 16:27:25.104 [info] fatal: ref refs/remotes/origin/HEAD is not a symbolic ref
2024-10-14 16:27:35.403 [info] > git config --get commit.template [2ms]
2024-10-14 16:27:35.410 [info] > git for-each-ref --format=%(refname)%00%(upstream:short)%00%(objectname)%00%(upstream:track)%00%(upstream:remotename)%00%(upstream:remoteref) refs/heads/main refs/remotes/main [2ms]
2024-10-14 16:27:35.424 [info] > git status -z -uall [10ms]
2024-10-14 16:27:35.433 [info] > git for-each-ref --format=%(refname)%00%(upstream:short)%00%(objectname)%00%(upstream:track)%00%(upstream:remotename)%00%(upstream:remoteref) refs/heads/main refs/remotes/main [4ms]
2024-10-14 16:27:35.438 [info] > git config --local branch.main.vscode-merge-base [2ms]
2024-10-14 16:27:35.438 [warning] [Git][config] git config failed: Failed to execute git
2024-10-14 16:27:35.443 [info] > git reflog main --grep-reflog=branch: Created from *. [2ms]
2024-10-14 16:27:35.448 [info] > git symbolic-ref --short refs/remotes/origin/HEAD [1ms]
2024-10-14 16:27:35.448 [info] fatal: ref refs/remotes/origin/HEAD is not a symbolic ref
2024-10-14 16:27:40.441 [info] > git config --get commit.template [5ms]
2024-10-14 16:27:40.443 [info] > git for-each-ref --format=%(refname)%00%(upstream:short)%00%(objectname)%00%(upstream:track)%00%(upstream:remotename)%00%(upstream:remoteref) refs/heads/main refs/remotes/main [3ms]
2024-10-14 16:27:40.450 [info] > git status -z -uall [1ms]
2024-10-14 16:27:40.458 [info] > git for-each-ref --format=%(refname)%00%(upstream:short)%00%(objectname)%00%(upstream:track)%00%(upstream:remotename)%00%(upstream:remoteref) refs/heads/main refs/remotes/main [4ms]
2024-10-14 16:27:40.464 [info] > git config --local branch.main.vscode-merge-base [2ms]
2024-10-14 16:27:40.464 [warning] [Git][config] git config failed: Failed to execute git
2024-10-14 16:27:40.472 [info] > git reflog main --grep-reflog=branch: Created from *. [4ms]
2024-10-14 16:27:40.476 [info] > git symbolic-ref --short refs/remotes/origin/HEAD [1ms]
2024-10-14 16:27:40.476 [info] fatal: ref refs/remotes/origin/HEAD is not a symbolic ref
2024-10-14 16:27:51.189 [info] > git config --get commit.template [7ms]
2024-10-14 16:27:51.199 [info] > git for-each-ref --format=%(refname)%00%(upstream:short)%00%(objectname)%00%(upstream:track)%00%(upstream:remotename)%00%(upstream:remoteref) refs/heads/main refs/remotes/main [3ms]
2024-10-14 16:27:51.208 [info] > git status -z -uall [2ms]
2024-10-14 16:27:51.217 [info] > git for-each-ref --format=%(refname)%00%(upstream:short)%00%(objectname)%00%(upstream:track)%00%(upstream:remotename)%00%(upstream:remoteref) refs/heads/main refs/remotes/main [5ms]
2024-10-14 16:27:51.224 [info] > git config --local branch.main.vscode-merge-base [2ms]
2024-10-14 16:27:51.224 [warning] [Git][config] git config failed: Failed to execute git
2024-10-14 16:27:51.230 [info] > git reflog main --grep-reflog=branch: Created from *. [2ms]
2024-10-14 16:27:51.234 [info] > git symbolic-ref --short refs/remotes/origin/HEAD [1ms]
2024-10-14 16:27:51.234 [info] fatal: ref refs/remotes/origin/HEAD is not a symbolic ref
2024-10-14 16:27:56.251 [info] > git config --get commit.template [28ms]
2024-10-14 16:27:56.259 [info] > git for-each-ref --format=%(refname)%00%(upstream:short)%00%(objectname)%00%(upstream:track)%00%(upstream:remotename)%00%(upstream:remoteref) refs/heads/main refs/remotes/main [9ms]
2024-10-14 16:27:56.277 [info] > git status -z -uall [2ms]
2024-10-14 16:27:56.295 [info] > git for-each-ref --format=%(refname)%00%(upstream:short)%00%(objectname)%00%(upstream:track)%00%(upstream:remotename)%00%(upstream:remoteref) refs/heads/main refs/remotes/main [1ms]
2024-10-14 16:27:56.303 [info] > git config --local branch.main.vscode-merge-base [1ms]
2024-10-14 16:27:56.303 [warning] [Git][config] git config failed: Failed to execute git
2024-10-14 16:27:56.312 [info] > git reflog main --grep-reflog=branch: Created from *. [2ms]
2024-10-14 16:27:56.318 [info] > git symbolic-ref --short refs/remotes/origin/HEAD [2ms]
2024-10-14 16:27:56.318 [info] fatal: ref refs/remotes/origin/HEAD is not a symbolic ref
2024-10-14 16:28:01.544 [info] > git config --get commit.template [7ms]
2024-10-14 16:28:01.546 [info] > git for-each-ref --format=%(refname)%00%(upstream:short)%00%(objectname)%00%(upstream:track)%00%(upstream:remotename)%00%(upstream:remoteref) refs/heads/main refs/remotes/main [3ms]
2024-10-14 16:28:01.556 [info] > git status -z -uall [2ms]
2024-10-14 16:28:01.564 [info] > git for-each-ref --format=%(refname)%00%(upstream:short)%00%(objectname)%00%(upstream:track)%00%(upstream:remotename)%00%(upstream:remoteref) refs/heads/main refs/remotes/main [3ms]
2024-10-14 16:28:01.571 [info] > git config --local branch.main.vscode-merge-base [2ms]
2024-10-14 16:28:01.571 [warning] [Git][config] git config failed: Failed to execute git
2024-10-14 16:28:01.577 [info] > git reflog main --grep-reflog=branch: Created from *. [2ms]
2024-10-14 16:28:01.581 [info] > git symbolic-ref --short refs/remotes/origin/HEAD [1ms]
2024-10-14 16:28:01.581 [info] fatal: ref refs/remotes/origin/HEAD is not a symbolic ref
2024-10-14 16:28:07.689 [info] > git config --get commit.template [5ms]
2024-10-14 16:28:07.691 [info] > git for-each-ref --format=%(refname)%00%(upstream:short)%00%(objectname)%00%(upstream:track)%00%(upstream:remotename)%00%(upstream:remoteref) refs/heads/main refs/remotes/main [3ms]
2024-10-14 16:28:07.697 [info] > git status -z -uall [1ms]
2024-10-14 16:28:07.706 [info] > git for-each-ref --format=%(refname)%00%(upstream:short)%00%(objectname)%00%(upstream:track)%00%(upstream:remotename)%00%(upstream:remoteref) refs/heads/main refs/remotes/main [4ms]
2024-10-14 16:28:07.711 [info] > git config --local branch.main.vscode-merge-base [1ms]
2024-10-14 16:28:07.711 [warning] [Git][config] git config failed: Failed to execute git
2024-10-14 16:28:07.717 [info] > git reflog main --grep-reflog=branch: Created from *. [2ms]
2024-10-14 16:28:07.722 [info] > git symbolic-ref --short refs/remotes/origin/HEAD [1ms]
2024-10-14 16:28:07.722 [info] fatal: ref refs/remotes/origin/HEAD is not a symbolic ref
2024-10-14 16:28:14.746 [info] > git config --get commit.template [5ms]
2024-10-14 16:28:14.748 [info] > git for-each-ref --format=%(refname)%00%(upstream:short)%00%(objectname)%00%(upstream:track)%00%(upstream:remotename)%00%(upstream:remoteref) refs/heads/main refs/remotes/main [2ms]
2024-10-14 16:28:14.759 [info] > git status -z -uall [3ms]
2024-10-14 16:28:14.768 [info] > git for-each-ref --format=%(refname)%00%(upstream:short)%00%(objectname)%00%(upstream:track)%00%(upstream:remotename)%00%(upstream:remoteref) refs/heads/main refs/remotes/main [4ms]
2024-10-14 16:28:14.774 [info] > git config --local branch.main.vscode-merge-base [2ms]
2024-10-14 16:28:14.774 [warning] [Git][config] git config failed: Failed to execute git
2024-10-14 16:28:14.780 [info] > git reflog main --grep-reflog=branch: Created from *. [3ms]
2024-10-14 16:28:14.784 [info] > git symbolic-ref --short refs/remotes/origin/HEAD [2ms]
2024-10-14 16:28:14.784 [info] fatal: ref refs/remotes/origin/HEAD is not a symbolic ref
2024-10-14 16:28:15.879 [info] > git ls-files --stage -- /home/pro/Escritorio/libro/ejercicio-git-libro/README.md [6ms]
2024-10-14 16:28:15.892 [info] > git cat-file -s 5e0cd3a46ca3a902698949ecbb070b5d1e01da81 [4ms]
2024-10-14 16:28:15.910 [info] > git show --textconv :README.md [4ms]
2024-10-14 16:28:21.767 [info] > git config --get commit.template [12ms]
2024-10-14 16:28:21.774 [info] > git for-each-ref --format=%(refname)%00%(upstream:short)%00%(objectname)%00%(upstream:track)%00%(upstream:remotename)%00%(upstream:remoteref) refs/heads/main refs/remotes/main [9ms]
2024-10-14 16:28:21.789 [info] > git status -z -uall [4ms]
2024-10-14 16:28:21.805 [info] > git for-each-ref --format=%(refname)%00%(upstream:short)%00%(objectname)%00%(upstream:track)%00%(upstream:remotename)%00%(upstream:remoteref) refs/heads/main refs/remotes/main [7ms]
2024-10-14 16:28:21.821 [info] > git config --local branch.main.vscode-merge-base [9ms]
2024-10-14 16:28:21.821 [warning] [Git][config] git config failed: Failed to execute git
2024-10-14 16:28:21.828 [info] > git reflog main --grep-reflog=branch: Created from *. [3ms]
2024-10-14 16:28:21.834 [info] > git symbolic-ref --short refs/remotes/origin/HEAD [3ms]
2024-10-14 16:28:21.834 [info] fatal: ref refs/remotes/origin/HEAD is not a symbolic ref
2024-10-14 16:28:43.317 [info] > git config --get commit.template [11ms]
2024-10-14 16:28:43.320 [info] > git for-each-ref --format=%(refname)%00%(upstream:short)%00%(objectname)%00%(upstream:track)%00%(upstream:remotename)%00%(upstream:remoteref) refs/heads/main refs/remotes/main [4ms]
2024-10-14 16:28:43.336 [info] > git status -z -uall [5ms]
2024-10-14 16:28:43.358 [info] > git for-each-ref --format=%(refname)%00%(upstream:short)%00%(objectname)%00%(upstream:track)%00%(upstream:remotename)%00%(upstream:remoteref) refs/heads/main refs/remotes/main [8ms]
2024-10-14 16:28:43.364 [info] > git config --local branch.main.vscode-merge-base [2ms]
2024-10-14 16:28:43.364 [warning] [Git][config] git config failed: Failed to execute git
2024-10-14 16:28:43.370 [info] > git reflog main --grep-reflog=branch: Created from *. [2ms]
2024-10-14 16:28:43.375 [info] > git symbolic-ref --short refs/remotes/origin/HEAD [2ms]
2024-10-14 16:28:43.375 [info] fatal: ref refs/remotes/origin/HEAD is not a symbolic ref
2024-10-14 16:28:48.395 [info] > git for-each-ref --format=%(refname)%00%(upstream:short)%00%(objectname)%00%(upstream:track)%00%(upstream:remotename)%00%(upstream:remoteref) refs/heads/main refs/remotes/main [3ms]
2024-10-14 16:28:48.396 [info] > git config --get commit.template [30ms]
2024-10-14 16:28:48.405 [info] > git status -z -uall [2ms]
2024-10-14 16:28:48.417 [info] > git for-each-ref --format=%(refname)%00%(upstream:short)%00%(objectname)%00%(upstream:track)%00%(upstream:remotename)%00%(upstream:remoteref) refs/heads/main refs/remotes/main [6ms]
2024-10-14 16:28:48.424 [info] > git config --local branch.main.vscode-merge-base [3ms]
2024-10-14 16:28:48.424 [warning] [Git][config] git config failed: Failed to execute git
2024-10-14 16:28:48.433 [info] > git reflog main --grep-reflog=branch: Created from *. [4ms]
2024-10-14 16:28:48.437 [info] > git symbolic-ref --short refs/remotes/origin/HEAD [1ms]
2024-10-14 16:28:48.437 [info] fatal: ref refs/remotes/origin/HEAD is not a symbolic ref
2024-10-14 16:28:53.423 [info] > git config --get commit.template [4ms]
2024-10-14 16:28:53.424 [info] > git for-each-ref --format=%(refname)%00%(upstream:short)%00%(objectname)%00%(upstream:track)%00%(upstream:remotename)%00%(upstream:remoteref) refs/heads/main refs/remotes/main [2ms]
2024-10-14 16:28:53.429 [info] > git status -z -uall [1ms]
2024-10-14 16:28:53.435 [info] > git for-each-ref --format=%(refname)%00%(upstream:short)%00%(objectname)%00%(upstream:track)%00%(upstream:remotename)%00%(upstream:remoteref) refs/heads/main refs/remotes/main [2ms]
2024-10-14 16:28:53.440 [info] > git config --local branch.main.vscode-merge-base [1ms]
2024-10-14 16:28:53.440 [warning] [Git][config] git config failed: Failed to execute git
2024-10-14 16:28:53.446 [info] > git reflog main --grep-reflog=branch: Created from *. [1ms]
2024-10-14 16:28:53.451 [info] > git symbolic-ref --short refs/remotes/origin/HEAD [1ms]
2024-10-14 16:28:53.451 [info] fatal: ref refs/remotes/origin/HEAD is not a symbolic ref
2024-10-14 16:30:03.000 [info] > git for-each-ref --format=%(refname)%00%(upstream:short)%00%(objectname)%00%(upstream:track)%00%(upstream:remotename)%00%(upstream:remoteref) refs/heads/main refs/remotes/main [1ms]
2024-10-14 16:30:03.016 [info] > git config --get commit.template [26ms]
2024-10-14 16:30:03.046 [info] > git status -z -uall [17ms]
2024-10-14 16:30:03.076 [info] > git for-each-ref --format=%(refname)%00%(upstream:short)%00%(objectname)%00%(upstream:track)%00%(upstream:remotename)%00%(upstream:remoteref) refs/heads/main refs/remotes/main [15ms]
2024-10-14 16:30:03.083 [info] > git config --local branch.main.vscode-merge-base [3ms]
2024-10-14 16:30:03.083 [warning] [Git][config] git config failed: Failed to execute git
2024-10-14 16:30:03.112 [info] > git reflog main --grep-reflog=branch: Created from *. [19ms]
2024-10-14 16:30:03.122 [info] > git symbolic-ref --short refs/remotes/origin/HEAD [1ms]
2024-10-14 16:30:03.122 [info] fatal: ref refs/remotes/origin/HEAD is not a symbolic ref
2024-10-14 16:30:03.130 [info] > git merge-base refs/heads/main refs/remotes/origin/main [1ms]
2024-10-14 16:30:03.138 [info] > git rev-list --count --left-right refs/heads/main...refs/remotes/origin/main [3ms]
2024-10-14 16:30:03.147 [info] > git diff --name-status -z --diff-filter=ADMR c01e5742bd7ef0000ae7c5d2057ed06071d07912...refs/remotes/origin/main [2ms]
2024-10-14 16:30:04.161 [info] > git ls-files --stage -- /home/pro/Escritorio/libro/ejercicio-git-libro/README.md [10ms]
2024-10-14 16:30:04.170 [info] > git cat-file -s 5e0cd3a46ca3a902698949ecbb070b5d1e01da81 [4ms]
2024-10-14 16:30:04.181 [info] > git show --textconv :README.md [2ms]
2024-10-14 16:30:15.953 [info] > git config --get commit.template [12ms]
2024-10-14 16:30:15.959 [info] > git for-each-ref --format=%(refname)%00%(upstream:short)%00%(objectname)%00%(upstream:track)%00%(upstream:remotename)%00%(upstream:remoteref) refs/heads/main refs/remotes/main [8ms]
2024-10-14 16:30:15.968 [info] > git status -z -uall [2ms]
2024-10-14 16:30:15.981 [info] > git for-each-ref --format=%(refname)%00%(upstream:short)%00%(objectname)%00%(upstream:track)%00%(upstream:remotename)%00%(upstream:remoteref) refs/heads/main refs/remotes/main [6ms]
2024-10-14 16:30:15.987 [info] > git config --local branch.main.vscode-merge-base [1ms]
2024-10-14 16:30:15.987 [warning] [Git][config] git config failed: Failed to execute git
2024-10-14 16:30:15.993 [info] > git reflog main --grep-reflog=branch: Created from *. [2ms]
2024-10-14 16:30:15.997 [info] > git symbolic-ref --short refs/remotes/origin/HEAD [1ms]
2024-10-14 16:30:15.997 [info] fatal: ref refs/remotes/origin/HEAD is not a symbolic ref
2024-10-14 16:30:23.093 [info] > git config --get commit.template [6ms]
2024-10-14 16:30:23.095 [info] > git for-each-ref --format=%(refname)%00%(upstream:short)%00%(objectname)%00%(upstream:track)%00%(upstream:remotename)%00%(upstream:remoteref) refs/heads/main refs/remotes/main [2ms]
2024-10-14 16:30:23.101 [info] > git status -z -uall [2ms]
2024-10-14 16:30:23.111 [info] > git for-each-ref --format=%(refname)%00%(upstream:short)%00%(objectname)%00%(upstream:track)%00%(upstream:remotename)%00%(upstream:remoteref) refs/heads/main refs/remotes/main [6ms]
2024-10-14 16:30:23.120 [info] > git config --local branch.main.vscode-merge-base [4ms]
2024-10-14 16:30:23.120 [warning] [Git][config] git config failed: Failed to execute git
2024-10-14 16:30:23.128 [info] > git reflog main --grep-reflog=branch: Created from *. [4ms]
2024-10-14 16:30:23.140 [info] > git symbolic-ref --short refs/remotes/origin/HEAD [8ms]
2024-10-14 16:30:23.140 [info] fatal: ref refs/remotes/origin/HEAD is not a symbolic ref
2024-10-14 16:30:28.132 [info] > git config --get commit.template [12ms]
2024-10-14 16:30:28.137 [info] > git for-each-ref --format=%(refname)%00%(upstream:short)%00%(objectname)%00%(upstream:track)%00%(upstream:remotename)%00%(upstream:remoteref) refs/heads/main refs/remotes/main [7ms]
2024-10-14 16:30:28.158 [info] > git status -z -uall [11ms]
2024-10-14 16:30:28.177 [info] > git for-each-ref --format=%(refname)%00%(upstream:short)%00%(objectname)%00%(upstream:track)%00%(upstream:remotename)%00%(upstream:remoteref) refs/heads/main refs/remotes/main [6ms]
2024-10-14 16:30:28.184 [info] > git config --local branch.main.vscode-merge-base [3ms]
2024-10-14 16:30:28.184 [warning] [Git][config] git config failed: Failed to execute git
2024-10-14 16:30:28.190 [info] > git reflog main --grep-reflog=branch: Created from *. [2ms]
2024-10-14 16:30:28.195 [info] > git symbolic-ref --short refs/remotes/origin/HEAD [2ms]
2024-10-14 16:30:28.195 [info] fatal: ref refs/remotes/origin/HEAD is not a symbolic ref
2024-10-14 16:30:34.947 [info] > git config --get commit.template [4ms]
2024-10-14 16:30:34.948 [info] > git for-each-ref --format=%(refname)%00%(upstream:short)%00%(objectname)%00%(upstream:track)%00%(upstream:remotename)%00%(upstream:remoteref) refs/heads/main refs/remotes/main [1ms]
2024-10-14 16:30:34.953 [info] > git status -z -uall [1ms]
2024-10-14 16:30:34.977 [info] > git for-each-ref --format=%(refname)%00%(upstream:short)%00%(objectname)%00%(upstream:track)%00%(upstream:remotename)%00%(upstream:remoteref) refs/heads/main refs/remotes/main [13ms]
2024-10-14 16:30:34.989 [info] > git config --local branch.main.vscode-merge-base [4ms]
2024-10-14 16:30:34.989 [warning] [Git][config] git config failed: Failed to execute git
2024-10-14 16:30:35.009 [info] > git reflog main --grep-reflog=branch: Created from *. [2ms]
2024-10-14 16:30:35.023 [info] > git symbolic-ref --short refs/remotes/origin/HEAD [6ms]
2024-10-14 16:30:35.023 [info] fatal: ref refs/remotes/origin/HEAD is not a symbolic ref
2024-10-14 16:30:39.986 [info] > git config --get commit.template [9ms]
2024-10-14 16:30:39.992 [info] > git for-each-ref --format=%(refname)%00%(upstream:short)%00%(objectname)%00%(upstream:track)%00%(upstream:remotename)%00%(upstream:remoteref) refs/heads/main refs/remotes/main [8ms]
2024-10-14 16:30:40.001 [info] > git status -z -uall [3ms]
2024-10-14 16:30:40.010 [info] > git for-each-ref --format=%(refname)%00%(upstream:short)%00%(objectname)%00%(upstream:track)%00%(upstream:remotename)%00%(upstream:remoteref) refs/heads/main refs/remotes/main [4ms]
2024-10-14 16:30:40.015 [info] > git config --local branch.main.vscode-merge-base [1ms]
2024-10-14 16:30:40.015 [warning] [Git][config] git config failed: Failed to execute git
2024-10-14 16:30:40.021 [info] > git reflog main --grep-reflog=branch: Created from *. [2ms]
2024-10-14 16:30:40.027 [info] > git symbolic-ref --short refs/remotes/origin/HEAD [2ms]
2024-10-14 16:30:40.027 [info] fatal: ref refs/remotes/origin/HEAD is not a symbolic ref
2024-10-14 16:32:02.933 [info] > git config --get commit.template [13ms]
2024-10-14 16:32:02.944 [info] > git check-ignore -v -z --stdin [13ms]
2024-10-14 16:32:02.948 [info] > git for-each-ref --format=%(refname)%00%(upstream:short)%00%(objectname)%00%(upstream:track)%00%(upstream:remotename)%00%(upstream:remoteref) refs/heads/main refs/remotes/main [5ms]
2024-10-14 16:32:02.965 [info] > git status -z -uall [6ms]
2024-10-14 16:32:02.988 [info] > git for-each-ref --format=%(refname)%00%(upstream:short)%00%(objectname)%00%(upstream:track)%00%(upstream:remotename)%00%(upstream:remoteref) refs/heads/main refs/remotes/main [5ms]
2024-10-14 16:32:02.996 [info] > git config --local branch.main.vscode-merge-base [2ms]
2024-10-14 16:32:02.996 [warning] [Git][config] git config failed: Failed to execute git
2024-10-14 16:32:03.002 [info] > git reflog main --grep-reflog=branch: Created from *. [3ms]
2024-10-14 16:32:03.007 [info] > git symbolic-ref --short refs/remotes/origin/HEAD [1ms]
2024-10-14 16:32:03.007 [info] fatal: ref refs/remotes/origin/HEAD is not a symbolic ref
2024-10-14 16:32:08.946 [info] > git show --textconv :kj gshkbr [10ms]
2024-10-14 16:32:08.950 [info] > git ls-files --stage -- /home/pro/Escritorio/libro/ejercicio-git-libro/kj gshkbr [4ms]
2024-10-14 16:32:12.806 [info] > git show --textconv :README.md [8ms]
2024-10-14 16:32:12.809 [info] > git ls-files --stage -- /home/pro/Escritorio/libro/ejercicio-git-libro/README.md [3ms]
2024-10-14 16:32:12.816 [info] > git cat-file -s 5e0cd3a46ca3a902698949ecbb070b5d1e01da81 [3ms]
2024-10-14 16:33:25.335 [info] > git for-each-ref --format=%(refname)%00%(upstream:short)%00%(objectname)%00%(upstream:track)%00%(upstream:remotename)%00%(upstream:remoteref) refs/heads/main refs/remotes/main [2ms]
2024-10-14 16:33:25.336 [info] > git config --get commit.template [7ms]
2024-10-14 16:33:25.352 [info] > git status -z -uall [13ms]
2024-10-14 16:33:25.374 [info] > git for-each-ref --format=%(refname)%00%(upstream:short)%00%(objectname)%00%(upstream:track)%00%(upstream:remotename)%00%(upstream:remoteref) refs/heads/main refs/remotes/main [14ms]
2024-10-14 16:33:25.382 [info] > git config --local branch.main.vscode-merge-base [3ms]
2024-10-14 16:33:25.382 [warning] [Git][config] git config failed: Failed to execute git
2024-10-14 16:33:25.389 [info] > git reflog main --grep-reflog=branch: Created from *. [3ms]
2024-10-14 16:33:25.402 [info] > git symbolic-ref --short refs/remotes/origin/HEAD [2ms]
2024-10-14 16:33:25.402 [info] fatal: ref refs/remotes/origin/HEAD is not a symbolic ref
2024-10-14 16:33:30.387 [info] > git config --get commit.template [11ms]
2024-10-14 16:33:30.393 [info] > git for-each-ref --format=%(refname)%00%(upstream:short)%00%(objectname)%00%(upstream:track)%00%(upstream:remotename)%00%(upstream:remoteref) refs/heads/main refs/remotes/main [7ms]
2024-10-14 16:33:30.415 [info] > git status -z -uall [7ms]
2024-10-14 16:33:30.429 [info] > git for-each-ref --format=%(refname)%00%(upstream:short)%00%(objectname)%00%(upstream:track)%00%(upstream:remotename)%00%(upstream:remoteref) refs/heads/main refs/remotes/main [4ms]
2024-10-14 16:33:30.435 [info] > git config --local branch.main.vscode-merge-base [2ms]
2024-10-14 16:33:30.435 [warning] [Git][config] git config failed: Failed to execute git
2024-10-14 16:33:30.440 [info] > git reflog main --grep-reflog=branch: Created from *. [2ms]
2024-10-14 16:33:30.444 [info] > git symbolic-ref --short refs/remotes/origin/HEAD [1ms]
2024-10-14 16:33:30.444 [info] fatal: ref refs/remotes/origin/HEAD is not a symbolic ref
2024-10-14 16:33:35.452 [info] > git config --get commit.template [12ms]
2024-10-14 16:33:35.456 [info] > git for-each-ref --format=%(refname)%00%(upstream:short)%00%(objectname)%00%(upstream:track)%00%(upstream:remotename)%00%(upstream:remoteref) refs/heads/main refs/remotes/main [5ms]
2024-10-14 16:33:35.472 [info] > git status -z -uall [5ms]
2024-10-14 16:33:35.491 [info] > git for-each-ref --format=%(refname)%00%(upstream:short)%00%(objectname)%00%(upstream:track)%00%(upstream:remotename)%00%(upstream:remoteref) refs/heads/main refs/remotes/main [8ms]
2024-10-14 16:33:35.500 [info] > git config --local branch.main.vscode-merge-base [2ms]
2024-10-14 16:33:35.500 [warning] [Git][config] git config failed: Failed to execute git
2024-10-14 16:33:35.508 [info] > git reflog main --grep-reflog=branch: Created from *. [3ms]
2024-10-14 16:33:35.513 [info] > git symbolic-ref --short refs/remotes/origin/HEAD [2ms]
2024-10-14 16:33:35.513 [info] fatal: ref refs/remotes/origin/HEAD is not a symbolic ref
2024-10-14 16:33:40.510 [info] > git config --get commit.template [6ms]
2024-10-14 16:33:40.513 [info] > git for-each-ref --format=%(refname)%00%(upstream:short)%00%(objectname)%00%(upstream:track)%00%(upstream:remotename)%00%(upstream:remoteref) refs/heads/main refs/remotes/main [3ms]
2024-10-14 16:33:40.519 [info] > git status -z -uall [2ms]
2024-10-14 16:33:40.532 [info] > git for-each-ref --format=%(refname)%00%(upstream:short)%00%(objectname)%00%(upstream:track)%00%(upstream:remotename)%00%(upstream:remoteref) refs/heads/main refs/remotes/main [8ms]
2024-10-14 16:33:40.538 [info] > git config --local branch.main.vscode-merge-base [2ms]
2024-10-14 16:33:40.538 [warning] [Git][config] git config failed: Failed to execute git
2024-10-14 16:33:40.556 [info] > git reflog main --grep-reflog=branch: Created from *. [13ms]
2024-10-14 16:33:40.573 [info] > git symbolic-ref --short refs/remotes/origin/HEAD [8ms]
2024-10-14 16:33:40.573 [info] fatal: ref refs/remotes/origin/HEAD is not a symbolic ref
2024-10-14 16:35:45.733 [info] > git config --get commit.template [7ms]
2024-10-14 16:35:45.734 [info] > git for-each-ref --format=%(refname)%00%(upstream:short)%00%(objectname)%00%(upstream:track)%00%(upstream:remotename)%00%(upstream:remoteref) refs/heads/main refs/remotes/main [2ms]
2024-10-14 16:35:45.743 [info] > git status -z -uall [3ms]
2024-10-14 16:35:45.758 [info] > git for-each-ref --format=%(refname)%00%(upstream:short)%00%(objectname)%00%(upstream:track)%00%(upstream:remotename)%00%(upstream:remoteref) refs/heads/main refs/remotes/main [5ms]
2024-10-14 16:35:45.767 [info] > git config --local branch.main.vscode-merge-base [2ms]
2024-10-14 16:35:45.767 [warning] [Git][config] git config failed: Failed to execute git
2024-10-14 16:35:45.777 [info] > git reflog main --grep-reflog=branch: Created from *. [4ms]
2024-10-14 16:35:45.780 [info] > git check-ignore -v -z --stdin [4ms]
2024-10-14 16:35:45.781 [info] > git symbolic-ref --short refs/remotes/origin/HEAD [1ms]
2024-10-14 16:35:45.781 [info] fatal: ref refs/remotes/origin/HEAD is not a symbolic ref
2024-10-14 16:35:50.765 [info] > git config --get commit.template [4ms]
2024-10-14 16:35:50.766 [info] > git for-each-ref --format=%(refname)%00%(upstream:short)%00%(objectname)%00%(upstream:track)%00%(upstream:remotename)%00%(upstream:remoteref) refs/heads/main refs/remotes/main [1ms]
2024-10-14 16:35:50.771 [info] > git status -z -uall [1ms]
2024-10-14 16:35:50.781 [info] > git for-each-ref --format=%(refname)%00%(upstream:short)%00%(objectname)%00%(upstream:track)%00%(upstream:remotename)%00%(upstream:remoteref) refs/heads/main refs/remotes/main [4ms]
2024-10-14 16:35:50.787 [info] > git config --local branch.main.vscode-merge-base [2ms]
2024-10-14 16:35:50.787 [warning] [Git][config] git config failed: Failed to execute git
2024-10-14 16:35:50.793 [info] > git reflog main --grep-reflog=branch: Created from *. [2ms]
2024-10-14 16:35:50.797 [info] > git symbolic-ref --short refs/remotes/origin/HEAD [1ms]
2024-10-14 16:35:50.797 [info] fatal: ref refs/remotes/origin/HEAD is not a symbolic ref
2024-10-14 16:35:56.451 [info] > git config --get commit.template [4ms]
2024-10-14 16:35:56.452 [info] > git for-each-ref --format=%(refname)%00%(upstream:short)%00%(objectname)%00%(upstream:track)%00%(upstream:remotename)%00%(upstream:remoteref) refs/heads/main refs/remotes/main [2ms]
2024-10-14 16:35:56.457 [info] > git status -z -uall [2ms]
2024-10-14 16:35:56.468 [info] > git for-each-ref --format=%(refname)%00%(upstream:short)%00%(objectname)%00%(upstream:track)%00%(upstream:remotename)%00%(upstream:remoteref) refs/heads/main refs/remotes/main [4ms]
2024-10-14 16:35:56.473 [info] > git config --local branch.main.vscode-merge-base [2ms]
2024-10-14 16:35:56.473 [warning] [Git][config] git config failed: Failed to execute git
2024-10-14 16:35:56.480 [info] > git reflog main --grep-reflog=branch: Created from *. [2ms]
2024-10-14 16:35:56.486 [info] > git symbolic-ref --short refs/remotes/origin/HEAD [3ms]
2024-10-14 16:35:56.486 [info] fatal: ref refs/remotes/origin/HEAD is not a symbolic ref
2024-10-14 16:36:12.824 [info] > git config --get commit.template [14ms]
2024-10-14 16:36:12.825 [info] > git for-each-ref --format=%(refname)%00%(upstream:short)%00%(objectname)%00%(upstream:track)%00%(upstream:remotename)%00%(upstream:remoteref) refs/heads/main refs/remotes/main [2ms]
2024-10-14 16:36:12.831 [info] > git status -z -uall [2ms]
2024-10-14 16:36:12.859 [info] > git for-each-ref --format=%(refname)%00%(upstream:short)%00%(objectname)%00%(upstream:track)%00%(upstream:remotename)%00%(upstream:remoteref) refs/heads/main refs/remotes/main [17ms]
2024-10-14 16:36:12.868 [info] > git config --local branch.main.vscode-merge-base [2ms]
2024-10-14 16:36:12.868 [warning] [Git][config] git config failed: Failed to execute git
2024-10-14 16:36:12.875 [info] > git reflog main --grep-reflog=branch: Created from *. [3ms]
2024-10-14 16:36:12.881 [info] > git symbolic-ref --short refs/remotes/origin/HEAD [1ms]
2024-10-14 16:36:12.881 [info] fatal: ref refs/remotes/origin/HEAD is not a symbolic ref
2024-10-14 16:36:17.853 [info] > git config --get commit.template [6ms]
2024-10-14 16:36:17.855 [info] > git for-each-ref --format=%(refname)%00%(upstream:short)%00%(objectname)%00%(upstream:track)%00%(upstream:remotename)%00%(upstream:remoteref) refs/heads/main refs/remotes/main [2ms]
2024-10-14 16:36:17.862 [info] > git status -z -uall [2ms]
2024-10-14 16:36:17.871 [info] > git for-each-ref --format=%(refname)%00%(upstream:short)%00%(objectname)%00%(upstream:track)%00%(upstream:remotename)%00%(upstream:remoteref) refs/heads/main refs/remotes/main [4ms]
2024-10-14 16:36:17.877 [info] > git config --local branch.main.vscode-merge-base [0ms]
2024-10-14 16:36:17.877 [warning] [Git][config] git config failed: Failed to execute git
2024-10-14 16:36:17.883 [info] > git reflog main --grep-reflog=branch: Created from *. [2ms]
2024-10-14 16:36:17.888 [info] > git symbolic-ref --short refs/remotes/origin/HEAD [2ms]
2024-10-14 16:36:17.888 [info] fatal: ref refs/remotes/origin/HEAD is not a symbolic ref
2024-10-14 16:36:22.895 [info] > git config --get commit.template [14ms]
2024-10-14 16:36:22.901 [info] > git for-each-ref --format=%(refname)%00%(upstream:short)%00%(objectname)%00%(upstream:track)%00%(upstream:remotename)%00%(upstream:remoteref) refs/heads/main refs/remotes/main [8ms]
2024-10-14 16:36:22.918 [info] > git status -z -uall [4ms]
2024-10-14 16:36:22.934 [info] > git for-each-ref --format=%(refname)%00%(upstream:short)%00%(objectname)%00%(upstream:track)%00%(upstream:remotename)%00%(upstream:remoteref) refs/heads/main refs/remotes/main [7ms]
2024-10-14 16:36:22.943 [info] > git config --local branch.main.vscode-merge-base [3ms]
2024-10-14 16:36:22.943 [warning] [Git][config] git config failed: Failed to execute git
2024-10-14 16:36:22.950 [info] > git reflog main --grep-reflog=branch: Created from *. [2ms]
2024-10-14 16:36:22.955 [info] > git symbolic-ref --short refs/remotes/origin/HEAD [1ms]
2024-10-14 16:36:22.955 [info] fatal: ref refs/remotes/origin/HEAD is not a symbolic ref
2024-10-14 16:36:27.938 [info] > git config --get commit.template [4ms]
2024-10-14 16:36:27.940 [info] > git for-each-ref --format=%(refname)%00%(upstream:short)%00%(objectname)%00%(upstream:track)%00%(upstream:remotename)%00%(upstream:remoteref) refs/heads/main refs/remotes/main [2ms]
2024-10-14 16:36:27.946 [info] > git status -z -uall [2ms]
2024-10-14 16:36:27.953 [info] > git for-each-ref --format=%(refname)%00%(upstream:short)%00%(objectname)%00%(upstream:track)%00%(upstream:remotename)%00%(upstream:remoteref) refs/heads/main refs/remotes/main [3ms]
2024-10-14 16:36:27.960 [info] > git config --local branch.main.vscode-merge-base [3ms]
2024-10-14 16:36:27.960 [warning] [Git][config] git config failed: Failed to execute git
2024-10-14 16:36:27.967 [info] > git reflog main --grep-reflog=branch: Created from *. [2ms]
2024-10-14 16:36:27.971 [info] > git symbolic-ref --short refs/remotes/origin/HEAD [1ms]
2024-10-14 16:36:27.971 [info] fatal: ref refs/remotes/origin/HEAD is not a symbolic ref
2024-10-14 16:36:32.959 [info] > git config --get commit.template [4ms]
2024-10-14 16:36:32.961 [info] > git for-each-ref --format=%(refname)%00%(upstream:short)%00%(objectname)%00%(upstream:track)%00%(upstream:remotename)%00%(upstream:remoteref) refs/heads/main refs/remotes/main [3ms]
2024-10-14 16:36:32.966 [info] > git status -z -uall [2ms]
2024-10-14 16:36:32.973 [info] > git for-each-ref --format=%(refname)%00%(upstream:short)%00%(objectname)%00%(upstream:track)%00%(upstream:remotename)%00%(upstream:remoteref) refs/heads/main refs/remotes/main [3ms]
2024-10-14 16:36:32.979 [info] > git config --local branch.main.vscode-merge-base [2ms]
2024-10-14 16:36:32.979 [warning] [Git][config] git config failed: Failed to execute git
2024-10-14 16:36:32.985 [info] > git reflog main --grep-reflog=branch: Created from *. [2ms]
2024-10-14 16:36:33.009 [info] > git symbolic-ref --short refs/remotes/origin/HEAD [21ms]
2024-10-14 16:36:33.009 [info] fatal: ref refs/remotes/origin/HEAD is not a symbolic ref
2024-10-14 16:36:38.000 [info] > git config --get commit.template [12ms]
2024-10-14 16:36:38.003 [info] > git for-each-ref --format=%(refname)%00%(upstream:short)%00%(objectname)%00%(upstream:track)%00%(upstream:remotename)%00%(upstream:remoteref) refs/heads/main refs/remotes/main [4ms]
2024-10-14 16:36:38.020 [info] > git status -z -uall [5ms]
2024-10-14 16:36:38.039 [info] > git for-each-ref --format=%(refname)%00%(upstream:short)%00%(objectname)%00%(upstream:track)%00%(upstream:remotename)%00%(upstream:remoteref) refs/heads/main refs/remotes/main [7ms]
2024-10-14 16:36:38.048 [info] > git config --local branch.main.vscode-merge-base [3ms]
2024-10-14 16:36:38.048 [warning] [Git][config] git config failed: Failed to execute git
2024-10-14 16:36:38.054 [info] > git reflog main --grep-reflog=branch: Created from *. [2ms]
2024-10-14 16:36:38.058 [info] > git symbolic-ref --short refs/remotes/origin/HEAD [1ms]
2024-10-14 16:36:38.058 [info] fatal: ref refs/remotes/origin/HEAD is not a symbolic ref
2024-10-14 16:36:44.625 [info] > git config --get commit.template [4ms]
2024-10-14 16:36:44.625 [info] > git for-each-ref --format=%(refname)%00%(upstream:short)%00%(objectname)%00%(upstream:track)%00%(upstream:remotename)%00%(upstream:remoteref) refs/heads/main refs/remotes/main [1ms]
2024-10-14 16:36:44.635 [info] > git status -z -uall [2ms]
2024-10-14 16:36:44.644 [info] > git for-each-ref --format=%(refname)%00%(upstream:short)%00%(objectname)%00%(upstream:track)%00%(upstream:remotename)%00%(upstream:remoteref) refs/heads/main refs/remotes/main [5ms]
2024-10-14 16:36:44.672 [info] > git config --local branch.main.vscode-merge-base [11ms]
2024-10-14 16:36:44.672 [warning] [Git][config] git config failed: Failed to execute git
2024-10-14 16:36:44.689 [info] > git reflog main --grep-reflog=branch: Created from *. [4ms]
2024-10-14 16:36:44.708 [info] > git symbolic-ref --short refs/remotes/origin/HEAD [6ms]
2024-10-14 16:36:44.708 [info] fatal: ref refs/remotes/origin/HEAD is not a symbolic ref
2024-10-14 16:36:50.892 [info] > git config --get commit.template [12ms]
2024-10-14 16:36:50.896 [info] > git for-each-ref --format=%(refname)%00%(upstream:short)%00%(objectname)%00%(upstream:track)%00%(upstream:remotename)%00%(upstream:remoteref) refs/heads/main refs/remotes/main [6ms]
2024-10-14 16:36:50.912 [info] > git status -z -uall [6ms]
2024-10-14 16:36:50.936 [info] > git for-each-ref --format=%(refname)%00%(upstream:short)%00%(objectname)%00%(upstream:track)%00%(upstream:remotename)%00%(upstream:remoteref) refs/heads/main refs/remotes/main [6ms]
2024-10-14 16:36:50.943 [info] > git config --local branch.main.vscode-merge-base [1ms]
2024-10-14 16:36:50.943 [warning] [Git][config] git config failed: Failed to execute git
2024-10-14 16:36:50.950 [info] > git reflog main --grep-reflog=branch: Created from *. [3ms]
2024-10-14 16:36:50.954 [info] > git symbolic-ref --short refs/remotes/origin/HEAD [1ms]
2024-10-14 16:36:50.954 [info] fatal: ref refs/remotes/origin/HEAD is not a symbolic ref
2024-10-14 16:37:20.883 [info] > git config --get commit.template [5ms]
2024-10-14 16:37:20.885 [info] > git for-each-ref --format=%(refname)%00%(upstream:short)%00%(objectname)%00%(upstream:track)%00%(upstream:remotename)%00%(upstream:remoteref) refs/heads/main refs/remotes/main [3ms]
2024-10-14 16:37:20.891 [info] > git status -z -uall [2ms]
2024-10-14 16:37:20.898 [info] > git for-each-ref --format=%(refname)%00%(upstream:short)%00%(objectname)%00%(upstream:track)%00%(upstream:remotename)%00%(upstream:remoteref) refs/heads/main refs/remotes/main [4ms]
2024-10-14 16:37:20.904 [info] > git config --local branch.main.vscode-merge-base [2ms]
2024-10-14 16:37:20.904 [warning] [Git][config] git config failed: Failed to execute git
2024-10-14 16:37:20.909 [info] > git reflog main --grep-reflog=branch: Created from *. [2ms]
2024-10-14 16:37:20.914 [info] > git symbolic-ref --short refs/remotes/origin/HEAD [1ms]
2024-10-14 16:37:20.914 [info] fatal: ref refs/remotes/origin/HEAD is not a symbolic ref
2024-10-14 16:37:57.595 [info] > git config --get commit.template [4ms]
2024-10-14 16:37:57.596 [info] > git for-each-ref --format=%(refname)%00%(upstream:short)%00%(objectname)%00%(upstream:track)%00%(upstream:remotename)%00%(upstream:remoteref) refs/heads/main refs/remotes/main [2ms]
2024-10-14 16:37:57.601 [info] > git status -z -uall [2ms]
2024-10-14 16:37:57.607 [info] > git for-each-ref --format=%(refname)%00%(upstream:short)%00%(objectname)%00%(upstream:track)%00%(upstream:remotename)%00%(upstream:remoteref) refs/heads/main refs/remotes/main [2ms]
2024-10-14 16:37:57.613 [info] > git config --local branch.main.vscode-merge-base [1ms]
2024-10-14 16:37:57.613 [warning] [Git][config] git config failed: Failed to execute git
2024-10-14 16:37:57.618 [info] > git reflog main --grep-reflog=branch: Created from *. [2ms]
2024-10-14 16:37:57.622 [info] > git symbolic-ref --short refs/remotes/origin/HEAD [1ms]
2024-10-14 16:37:57.622 [info] fatal: ref refs/remotes/origin/HEAD is not a symbolic ref
2024-10-14 16:38:14.963 [info] > git config --get commit.template [3ms]
2024-10-14 16:38:14.969 [info] > git for-each-ref --format=%(refname)%00%(upstream:short)%00%(objectname)%00%(upstream:track)%00%(upstream:remotename)%00%(upstream:remoteref) refs/heads/main refs/remotes/main [3ms]
2024-10-14 16:38:14.977 [info] > git status -z -uall [1ms]
2024-10-14 16:38:14.983 [info] > git for-each-ref --format=%(refname)%00%(upstream:short)%00%(objectname)%00%(upstream:track)%00%(upstream:remotename)%00%(upstream:remoteref) refs/heads/main refs/remotes/main [3ms]
2024-10-14 16:38:14.988 [info] > git config --local branch.main.vscode-merge-base [1ms]
2024-10-14 16:38:14.989 [warning] [Git][config] git config failed: Failed to execute git
2024-10-14 16:38:14.994 [info] > git reflog main --grep-reflog=branch: Created from *. [2ms]
2024-10-14 16:38:14.998 [info] > git symbolic-ref --short refs/remotes/origin/HEAD [1ms]
2024-10-14 16:38:14.999 [info] fatal: ref refs/remotes/origin/HEAD is not a symbolic ref
2024-10-14 16:38:22.480 [info] > git config --get commit.template [33ms]
2024-10-14 16:38:22.488 [info] > git for-each-ref --format=%(refname)%00%(upstream:short)%00%(objectname)%00%(upstream:track)%00%(upstream:remotename)%00%(upstream:remoteref) refs/heads/main refs/remotes/main [8ms]
2024-10-14 16:38:22.518 [info] > git status -z -uall [13ms]
2024-10-14 16:38:22.540 [info] > git for-each-ref --format=%(refname)%00%(upstream:short)%00%(objectname)%00%(upstream:track)%00%(upstream:remotename)%00%(upstream:remoteref) refs/heads/main refs/remotes/main [4ms]
2024-10-14 16:38:22.568 [info] > git config --local branch.main.vscode-merge-base [7ms]
2024-10-14 16:38:22.568 [warning] [Git][config] git config failed: Failed to execute git
2024-10-14 16:38:22.588 [info] > git reflog main --grep-reflog=branch: Created from *. [7ms]
2024-10-14 16:38:22.602 [info] > git symbolic-ref --short refs/remotes/origin/HEAD [8ms]
2024-10-14 16:38:22.602 [info] fatal: ref refs/remotes/origin/HEAD is not a symbolic ref
2024-10-14 16:38:27.564 [info] > git config --get commit.template [14ms]
2024-10-14 16:38:27.569 [info] > git for-each-ref --format=%(refname)%00%(upstream:short)%00%(objectname)%00%(upstream:track)%00%(upstream:remotename)%00%(upstream:remoteref) refs/heads/main refs/remotes/main [10ms]
2024-10-14 16:38:27.580 [info] > git status -z -uall [6ms]
2024-10-14 16:38:27.590 [info] > git for-each-ref --format=%(refname)%00%(upstream:short)%00%(objectname)%00%(upstream:track)%00%(upstream:remotename)%00%(upstream:remoteref) refs/heads/main refs/remotes/main [6ms]
2024-10-14 16:38:27.596 [info] > git config --local branch.main.vscode-merge-base [2ms]
2024-10-14 16:38:27.596 [warning] [Git][config] git config failed: Failed to execute git
2024-10-14 16:38:27.604 [info] > git reflog main --grep-reflog=branch: Created from *. [4ms]
2024-10-14 16:38:27.611 [info] > git symbolic-ref --short refs/remotes/origin/HEAD [2ms]
2024-10-14 16:38:27.611 [info] fatal: ref refs/remotes/origin/HEAD is not a symbolic ref
2024-10-14 16:38:32.611 [info] > git config --get commit.template [8ms]
2024-10-14 16:38:32.615 [info] > git for-each-ref --format=%(refname)%00%(upstream:short)%00%(objectname)%00%(upstream:track)%00%(upstream:remotename)%00%(upstream:remoteref) refs/heads/main refs/remotes/main [5ms]
2024-10-14 16:38:32.635 [info] > git status -z -uall [2ms]
2024-10-14 16:38:32.649 [info] > git for-each-ref --format=%(refname)%00%(upstream:short)%00%(objectname)%00%(upstream:track)%00%(upstream:remotename)%00%(upstream:remoteref) refs/heads/main refs/remotes/main [7ms]
2024-10-14 16:38:32.664 [info] > git config --local branch.main.vscode-merge-base [0ms]
2024-10-14 16:38:32.664 [warning] [Git][config] git config failed: Failed to execute git
2024-10-14 16:38:32.672 [info] > git reflog main --grep-reflog=branch: Created from *. [1ms]
2024-10-14 16:38:32.677 [info] > git symbolic-ref --short refs/remotes/origin/HEAD [1ms]
2024-10-14 16:38:32.677 [info] fatal: ref refs/remotes/origin/HEAD is not a symbolic ref
2024-10-14 16:38:37.678 [info] > git config --get commit.template [20ms]
2024-10-14 16:38:37.684 [info] > git for-each-ref --format=%(refname)%00%(upstream:short)%00%(objectname)%00%(upstream:track)%00%(upstream:remotename)%00%(upstream:remoteref) refs/heads/main refs/remotes/main [7ms]
2024-10-14 16:38:37.697 [info] > git status -z -uall [5ms]
2024-10-14 16:38:37.706 [info] > git for-each-ref --format=%(refname)%00%(upstream:short)%00%(objectname)%00%(upstream:track)%00%(upstream:remotename)%00%(upstream:remoteref) refs/heads/main refs/remotes/main [4ms]
2024-10-14 16:38:37.713 [info] > git config --local branch.main.vscode-merge-base [3ms]
2024-10-14 16:38:37.713 [warning] [Git][config] git config failed: Failed to execute git
2024-10-14 16:38:37.719 [info] > git reflog main --grep-reflog=branch: Created from *. [1ms]
2024-10-14 16:38:37.723 [info] > git symbolic-ref --short refs/remotes/origin/HEAD [1ms]
2024-10-14 16:38:37.723 [info] fatal: ref refs/remotes/origin/HEAD is not a symbolic ref
2024-10-14 16:38:40.706 [info] > git config --get commit.template [4ms]
2024-10-14 16:38:40.707 [info] > git for-each-ref --format=%(refname)%00%(upstream:short)%00%(objectname)%00%(upstream:track)%00%(upstream:remotename)%00%(upstream:remoteref) refs/heads/main refs/remotes/main [1ms]
2024-10-14 16:38:40.713 [info] > git status -z -uall [2ms]
2024-10-14 16:38:40.720 [info] > git for-each-ref --format=%(refname)%00%(upstream:short)%00%(objectname)%00%(upstream:track)%00%(upstream:remotename)%00%(upstream:remoteref) refs/heads/main refs/remotes/main [3ms]
2024-10-14 16:38:40.731 [info] > git config --local branch.main.vscode-merge-base [3ms]
2024-10-14 16:38:40.731 [warning] [Git][config] git config failed: Failed to execute git
2024-10-14 16:38:40.737 [info] > git reflog main --grep-reflog=branch: Created from *. [2ms]
2024-10-14 16:38:40.741 [info] > git symbolic-ref --short refs/remotes/origin/HEAD [1ms]
2024-10-14 16:38:40.741 [info] fatal: ref refs/remotes/origin/HEAD is not a symbolic ref
2024-10-14 16:38:41.842 [info] > git ls-files --stage -- /home/pro/Escritorio/libro/ejercicio-git-libro/README.md [2ms]
2024-10-14 16:38:41.852 [info] > git cat-file -s ee5f3fbc43888f77c49b106241318e5c1014417a [6ms]
2024-10-14 16:38:41.882 [info] > git show --textconv :README.md [7ms]
2024-10-14 16:38:47.959 [info] > git config --get commit.template [12ms]
2024-10-14 16:38:47.962 [info] > git for-each-ref --format=%(refname)%00%(upstream:short)%00%(objectname)%00%(upstream:track)%00%(upstream:remotename)%00%(upstream:remoteref) refs/heads/main refs/remotes/main [4ms]
2024-10-14 16:38:47.973 [info] > git status -z -uall [1ms]
2024-10-14 16:38:47.991 [info] > git for-each-ref --format=%(refname)%00%(upstream:short)%00%(objectname)%00%(upstream:track)%00%(upstream:remotename)%00%(upstream:remoteref) refs/heads/main refs/remotes/main [4ms]
2024-10-14 16:38:47.997 [info] > git config --local branch.main.vscode-merge-base [2ms]
2024-10-14 16:38:47.997 [warning] [Git][config] git config failed: Failed to execute git
2024-10-14 16:38:48.018 [info] > git reflog main --grep-reflog=branch: Created from *. [8ms]
2024-10-14 16:38:48.030 [info] > git symbolic-ref --short refs/remotes/origin/HEAD [5ms]
2024-10-14 16:38:48.030 [info] fatal: ref refs/remotes/origin/HEAD is not a symbolic ref
2024-10-14 16:39:01.539 [info] > git config --get commit.template [12ms]
2024-10-14 16:39:01.542 [info] > git for-each-ref --format=%(refname)%00%(upstream:short)%00%(objectname)%00%(upstream:track)%00%(upstream:remotename)%00%(upstream:remoteref) refs/heads/main refs/remotes/main [4ms]
2024-10-14 16:39:01.559 [info] > git status -z -uall [5ms]
2024-10-14 16:39:01.577 [info] > git for-each-ref --format=%(refname)%00%(upstream:short)%00%(objectname)%00%(upstream:track)%00%(upstream:remotename)%00%(upstream:remoteref) refs/heads/main refs/remotes/main [7ms]
2024-10-14 16:39:01.585 [info] > git config --local branch.main.vscode-merge-base [2ms]
2024-10-14 16:39:01.585 [warning] [Git][config] git config failed: Failed to execute git
2024-10-14 16:39:01.591 [info] > git reflog main --grep-reflog=branch: Created from *. [2ms]
2024-10-14 16:39:01.595 [info] > git symbolic-ref --short refs/remotes/origin/HEAD [1ms]
2024-10-14 16:39:01.595 [info] fatal: ref refs/remotes/origin/HEAD is not a symbolic ref
2024-10-14 16:39:06.586 [info] > git config --get commit.template [6ms]
2024-10-14 16:39:06.590 [info] > git for-each-ref --format=%(refname)%00%(upstream:short)%00%(objectname)%00%(upstream:track)%00%(upstream:remotename)%00%(upstream:remoteref) refs/heads/main refs/remotes/main [4ms]
2024-10-14 16:39:06.597 [info] > git status -z -uall [2ms]
2024-10-14 16:39:06.617 [info] > git for-each-ref --format=%(refname)%00%(upstream:short)%00%(objectname)%00%(upstream:track)%00%(upstream:remotename)%00%(upstream:remoteref) refs/heads/main refs/remotes/main [6ms]
2024-10-14 16:39:06.622 [info] > git config --local branch.main.vscode-merge-base [1ms]
2024-10-14 16:39:06.622 [warning] [Git][config] git config failed: Failed to execute git
2024-10-14 16:39:06.630 [info] > git reflog main --grep-reflog=branch: Created from *. [3ms]
2024-10-14 16:39:06.635 [info] > git symbolic-ref --short refs/remotes/origin/HEAD [1ms]
2024-10-14 16:39:06.635 [info] fatal: ref refs/remotes/origin/HEAD is not a symbolic ref
2024-10-14 16:39:11.631 [info] > git config --get commit.template [6ms]
2024-10-14 16:39:11.634 [info] > git for-each-ref --format=%(refname)%00%(upstream:short)%00%(objectname)%00%(upstream:track)%00%(upstream:remotename)%00%(upstream:remoteref) refs/heads/main refs/remotes/main [4ms]
2024-10-14 16:39:11.657 [info] > git status -z -uall [11ms]
2024-10-14 16:39:11.665 [info] > git for-each-ref --format=%(refname)%00%(upstream:short)%00%(objectname)%00%(upstream:track)%00%(upstream:remotename)%00%(upstream:remoteref) refs/heads/main refs/remotes/main [4ms]
2024-10-14 16:39:11.670 [info] > git config --local branch.main.vscode-merge-base [2ms]
2024-10-14 16:39:11.670 [warning] [Git][config] git config failed: Failed to execute git
2024-10-14 16:39:11.676 [info] > git reflog main --grep-reflog=branch: Created from *. [2ms]
2024-10-14 16:39:11.682 [info] > git symbolic-ref --short refs/remotes/origin/HEAD [2ms]
2024-10-14 16:39:11.682 [info] fatal: ref refs/remotes/origin/HEAD is not a symbolic ref
2024-10-14 16:39:17.831 [info] > git config --get commit.template [9ms]
2024-10-14 16:39:17.846 [info] > git for-each-ref --format=%(refname)%00%(upstream:short)%00%(objectname)%00%(upstream:track)%00%(upstream:remotename)%00%(upstream:remoteref) refs/heads/main refs/remotes/main [15ms]
2024-10-14 16:39:17.865 [info] > git status -z -uall [10ms]
2024-10-14 16:39:17.889 [info] > git for-each-ref --format=%(refname)%00%(upstream:short)%00%(objectname)%00%(upstream:track)%00%(upstream:remotename)%00%(upstream:remoteref) refs/heads/main refs/remotes/main [7ms]
2024-10-14 16:39:17.896 [info] > git config --local branch.main.vscode-merge-base [1ms]
2024-10-14 16:39:17.896 [warning] [Git][config] git config failed: Failed to execute git
2024-10-14 16:39:17.911 [info] > git reflog main --grep-reflog=branch: Created from *. [7ms]
2024-10-14 16:39:17.930 [info] > git symbolic-ref --short refs/remotes/origin/HEAD [4ms]
2024-10-14 16:39:17.930 [info] fatal: ref refs/remotes/origin/HEAD is not a symbolic ref
2024-10-14 16:39:22.897 [info] > git config --get commit.template [9ms]
2024-10-14 16:39:22.902 [info] > git for-each-ref --format=%(refname)%00%(upstream:short)%00%(objectname)%00%(upstream:track)%00%(upstream:remotename)%00%(upstream:remoteref) refs/heads/main refs/remotes/main [6ms]
2024-10-14 16:39:22.908 [info] > git status -z -uall [2ms]
2024-10-14 16:39:22.932 [info] > git for-each-ref --format=%(refname)%00%(upstream:short)%00%(objectname)%00%(upstream:track)%00%(upstream:remotename)%00%(upstream:remoteref) refs/heads/main refs/remotes/main [5ms]
2024-10-14 16:39:22.945 [info] > git config --local branch.main.vscode-merge-base [3ms]
2024-10-14 16:39:22.945 [warning] [Git][config] git config failed: Failed to execute git
2024-10-14 16:39:22.955 [info] > git reflog main --grep-reflog=branch: Created from *. [1ms]
2024-10-14 16:39:22.961 [info] > git symbolic-ref --short refs/remotes/origin/HEAD [2ms]
2024-10-14 16:39:22.961 [info] fatal: ref refs/remotes/origin/HEAD is not a symbolic ref
2024-10-14 16:39:33.714 [info] > git config --get commit.template [4ms]
2024-10-14 16:39:33.719 [info] > git for-each-ref --format=%(refname)%00%(upstream:short)%00%(objectname)%00%(upstream:track)%00%(upstream:remotename)%00%(upstream:remoteref) refs/heads/main refs/remotes/main [5ms]
2024-10-14 16:39:33.728 [info] > git status -z -uall [2ms]
2024-10-14 16:39:33.738 [info] > git for-each-ref --format=%(refname)%00%(upstream:short)%00%(objectname)%00%(upstream:track)%00%(upstream:remotename)%00%(upstream:remoteref) refs/heads/main refs/remotes/main [6ms]
2024-10-14 16:39:33.745 [info] > git config --local branch.main.vscode-merge-base [1ms]
2024-10-14 16:39:33.746 [warning] [Git][config] git config failed: Failed to execute git
2024-10-14 16:39:33.756 [info] > git reflog main --grep-reflog=branch: Created from *. [3ms]
2024-10-14 16:39:33.760 [info] > git symbolic-ref --short refs/remotes/origin/HEAD [1ms]
2024-10-14 16:39:33.760 [info] fatal: ref refs/remotes/origin/HEAD is not a symbolic ref
2024-10-14 16:39:33.768 [info] > git merge-base refs/heads/main refs/remotes/origin/main [3ms]
2024-10-14 16:39:33.774 [info] > git rev-list --count --left-right refs/heads/main...refs/remotes/origin/main [2ms]
2024-10-14 16:39:33.780 [info] > git diff --name-status -z --diff-filter=ADMR c01e5742bd7ef0000ae7c5d2057ed06071d07912...refs/remotes/origin/main [1ms]
2024-10-14 16:39:34.775 [info] > git config --get commit.template [4ms]
2024-10-14 16:39:34.777 [info] > git for-each-ref --format=%(refname)%00%(upstream:short)%00%(objectname)%00%(upstream:track)%00%(upstream:remotename)%00%(upstream:remoteref) refs/heads/main refs/remotes/main [3ms]
2024-10-14 16:39:34.783 [info] > git status -z -uall [2ms]
2024-10-14 16:39:34.791 [info] > git for-each-ref --format=%(refname)%00%(upstream:short)%00%(objectname)%00%(upstream:track)%00%(upstream:remotename)%00%(upstream:remoteref) refs/heads/main refs/remotes/main [3ms]
2024-10-14 16:39:34.796 [info] > git config --local branch.main.vscode-merge-base [2ms]
2024-10-14 16:39:34.796 [warning] [Git][config] git config failed: Failed to execute git
2024-10-14 16:39:34.801 [info] > git reflog main --grep-reflog=branch: Created from *. [2ms]
2024-10-14 16:39:34.806 [info] > git symbolic-ref --short refs/remotes/origin/HEAD [2ms]
2024-10-14 16:39:34.806 [info] fatal: ref refs/remotes/origin/HEAD is not a symbolic ref
2024-10-14 16:39:34.877 [info] > git ls-files --stage -- /home/pro/Escritorio/libro/ejercicio-git-libro/README.md [2ms]
2024-10-14 16:39:34.883 [info] > git cat-file -s ee5f3fbc43888f77c49b106241318e5c1014417a [1ms]
2024-10-14 16:39:34.889 [info] > git show --textconv :README.md [1ms]
2024-10-14 16:40:10.275 [info] > git config --get commit.template [10ms]
2024-10-14 16:40:10.277 [info] > git for-each-ref --format=%(refname)%00%(upstream:short)%00%(objectname)%00%(upstream:track)%00%(upstream:remotename)%00%(upstream:remoteref) refs/heads/main refs/remotes/main [2ms]
2024-10-14 16:40:10.285 [info] > git status -z -uall [2ms]
2024-10-14 16:40:10.297 [info] > git for-each-ref --format=%(refname)%00%(upstream:short)%00%(objectname)%00%(upstream:track)%00%(upstream:remotename)%00%(upstream:remoteref) refs/heads/main refs/remotes/main [4ms]
2024-10-14 16:40:10.304 [info] > git config --local branch.main.vscode-merge-base [2ms]
2024-10-14 16:40:10.304 [warning] [Git][config] git config failed: Failed to execute git
2024-10-14 16:40:10.310 [info] > git reflog main --grep-reflog=branch: Created from *. [3ms]
2024-10-14 16:40:10.314 [info] > git symbolic-ref --short refs/remotes/origin/HEAD [1ms]
2024-10-14 16:40:10.314 [info] fatal: ref refs/remotes/origin/HEAD is not a symbolic ref
2024-10-14 16:40:24.736 [info] > git config --get commit.template [2ms]
2024-10-14 16:40:24.748 [info] > git for-each-ref --format=%(refname)%00%(upstream:short)%00%(objectname)%00%(upstream:track)%00%(upstream:remotename)%00%(upstream:remoteref) refs/heads/main refs/remotes/main [2ms]
2024-10-14 16:40:24.778 [info] > git status -z -uall [5ms]
2024-10-14 16:40:24.804 [info] > git for-each-ref --format=%(refname)%00%(upstream:short)%00%(objectname)%00%(upstream:track)%00%(upstream:remotename)%00%(upstream:remoteref) refs/heads/main refs/remotes/main [9ms]
2024-10-14 16:40:24.816 [info] > git config --local branch.main.vscode-merge-base [1ms]
2024-10-14 16:40:24.816 [warning] [Git][config] git config failed: Failed to execute git
2024-10-14 16:40:24.825 [info] > git reflog main --grep-reflog=branch: Created from *. [2ms]
2024-10-14 16:40:24.829 [info] > git symbolic-ref --short refs/remotes/origin/HEAD [1ms]
2024-10-14 16:40:24.829 [info] fatal: ref refs/remotes/origin/HEAD is not a symbolic ref
2024-10-14 16:40:35.688 [info] > git config --get commit.template [7ms]
2024-10-14 16:40:35.690 [info] > git for-each-ref --format=%(refname)%00%(upstream:short)%00%(objectname)%00%(upstream:track)%00%(upstream:remotename)%00%(upstream:remoteref) refs/heads/main refs/remotes/main [2ms]
2024-10-14 16:40:35.699 [info] > git status -z -uall [2ms]
2024-10-14 16:40:35.712 [info] > git for-each-ref --format=%(refname)%00%(upstream:short)%00%(objectname)%00%(upstream:track)%00%(upstream:remotename)%00%(upstream:remoteref) refs/heads/main refs/remotes/main [6ms]
2024-10-14 16:40:35.720 [info] > git config --local branch.main.vscode-merge-base [2ms]
2024-10-14 16:40:35.720 [warning] [Git][config] git config failed: Failed to execute git
2024-10-14 16:40:35.725 [info] > git reflog main --grep-reflog=branch: Created from *. [2ms]
2024-10-14 16:40:35.730 [info] > git symbolic-ref --short refs/remotes/origin/HEAD [1ms]
2024-10-14 16:40:35.730 [info] fatal: ref refs/remotes/origin/HEAD is not a symbolic ref
2024-10-14 16:40:40.735 [info] > git config --get commit.template [11ms]
2024-10-14 16:40:40.739 [info] > git for-each-ref --format=%(refname)%00%(upstream:short)%00%(objectname)%00%(upstream:track)%00%(upstream:remotename)%00%(upstream:remoteref) refs/heads/main refs/remotes/main [5ms]
2024-10-14 16:40:40.748 [info] > git status -z -uall [3ms]
2024-10-14 16:40:40.758 [info] > git for-each-ref --format=%(refname)%00%(upstream:short)%00%(objectname)%00%(upstream:track)%00%(upstream:remotename)%00%(upstream:remoteref) refs/heads/main refs/remotes/main [4ms]
2024-10-14 16:40:40.763 [info] > git config --local branch.main.vscode-merge-base [2ms]
2024-10-14 16:40:40.763 [warning] [Git][config] git config failed: Failed to execute git
2024-10-14 16:40:40.768 [info] > git reflog main --grep-reflog=branch: Created from *. [2ms]
2024-10-14 16:40:40.772 [info] > git symbolic-ref --short refs/remotes/origin/HEAD [1ms]
2024-10-14 16:40:40.772 [info] fatal: ref refs/remotes/origin/HEAD is not a symbolic ref
2024-10-14 16:40:45.764 [info] > git config --get commit.template [4ms]
2024-10-14 16:40:45.767 [info] > git for-each-ref --format=%(refname)%00%(upstream:short)%00%(objectname)%00%(upstream:track)%00%(upstream:remotename)%00%(upstream:remoteref) refs/heads/main refs/remotes/main [3ms]
2024-10-14 16:40:45.776 [info] > git status -z -uall [3ms]
2024-10-14 16:40:45.784 [info] > git for-each-ref --format=%(refname)%00%(upstream:short)%00%(objectname)%00%(upstream:track)%00%(upstream:remotename)%00%(upstream:remoteref) refs/heads/main refs/remotes/main [4ms]
2024-10-14 16:40:45.793 [info] > git config --local branch.main.vscode-merge-base [5ms]
2024-10-14 16:40:45.793 [warning] [Git][config] git config failed: Failed to execute git
2024-10-14 16:40:45.803 [info] > git reflog main --grep-reflog=branch: Created from *. [5ms]
2024-10-14 16:40:45.837 [info] > git symbolic-ref --short refs/remotes/origin/HEAD [23ms]
2024-10-14 16:40:45.837 [info] fatal: ref refs/remotes/origin/HEAD is not a symbolic ref
2024-10-14 16:41:46.161 [info] > git config --get commit.template [2ms]
2024-10-14 16:41:46.169 [info] > git for-each-ref --format=%(refname)%00%(upstream:short)%00%(objectname)%00%(upstream:track)%00%(upstream:remotename)%00%(upstream:remoteref) refs/heads/main refs/remotes/main [2ms]
2024-10-14 16:41:46.179 [info] > git status -z -uall [2ms]
2024-10-14 16:41:46.203 [info] > git for-each-ref --format=%(refname)%00%(upstream:short)%00%(objectname)%00%(upstream:track)%00%(upstream:remotename)%00%(upstream:remoteref) refs/heads/main refs/remotes/main [3ms]
2024-10-14 16:41:46.214 [info] > git config --local branch.main.vscode-merge-base [0ms]
2024-10-14 16:41:46.214 [warning] [Git][config] git config failed: Failed to execute git
2024-10-14 16:41:46.225 [info] > git reflog main --grep-reflog=branch: Created from *. [3ms]
2024-10-14 16:41:46.230 [info] > git symbolic-ref --short refs/remotes/origin/HEAD [2ms]
2024-10-14 16:41:46.230 [info] fatal: ref refs/remotes/origin/HEAD is not a symbolic ref
2024-10-14 16:41:50.017 [info] > git config --get commit.template [8ms]
2024-10-14 16:41:50.020 [info] > git for-each-ref --format=%(refname)%00%(upstream:short)%00%(objectname)%00%(upstream:track)%00%(upstream:remotename)%00%(upstream:remoteref) refs/heads/main refs/remotes/main [3ms]
2024-10-14 16:41:50.025 [info] > git status -z -uall [2ms]
2024-10-14 16:41:50.032 [info] > git for-each-ref --format=%(refname)%00%(upstream:short)%00%(objectname)%00%(upstream:track)%00%(upstream:remotename)%00%(upstream:remoteref) refs/heads/main refs/remotes/main [3ms]
2024-10-14 16:41:50.037 [info] > git config --local branch.main.vscode-merge-base [1ms]
2024-10-14 16:41:50.037 [warning] [Git][config] git config failed: Failed to execute git
2024-10-14 16:41:50.042 [info] > git reflog main --grep-reflog=branch: Created from *. [2ms]
2024-10-14 16:41:50.047 [info] > git symbolic-ref --short refs/remotes/origin/HEAD [1ms]
2024-10-14 16:41:50.048 [info] fatal: ref refs/remotes/origin/HEAD is not a symbolic ref
2024-10-14 16:41:51.178 [info] > git ls-files --stage -- /home/pro/Escritorio/libro/ejercicio-git-libro/README.md [0ms]
2024-10-14 16:41:51.184 [info] > git cat-file -s e21ff87249488dff791a842dfbc424ccf718ce63 [2ms]
2024-10-14 16:41:51.241 [info] > git show --textconv :README.md [24ms]
2024-10-14 16:41:51.241 [info] > git config --get commit.template [1ms]
2024-10-14 16:41:51.265 [info] > git for-each-ref --format=%(refname)%00%(upstream:short)%00%(objectname)%00%(upstream:track)%00%(upstream:remotename)%00%(upstream:remoteref) refs/heads/main refs/remotes/main [9ms]
2024-10-14 16:41:51.284 [info] > git status -z -uall [8ms]
2024-10-14 16:41:51.313 [info] > git for-each-ref --format=%(refname)%00%(upstream:short)%00%(objectname)%00%(upstream:track)%00%(upstream:remotename)%00%(upstream:remoteref) refs/heads/main refs/remotes/main [13ms]
2024-10-14 16:41:51.338 [info] > git config --local branch.main.vscode-merge-base [5ms]
2024-10-14 16:41:51.338 [warning] [Git][config] git config failed: Failed to execute git
2024-10-14 16:41:51.356 [info] > git reflog main --grep-reflog=branch: Created from *. [10ms]
2024-10-14 16:41:51.363 [info] > git symbolic-ref --short refs/remotes/origin/HEAD [2ms]
2024-10-14 16:41:51.363 [info] fatal: ref refs/remotes/origin/HEAD is not a symbolic ref
2024-10-14 16:41:59.886 [info] > git for-each-ref --format=%(refname)%00%(upstream:short)%00%(objectname)%00%(upstream:track)%00%(upstream:remotename)%00%(upstream:remoteref) refs/heads/main refs/remotes/main [4ms]
2024-10-14 16:41:59.886 [info] > git config --get commit.template [10ms]
2024-10-14 16:41:59.894 [info] > git status -z -uall [2ms]
2024-10-14 16:41:59.904 [info] > git for-each-ref --format=%(refname)%00%(upstream:short)%00%(objectname)%00%(upstream:track)%00%(upstream:remotename)%00%(upstream:remoteref) refs/heads/main refs/remotes/main [6ms]
2024-10-14 16:41:59.910 [info] > git config --local branch.main.vscode-merge-base [1ms]
2024-10-14 16:41:59.910 [warning] [Git][config] git config failed: Failed to execute git
2024-10-14 16:41:59.915 [info] > git reflog main --grep-reflog=branch: Created from *. [2ms]
2024-10-14 16:41:59.925 [info] > git symbolic-ref --short refs/remotes/origin/HEAD [2ms]
2024-10-14 16:41:59.925 [info] fatal: ref refs/remotes/origin/HEAD is not a symbolic ref
2024-10-14 16:42:12.160 [info] > git config --get commit.template [5ms]
2024-10-14 16:42:12.162 [info] > git for-each-ref --format=%(refname)%00%(upstream:short)%00%(objectname)%00%(upstream:track)%00%(upstream:remotename)%00%(upstream:remoteref) refs/heads/main refs/remotes/main [3ms]
2024-10-14 16:42:12.168 [info] > git status -z -uall [2ms]
2024-10-14 16:42:12.176 [info] > git for-each-ref --format=%(refname)%00%(upstream:short)%00%(objectname)%00%(upstream:track)%00%(upstream:remotename)%00%(upstream:remoteref) refs/heads/main refs/remotes/main [3ms]
2024-10-14 16:42:12.182 [info] > git config --local branch.main.vscode-merge-base [2ms]
2024-10-14 16:42:12.182 [warning] [Git][config] git config failed: Failed to execute git
2024-10-14 16:42:12.187 [info] > git reflog main --grep-reflog=branch: Created from *. [2ms]
2024-10-14 16:42:12.191 [info] > git symbolic-ref --short refs/remotes/origin/HEAD [1ms]
2024-10-14 16:42:12.191 [info] fatal: ref refs/remotes/origin/HEAD is not a symbolic ref
2024-10-14 16:42:17.724 [info] > git config --get commit.template [12ms]
2024-10-14 16:42:17.724 [info] > git for-each-ref --format=%(refname)%00%(upstream:short)%00%(objectname)%00%(upstream:track)%00%(upstream:remotename)%00%(upstream:remoteref) refs/heads/main refs/remotes/main [1ms]
2024-10-14 16:42:17.748 [info] > git status -z -uall [4ms]
2024-10-14 16:42:17.757 [info] > git for-each-ref --format=%(refname)%00%(upstream:short)%00%(objectname)%00%(upstream:track)%00%(upstream:remotename)%00%(upstream:remoteref) refs/heads/main refs/remotes/main [3ms]
2024-10-14 16:42:17.787 [info] > git config --local branch.main.vscode-merge-base [20ms]
2024-10-14 16:42:17.787 [warning] [Git][config] git config failed: Failed to execute git
2024-10-14 16:42:17.797 [info] > git reflog main --grep-reflog=branch: Created from *. [4ms]
2024-10-14 16:42:17.805 [info] > git symbolic-ref --short refs/remotes/origin/HEAD [5ms]
2024-10-14 16:42:17.805 [info] fatal: ref refs/remotes/origin/HEAD is not a symbolic ref
2024-10-14 16:42:23.045 [info] > git config --get commit.template [4ms]
2024-10-14 16:42:23.046 [info] > git for-each-ref --format=%(refname)%00%(upstream:short)%00%(objectname)%00%(upstream:track)%00%(upstream:remotename)%00%(upstream:remoteref) refs/heads/main refs/remotes/main [2ms]
2024-10-14 16:42:23.051 [info] > git status -z -uall [2ms]
2024-10-14 16:42:23.058 [info] > git for-each-ref --format=%(refname)%00%(upstream:short)%00%(objectname)%00%(upstream:track)%00%(upstream:remotename)%00%(upstream:remoteref) refs/heads/main refs/remotes/main [3ms]
2024-10-14 16:42:23.063 [info] > git config --local branch.main.vscode-merge-base [1ms]
2024-10-14 16:42:23.063 [warning] [Git][config] git config failed: Failed to execute git
2024-10-14 16:42:23.069 [info] > git reflog main --grep-reflog=branch: Created from *. [2ms]
2024-10-14 16:42:23.080 [info] > git symbolic-ref --short refs/remotes/origin/HEAD [7ms]
2024-10-14 16:42:23.080 [info] fatal: ref refs/remotes/origin/HEAD is not a symbolic ref
2024-10-14 16:42:30.375 [info] > git config --get commit.template [6ms]
2024-10-14 16:42:30.378 [info] > git for-each-ref --format=%(refname)%00%(upstream:short)%00%(objectname)%00%(upstream:track)%00%(upstream:remotename)%00%(upstream:remoteref) refs/heads/main refs/remotes/main [4ms]
2024-10-14 16:42:30.398 [info] > git status -z -uall [13ms]
2024-10-14 16:42:30.417 [info] > git for-each-ref --format=%(refname)%00%(upstream:short)%00%(objectname)%00%(upstream:track)%00%(upstream:remotename)%00%(upstream:remoteref) refs/heads/main refs/remotes/main [7ms]
2024-10-14 16:42:30.432 [info] > git config --local branch.main.vscode-merge-base [5ms]
2024-10-14 16:42:30.432 [warning] [Git][config] git config failed: Failed to execute git
2024-10-14 16:42:30.443 [info] > git reflog main --grep-reflog=branch: Created from *. [2ms]
2024-10-14 16:42:30.449 [info] > git symbolic-ref --short refs/remotes/origin/HEAD [2ms]
2024-10-14 16:42:30.449 [info] fatal: ref refs/remotes/origin/HEAD is not a symbolic ref
2024-10-14 16:42:38.281 [info] > git config --get commit.template [6ms]
2024-10-14 16:42:38.284 [info] > git for-each-ref --format=%(refname)%00%(upstream:short)%00%(objectname)%00%(upstream:track)%00%(upstream:remotename)%00%(upstream:remoteref) refs/heads/main refs/remotes/main [4ms]
2024-10-14 16:42:38.302 [info] > git status -z -uall [14ms]
2024-10-14 16:42:38.321 [info] > git for-each-ref --format=%(refname)%00%(upstream:short)%00%(objectname)%00%(upstream:track)%00%(upstream:remotename)%00%(upstream:remoteref) refs/heads/main refs/remotes/main [7ms]
2024-10-14 16:42:38.339 [info] > git config --local branch.main.vscode-merge-base [3ms]
2024-10-14 16:42:38.339 [warning] [Git][config] git config failed: Failed to execute git
2024-10-14 16:42:38.345 [info] > git reflog main --grep-reflog=branch: Created from *. [2ms]
2024-10-14 16:42:38.353 [info] > git symbolic-ref --short refs/remotes/origin/HEAD [4ms]
2024-10-14 16:42:38.353 [info] fatal: ref refs/remotes/origin/HEAD is not a symbolic ref
2024-10-14 16:42:38.384 [info] > git merge-base refs/heads/main refs/remotes/origin/main [2ms]
2024-10-14 16:42:38.395 [info] > git rev-list --count --left-right refs/heads/main...refs/remotes/origin/main [5ms]
2024-10-14 16:42:38.402 [info] > git diff --name-status -z --diff-filter=ADMR c01e5742bd7ef0000ae7c5d2057ed06071d07912...refs/remotes/origin/main [2ms]
2024-10-14 16:42:39.418 [info] > git ls-files --stage -- /home/pro/Escritorio/libro/ejercicio-git-libro/README.md [6ms]
2024-10-14 16:42:39.428 [info] > git cat-file -s e21ff87249488dff791a842dfbc424ccf718ce63 [2ms]
2024-10-14 16:42:39.446 [info] > git show --textconv :README.md [7ms]
2024-10-14 16:42:49.539 [info] > git config --get commit.template [11ms]
2024-10-14 16:42:49.542 [info] > git for-each-ref --format=%(refname)%00%(upstream:short)%00%(objectname)%00%(upstream:track)%00%(upstream:remotename)%00%(upstream:remoteref) refs/heads/main refs/remotes/main [5ms]
2024-10-14 16:42:49.558 [info] > git status -z -uall [5ms]
2024-10-14 16:42:49.574 [info] > git for-each-ref --format=%(refname)%00%(upstream:short)%00%(objectname)%00%(upstream:track)%00%(upstream:remotename)%00%(upstream:remoteref) refs/heads/main refs/remotes/main [5ms]
2024-10-14 16:42:49.582 [info] > git config --local branch.main.vscode-merge-base [2ms]
2024-10-14 16:42:49.582 [warning] [Git][config] git config failed: Failed to execute git
2024-10-14 16:42:49.588 [info] > git reflog main --grep-reflog=branch: Created from *. [2ms]
2024-10-14 16:42:49.593 [info] > git symbolic-ref --short refs/remotes/origin/HEAD [1ms]
2024-10-14 16:42:49.593 [info] fatal: ref refs/remotes/origin/HEAD is not a symbolic ref
2024-10-14 16:42:54.586 [info] > git config --get commit.template [7ms]
2024-10-14 16:42:54.589 [info] > git for-each-ref --format=%(refname)%00%(upstream:short)%00%(objectname)%00%(upstream:track)%00%(upstream:remotename)%00%(upstream:remoteref) refs/heads/main refs/remotes/main [4ms]
2024-10-14 16:42:54.597 [info] > git status -z -uall [2ms]
2024-10-14 16:42:54.606 [info] > git for-each-ref --format=%(refname)%00%(upstream:short)%00%(objectname)%00%(upstream:track)%00%(upstream:remotename)%00%(upstream:remoteref) refs/heads/main refs/remotes/main [4ms]
2024-10-14 16:42:54.611 [info] > git config --local branch.main.vscode-merge-base [1ms]
2024-10-14 16:42:54.611 [warning] [Git][config] git config failed: Failed to execute git
2024-10-14 16:42:54.618 [info] > git reflog main --grep-reflog=branch: Created from *. [2ms]
2024-10-14 16:42:54.639 [info] > git symbolic-ref --short refs/remotes/origin/HEAD [1ms]
2024-10-14 16:42:54.639 [info] fatal: ref refs/remotes/origin/HEAD is not a symbolic ref
2024-10-14 16:43:09.788 [info] > git config --get commit.template [13ms]
2024-10-14 16:43:09.791 [info] > git for-each-ref --format=%(refname)%00%(upstream:short)%00%(objectname)%00%(upstream:track)%00%(upstream:remotename)%00%(upstream:remoteref) refs/heads/main refs/remotes/main [4ms]
2024-10-14 16:43:09.807 [info] > git status -z -uall [5ms]
2024-10-14 16:43:09.823 [info] > git for-each-ref --format=%(refname)%00%(upstream:short)%00%(objectname)%00%(upstream:track)%00%(upstream:remotename)%00%(upstream:remoteref) refs/heads/main refs/remotes/main [6ms]
2024-10-14 16:43:09.830 [info] > git config --local branch.main.vscode-merge-base [2ms]
2024-10-14 16:43:09.830 [warning] [Git][config] git config failed: Failed to execute git
2024-10-14 16:43:09.835 [info] > git reflog main --grep-reflog=branch: Created from *. [1ms]
2024-10-14 16:43:09.840 [info] > git symbolic-ref --short refs/remotes/origin/HEAD [1ms]
2024-10-14 16:43:09.840 [info] fatal: ref refs/remotes/origin/HEAD is not a symbolic ref
2024-10-14 16:43:14.830 [info] > git config --get commit.template [5ms]
2024-10-14 16:43:14.832 [info] > git for-each-ref --format=%(refname)%00%(upstream:short)%00%(objectname)%00%(upstream:track)%00%(upstream:remotename)%00%(upstream:remoteref) refs/heads/main refs/remotes/main [2ms]
2024-10-14 16:43:14.838 [info] > git status -z -uall [2ms]
2024-10-14 16:43:14.847 [info] > git for-each-ref --format=%(refname)%00%(upstream:short)%00%(objectname)%00%(upstream:track)%00%(upstream:remotename)%00%(upstream:remoteref) refs/heads/main refs/remotes/main [4ms]
2024-10-14 16:43:14.852 [info] > git config --local branch.main.vscode-merge-base [1ms]
2024-10-14 16:43:14.852 [warning] [Git][config] git config failed: Failed to execute git
2024-10-14 16:43:14.857 [info] > git reflog main --grep-reflog=branch: Created from *. [2ms]
2024-10-14 16:43:14.862 [info] > git symbolic-ref --short refs/remotes/origin/HEAD [2ms]
2024-10-14 16:43:14.862 [info] fatal: ref refs/remotes/origin/HEAD is not a symbolic ref
2024-10-14 16:43:41.399 [info] > git config --get commit.template [4ms]
2024-10-14 16:43:41.401 [info] > git for-each-ref --format=%(refname)%00%(upstream:short)%00%(objectname)%00%(upstream:track)%00%(upstream:remotename)%00%(upstream:remoteref) refs/heads/main refs/remotes/main [3ms]
2024-10-14 16:43:41.407 [info] > git status -z -uall [2ms]
2024-10-14 16:43:41.420 [info] > git for-each-ref --format=%(refname)%00%(upstream:short)%00%(objectname)%00%(upstream:track)%00%(upstream:remotename)%00%(upstream:remoteref) refs/heads/main refs/remotes/main [1ms]
2024-10-14 16:43:41.430 [info] > git config --local branch.main.vscode-merge-base [2ms]
2024-10-14 16:43:41.430 [warning] [Git][config] git config failed: Failed to execute git
2024-10-14 16:43:41.437 [info] > git reflog main --grep-reflog=branch: Created from *. [3ms]
2024-10-14 16:43:41.441 [info] > git symbolic-ref --short refs/remotes/origin/HEAD [1ms]
2024-10-14 16:43:41.441 [info] fatal: ref refs/remotes/origin/HEAD is not a symbolic ref
2024-10-14 16:43:42.401 [info] > git config --get commit.template [6ms]
2024-10-14 16:43:42.402 [info] > git for-each-ref --format=%(refname)%00%(upstream:short)%00%(objectname)%00%(upstream:track)%00%(upstream:remotename)%00%(upstream:remoteref) refs/heads/main refs/remotes/main [2ms]
2024-10-14 16:43:42.410 [info] > git status -z -uall [2ms]
2024-10-14 16:43:42.423 [info] > git for-each-ref --format=%(refname)%00%(upstream:short)%00%(objectname)%00%(upstream:track)%00%(upstream:remotename)%00%(upstream:remoteref) refs/heads/main refs/remotes/main [7ms]
2024-10-14 16:43:42.428 [info] > git config --local branch.main.vscode-merge-base [1ms]
2024-10-14 16:43:42.428 [warning] [Git][config] git config failed: Failed to execute git
2024-10-14 16:43:42.434 [info] > git reflog main --grep-reflog=branch: Created from *. [2ms]
2024-10-14 16:43:42.441 [info] > git symbolic-ref --short refs/remotes/origin/HEAD [4ms]
2024-10-14 16:43:42.441 [info] fatal: ref refs/remotes/origin/HEAD is not a symbolic ref
2024-10-14 16:43:42.506 [info] > git ls-files --stage -- /home/pro/Escritorio/libro/ejercicio-git-libro/README.md [6ms]
2024-10-14 16:43:42.521 [info] > git cat-file -s 1f751a9aa936695c3da290f13d3041d39419c0a8 [6ms]
2024-10-14 16:43:42.544 [info] > git show --textconv :README.md [3ms]
2024-10-14 16:43:51.204 [info] > git config --get commit.template [10ms]
2024-10-14 16:43:51.210 [info] > git for-each-ref --format=%(refname)%00%(upstream:short)%00%(objectname)%00%(upstream:track)%00%(upstream:remotename)%00%(upstream:remoteref) refs/heads/main refs/remotes/main [7ms]
2024-10-14 16:43:51.221 [info] > git status -z -uall [3ms]
2024-10-14 16:43:51.232 [info] > git for-each-ref --format=%(refname)%00%(upstream:short)%00%(objectname)%00%(upstream:track)%00%(upstream:remotename)%00%(upstream:remoteref) refs/heads/main refs/remotes/main [5ms]
2024-10-14 16:43:51.239 [info] > git config --local branch.main.vscode-merge-base [2ms]
2024-10-14 16:43:51.239 [warning] [Git][config] git config failed: Failed to execute git
2024-10-14 16:43:51.246 [info] > git reflog main --grep-reflog=branch: Created from *. [3ms]
2024-10-14 16:43:51.254 [info] > git symbolic-ref --short refs/remotes/origin/HEAD [4ms]
2024-10-14 16:43:51.254 [info] fatal: ref refs/remotes/origin/HEAD is not a symbolic ref
2024-10-14 16:43:56.622 [info] > git config --get commit.template [12ms]
2024-10-14 16:43:56.627 [info] > git for-each-ref --format=%(refname)%00%(upstream:short)%00%(objectname)%00%(upstream:track)%00%(upstream:remotename)%00%(upstream:remoteref) refs/heads/main refs/remotes/main [6ms]
2024-10-14 16:43:56.634 [info] > git status -z -uall [2ms]
2024-10-14 16:43:56.648 [info] > git for-each-ref --format=%(refname)%00%(upstream:short)%00%(objectname)%00%(upstream:track)%00%(upstream:remotename)%00%(upstream:remoteref) refs/heads/main refs/remotes/main [3ms]
2024-10-14 16:43:56.653 [info] > git config --local branch.main.vscode-merge-base [1ms]
2024-10-14 16:43:56.653 [warning] [Git][config] git config failed: Failed to execute git
2024-10-14 16:43:56.671 [info] > git reflog main --grep-reflog=branch: Created from *. [5ms]
2024-10-14 16:43:56.688 [info] > git symbolic-ref --short refs/remotes/origin/HEAD [3ms]
2024-10-14 16:43:56.688 [info] fatal: ref refs/remotes/origin/HEAD is not a symbolic ref
2024-10-14 16:44:01.659 [info] > git config --get commit.template [7ms]
2024-10-14 16:44:01.663 [info] > git for-each-ref --format=%(refname)%00%(upstream:short)%00%(objectname)%00%(upstream:track)%00%(upstream:remotename)%00%(upstream:remoteref) refs/heads/main refs/remotes/main [5ms]
2024-10-14 16:44:01.671 [info] > git status -z -uall [2ms]
2024-10-14 16:44:01.686 [info] > git for-each-ref --format=%(refname)%00%(upstream:short)%00%(objectname)%00%(upstream:track)%00%(upstream:remotename)%00%(upstream:remoteref) refs/heads/main refs/remotes/main [8ms]
2024-10-14 16:44:01.695 [info] > git config --local branch.main.vscode-merge-base [1ms]
2024-10-14 16:44:01.695 [warning] [Git][config] git config failed: Failed to execute git
2024-10-14 16:44:01.706 [info] > git reflog main --grep-reflog=branch: Created from *. [3ms]
2024-10-14 16:44:01.713 [info] > git symbolic-ref --short refs/remotes/origin/HEAD [2ms]
2024-10-14 16:44:01.713 [info] fatal: ref refs/remotes/origin/HEAD is not a symbolic ref
2024-10-14 16:44:06.705 [info] > git config --get commit.template [12ms]
2024-10-14 16:44:06.712 [info] > git for-each-ref --format=%(refname)%00%(upstream:short)%00%(objectname)%00%(upstream:track)%00%(upstream:remotename)%00%(upstream:remoteref) refs/heads/main refs/remotes/main [9ms]
2024-10-14 16:44:06.727 [info] > git status -z -uall [5ms]
2024-10-14 16:44:06.744 [info] > git for-each-ref --format=%(refname)%00%(upstream:short)%00%(objectname)%00%(upstream:track)%00%(upstream:remotename)%00%(upstream:remoteref) refs/heads/main refs/remotes/main [7ms]
2024-10-14 16:44:06.751 [info] > git config --local branch.main.vscode-merge-base [2ms]
2024-10-14 16:44:06.751 [warning] [Git][config] git config failed: Failed to execute git
2024-10-14 16:44:06.757 [info] > git reflog main --grep-reflog=branch: Created from *. [1ms]
2024-10-14 16:44:06.762 [info] > git symbolic-ref --short refs/remotes/origin/HEAD [1ms]
2024-10-14 16:44:06.762 [info] fatal: ref refs/remotes/origin/HEAD is not a symbolic ref
2024-10-14 16:44:23.487 [info] > git config --get commit.template [8ms]
2024-10-14 16:44:23.491 [info] > git for-each-ref --format=%(refname)%00%(upstream:short)%00%(objectname)%00%(upstream:track)%00%(upstream:remotename)%00%(upstream:remoteref) refs/heads/main refs/remotes/main [5ms]
2024-10-14 16:44:23.497 [info] > git status -z -uall [2ms]
2024-10-14 16:44:23.508 [info] > git for-each-ref --format=%(refname)%00%(upstream:short)%00%(objectname)%00%(upstream:track)%00%(upstream:remotename)%00%(upstream:remoteref) refs/heads/main refs/remotes/main [5ms]
2024-10-14 16:44:23.514 [info] > git config --local branch.main.vscode-merge-base [2ms]
2024-10-14 16:44:23.514 [warning] [Git][config] git config failed: Failed to execute git
2024-10-14 16:44:23.519 [info] > git reflog main --grep-reflog=branch: Created from *. [2ms]
2024-10-14 16:44:23.523 [info] > git symbolic-ref --short refs/remotes/origin/HEAD [1ms]
2024-10-14 16:44:23.523 [info] fatal: ref refs/remotes/origin/HEAD is not a symbolic ref
2024-10-14 16:44:31.207 [info] > git config --get commit.template [9ms]
2024-10-14 16:44:31.208 [info] > git for-each-ref --format=%(refname)%00%(upstream:short)%00%(objectname)%00%(upstream:track)%00%(upstream:remotename)%00%(upstream:remoteref) refs/heads/main refs/remotes/main [2ms]
2024-10-14 16:44:31.221 [info] > git status -z -uall [3ms]
2024-10-14 16:44:31.230 [info] > git for-each-ref --format=%(refname)%00%(upstream:short)%00%(objectname)%00%(upstream:track)%00%(upstream:remotename)%00%(upstream:remoteref) refs/heads/main refs/remotes/main [3ms]
2024-10-14 16:44:31.236 [info] > git config --local branch.main.vscode-merge-base [2ms]
2024-10-14 16:44:31.236 [warning] [Git][config] git config failed: Failed to execute git
2024-10-14 16:44:31.243 [info] > git reflog main --grep-reflog=branch: Created from *. [3ms]
2024-10-14 16:44:31.247 [info] > git symbolic-ref --short refs/remotes/origin/HEAD [1ms]
2024-10-14 16:44:31.247 [info] fatal: ref refs/remotes/origin/HEAD is not a symbolic ref
2024-10-14 16:44:37.773 [info] > git config --get commit.template [7ms]
2024-10-14 16:44:37.780 [info] > git for-each-ref --format=%(refname)%00%(upstream:short)%00%(objectname)%00%(upstream:track)%00%(upstream:remotename)%00%(upstream:remoteref) refs/heads/main refs/remotes/main [8ms]
2024-10-14 16:44:37.785 [info] > git status -z -uall [2ms]
2024-10-14 16:44:37.796 [info] > git for-each-ref --format=%(refname)%00%(upstream:short)%00%(objectname)%00%(upstream:track)%00%(upstream:remotename)%00%(upstream:remoteref) refs/heads/main refs/remotes/main [4ms]
2024-10-14 16:44:37.802 [info] > git config --local branch.main.vscode-merge-base [2ms]
2024-10-14 16:44:37.802 [warning] [Git][config] git config failed: Failed to execute git
2024-10-14 16:44:37.808 [info] > git reflog main --grep-reflog=branch: Created from *. [3ms]
2024-10-14 16:44:37.812 [info] > git symbolic-ref --short refs/remotes/origin/HEAD [1ms]
2024-10-14 16:44:37.812 [info] fatal: ref refs/remotes/origin/HEAD is not a symbolic ref
2024-10-14 16:44:49.681 [info] > git config --get commit.template [2ms]
2024-10-14 16:44:49.698 [info] > git for-each-ref --format=%(refname)%00%(upstream:short)%00%(objectname)%00%(upstream:track)%00%(upstream:remotename)%00%(upstream:remoteref) refs/heads/main refs/remotes/main [2ms]
2024-10-14 16:44:49.712 [info] > git status -z -uall [5ms]
2024-10-14 16:44:49.725 [info] > git for-each-ref --format=%(refname)%00%(upstream:short)%00%(objectname)%00%(upstream:track)%00%(upstream:remotename)%00%(upstream:remoteref) refs/heads/main refs/remotes/main [4ms]
2024-10-14 16:44:49.731 [info] > git config --local branch.main.vscode-merge-base [1ms]
2024-10-14 16:44:49.731 [warning] [Git][config] git config failed: Failed to execute git
2024-10-14 16:44:49.737 [info] > git reflog main --grep-reflog=branch: Created from *. [2ms]
2024-10-14 16:44:49.742 [info] > git symbolic-ref --short refs/remotes/origin/HEAD [2ms]
2024-10-14 16:44:49.742 [info] fatal: ref refs/remotes/origin/HEAD is not a symbolic ref
2024-10-14 16:44:54.750 [info] > git config --get commit.template [11ms]
2024-10-14 16:44:54.754 [info] > git for-each-ref --format=%(refname)%00%(upstream:short)%00%(objectname)%00%(upstream:track)%00%(upstream:remotename)%00%(upstream:remoteref) refs/heads/main refs/remotes/main [5ms]
2024-10-14 16:44:54.762 [info] > git status -z -uall [3ms]
2024-10-14 16:44:54.772 [info] > git for-each-ref --format=%(refname)%00%(upstream:short)%00%(objectname)%00%(upstream:track)%00%(upstream:remotename)%00%(upstream:remoteref) refs/heads/main refs/remotes/main [4ms]
2024-10-14 16:44:54.777 [info] > git config --local branch.main.vscode-merge-base [1ms]
2024-10-14 16:44:54.777 [warning] [Git][config] git config failed: Failed to execute git
2024-10-14 16:44:54.782 [info] > git reflog main --grep-reflog=branch: Created from *. [2ms]
2024-10-14 16:44:54.787 [info] > git symbolic-ref --short refs/remotes/origin/HEAD [1ms]
2024-10-14 16:44:54.787 [info] fatal: ref refs/remotes/origin/HEAD is not a symbolic ref
2024-10-14 16:45:00.463 [info] > git config --get commit.template [4ms]
2024-10-14 16:45:00.465 [info] > git for-each-ref --format=%(refname)%00%(upstream:short)%00%(objectname)%00%(upstream:track)%00%(upstream:remotename)%00%(upstream:remoteref) refs/heads/main refs/remotes/main [2ms]
2024-10-14 16:45:00.472 [info] > git status -z -uall [2ms]
2024-10-14 16:45:00.485 [info] > git for-each-ref --format=%(refname)%00%(upstream:short)%00%(objectname)%00%(upstream:track)%00%(upstream:remotename)%00%(upstream:remoteref) refs/heads/main refs/remotes/main [3ms]
2024-10-14 16:45:00.490 [info] > git config --local branch.main.vscode-merge-base [1ms]
2024-10-14 16:45:00.490 [warning] [Git][config] git config failed: Failed to execute git
2024-10-14 16:45:00.495 [info] > git reflog main --grep-reflog=branch: Created from *. [2ms]
2024-10-14 16:45:00.499 [info] > git symbolic-ref --short refs/remotes/origin/HEAD [1ms]
2024-10-14 16:45:00.499 [info] fatal: ref refs/remotes/origin/HEAD is not a symbolic ref
2024-10-14 16:45:11.922 [info] > git config --get commit.template [12ms]
2024-10-14 16:45:11.925 [info] > git for-each-ref --format=%(refname)%00%(upstream:short)%00%(objectname)%00%(upstream:track)%00%(upstream:remotename)%00%(upstream:remoteref) refs/heads/main refs/remotes/main [4ms]
2024-10-14 16:45:11.940 [info] > git status -z -uall [5ms]
2024-10-14 16:45:11.961 [info] > git for-each-ref --format=%(refname)%00%(upstream:short)%00%(objectname)%00%(upstream:track)%00%(upstream:remotename)%00%(upstream:remoteref) refs/heads/main refs/remotes/main [10ms]
2024-10-14 16:45:11.970 [info] > git config --local branch.main.vscode-merge-base [3ms]
2024-10-14 16:45:11.970 [warning] [Git][config] git config failed: Failed to execute git
2024-10-14 16:45:11.976 [info] > git reflog main --grep-reflog=branch: Created from *. [2ms]
2024-10-14 16:45:11.981 [info] > git symbolic-ref --short refs/remotes/origin/HEAD [1ms]
2024-10-14 16:45:11.981 [info] fatal: ref refs/remotes/origin/HEAD is not a symbolic ref
2024-10-14 16:45:24.824 [info] > git config --get commit.template [4ms]
2024-10-14 16:45:24.826 [info] > git for-each-ref --format=%(refname)%00%(upstream:short)%00%(objectname)%00%(upstream:track)%00%(upstream:remotename)%00%(upstream:remoteref) refs/heads/main refs/remotes/main [2ms]
2024-10-14 16:45:24.833 [info] > git status -z -uall [3ms]
2024-10-14 16:45:24.841 [info] > git for-each-ref --format=%(refname)%00%(upstream:short)%00%(objectname)%00%(upstream:track)%00%(upstream:remotename)%00%(upstream:remoteref) refs/heads/main refs/remotes/main [4ms]
2024-10-14 16:45:24.850 [info] > git config --local branch.main.vscode-merge-base [1ms]
2024-10-14 16:45:24.850 [warning] [Git][config] git config failed: Failed to execute git
2024-10-14 16:45:24.856 [info] > git reflog main --grep-reflog=branch: Created from *. [2ms]
2024-10-14 16:45:24.861 [info] > git symbolic-ref --short refs/remotes/origin/HEAD [2ms]
2024-10-14 16:45:24.861 [info] fatal: ref refs/remotes/origin/HEAD is not a symbolic ref
2024-10-14 16:45:25.904 [info] > git config --get commit.template [1ms]
2024-10-14 16:45:25.909 [info] > git for-each-ref --format=%(refname)%00%(upstream:short)%00%(objectname)%00%(upstream:track)%00%(upstream:remotename)%00%(upstream:remoteref) refs/heads/main refs/remotes/main [2ms]
2024-10-14 16:45:25.914 [info] > git status -z -uall [2ms]
2024-10-14 16:45:25.921 [info] > git for-each-ref --format=%(refname)%00%(upstream:short)%00%(objectname)%00%(upstream:track)%00%(upstream:remotename)%00%(upstream:remoteref) refs/heads/main refs/remotes/main [4ms]
2024-10-14 16:45:25.926 [info] > git config --local branch.main.vscode-merge-base [2ms]
2024-10-14 16:45:25.926 [warning] [Git][config] git config failed: Failed to execute git
2024-10-14 16:45:25.931 [info] > git reflog main --grep-reflog=branch: Created from *. [2ms]
2024-10-14 16:45:25.935 [info] > git symbolic-ref --short refs/remotes/origin/HEAD [1ms]
2024-10-14 16:45:25.935 [info] fatal: ref refs/remotes/origin/HEAD is not a symbolic ref
2024-10-14 16:45:26.009 [info] > git ls-files --stage -- /home/pro/Escritorio/libro/ejercicio-git-libro/README.md [3ms]
2024-10-14 16:45:26.024 [info] > git cat-file -s acefe86fc3b0de9c98911d2439812c0a35269f43 [6ms]
2024-10-14 16:45:26.044 [info] > git show --textconv :README.md [5ms]
2024-10-14 16:45:37.779 [info] > git config --get commit.template [13ms]
2024-10-14 16:45:37.785 [info] > git for-each-ref --format=%(refname)%00%(upstream:short)%00%(objectname)%00%(upstream:track)%00%(upstream:remotename)%00%(upstream:remoteref) refs/heads/main refs/remotes/main [8ms]
2024-10-14 16:45:37.801 [info] > git status -z -uall [5ms]
2024-10-14 16:45:37.812 [info] > git for-each-ref --format=%(refname)%00%(upstream:short)%00%(objectname)%00%(upstream:track)%00%(upstream:remotename)%00%(upstream:remoteref) refs/heads/main refs/remotes/main [4ms]
2024-10-14 16:45:37.819 [info] > git config --local branch.main.vscode-merge-base [1ms]
2024-10-14 16:45:37.819 [warning] [Git][config] git config failed: Failed to execute git
2024-10-14 16:45:37.829 [info] > git reflog main --grep-reflog=branch: Created from *. [2ms]
2024-10-14 16:45:37.835 [info] > git symbolic-ref --short refs/remotes/origin/HEAD [2ms]
2024-10-14 16:45:37.835 [info] fatal: ref refs/remotes/origin/HEAD is not a symbolic ref
2024-10-14 16:45:42.834 [info] > git config --get commit.template [12ms]
2024-10-14 16:45:42.836 [info] > git for-each-ref --format=%(refname)%00%(upstream:short)%00%(objectname)%00%(upstream:track)%00%(upstream:remotename)%00%(upstream:remoteref) refs/heads/main refs/remotes/main [3ms]
2024-10-14 16:45:42.842 [info] > git status -z -uall [2ms]
2024-10-14 16:45:42.850 [info] > git for-each-ref --format=%(refname)%00%(upstream:short)%00%(objectname)%00%(upstream:track)%00%(upstream:remotename)%00%(upstream:remoteref) refs/heads/main refs/remotes/main [3ms]
2024-10-14 16:45:42.856 [info] > git config --local branch.main.vscode-merge-base [2ms]
2024-10-14 16:45:42.856 [warning] [Git][config] git config failed: Failed to execute git
2024-10-14 16:45:42.861 [info] > git reflog main --grep-reflog=branch: Created from *. [2ms]
2024-10-14 16:45:42.865 [info] > git symbolic-ref --short refs/remotes/origin/HEAD [1ms]
2024-10-14 16:45:42.865 [info] fatal: ref refs/remotes/origin/HEAD is not a symbolic ref
2024-10-14 16:45:51.198 [info] > git config --get commit.template [10ms]
2024-10-14 16:45:51.198 [info] > git for-each-ref --format=%(refname)%00%(upstream:short)%00%(objectname)%00%(upstream:track)%00%(upstream:remotename)%00%(upstream:remoteref) refs/heads/main refs/remotes/main [6ms]
2024-10-14 16:45:51.204 [info] > git status -z -uall [2ms]
2024-10-14 16:45:51.238 [info] > git for-each-ref --format=%(refname)%00%(upstream:short)%00%(objectname)%00%(upstream:track)%00%(upstream:remotename)%00%(upstream:remoteref) refs/heads/main refs/remotes/main [17ms]
2024-10-14 16:45:51.243 [info] > git config --local branch.main.vscode-merge-base [1ms]
2024-10-14 16:45:51.243 [warning] [Git][config] git config failed: Failed to execute git
2024-10-14 16:45:51.249 [info] > git reflog main --grep-reflog=branch: Created from *. [2ms]
2024-10-14 16:45:51.254 [info] > git symbolic-ref --short refs/remotes/origin/HEAD [2ms]
2024-10-14 16:45:51.254 [info] fatal: ref refs/remotes/origin/HEAD is not a symbolic ref
2024-10-14 16:45:51.259 [info] > git merge-base refs/heads/main refs/remotes/origin/main [2ms]
2024-10-14 16:45:51.265 [info] > git rev-list --count --left-right refs/heads/main...refs/remotes/origin/main [3ms]
2024-10-14 16:45:51.272 [info] > git diff --name-status -z --diff-filter=ADMR 2bbb386cfd411caf29ffb7b79fe418f52c552a58...refs/remotes/origin/main [3ms]
2024-10-14 16:46:14.308 [info] > git config --get commit.template [1ms]
2024-10-14 16:46:14.321 [info] > git for-each-ref --format=%(refname)%00%(upstream:short)%00%(objectname)%00%(upstream:track)%00%(upstream:remotename)%00%(upstream:remoteref) refs/heads/main refs/remotes/main [10ms]
2024-10-14 16:46:14.330 [info] > git status -z -uall [2ms]
2024-10-14 16:46:14.338 [info] > git for-each-ref --format=%(refname)%00%(upstream:short)%00%(objectname)%00%(upstream:track)%00%(upstream:remotename)%00%(upstream:remoteref) refs/heads/main refs/remotes/main [3ms]
2024-10-14 16:46:14.346 [info] > git config --local branch.main.vscode-merge-base [4ms]
2024-10-14 16:46:14.346 [warning] [Git][config] git config failed: Failed to execute git
2024-10-14 16:46:14.352 [info] > git reflog main --grep-reflog=branch: Created from *. [3ms]
2024-10-14 16:46:14.357 [info] > git symbolic-ref --short refs/remotes/origin/HEAD [2ms]
2024-10-14 16:46:14.357 [info] fatal: ref refs/remotes/origin/HEAD is not a symbolic ref
2024-10-14 16:46:22.739 [info] > git config --get commit.template [5ms]
2024-10-14 16:46:22.741 [info] > git for-each-ref --format=%(refname)%00%(upstream:short)%00%(objectname)%00%(upstream:track)%00%(upstream:remotename)%00%(upstream:remoteref) refs/heads/main refs/remotes/main [2ms]
2024-10-14 16:46:22.747 [info] > git status -z -uall [2ms]
2024-10-14 16:46:22.757 [info] > git for-each-ref --format=%(refname)%00%(upstream:short)%00%(objectname)%00%(upstream:track)%00%(upstream:remotename)%00%(upstream:remoteref) refs/heads/main refs/remotes/main [5ms]
2024-10-14 16:46:22.782 [info] > git config --local branch.main.vscode-merge-base [4ms]
2024-10-14 16:46:22.782 [warning] [Git][config] git config failed: Failed to execute git
2024-10-14 16:46:22.800 [info] > git reflog main --grep-reflog=branch: Created from *. [5ms]
2024-10-14 16:46:22.814 [info] > git symbolic-ref --short refs/remotes/origin/HEAD [5ms]
2024-10-14 16:46:22.814 [info] fatal: ref refs/remotes/origin/HEAD is not a symbolic ref
2024-10-14 16:46:23.820 [info] > git config --get commit.template [5ms]
2024-10-14 16:46:23.823 [info] > git for-each-ref --format=%(refname)%00%(upstream:short)%00%(objectname)%00%(upstream:track)%00%(upstream:remotename)%00%(upstream:remoteref) refs/heads/main refs/remotes/main [3ms]
2024-10-14 16:46:23.830 [info] > git status -z -uall [3ms]
2024-10-14 16:46:23.840 [info] > git for-each-ref --format=%(refname)%00%(upstream:short)%00%(objectname)%00%(upstream:track)%00%(upstream:remotename)%00%(upstream:remoteref) refs/heads/main refs/remotes/main [4ms]
2024-10-14 16:46:23.846 [info] > git config --local branch.main.vscode-merge-base [2ms]
2024-10-14 16:46:23.846 [warning] [Git][config] git config failed: Failed to execute git
2024-10-14 16:46:23.851 [info] > git reflog main --grep-reflog=branch: Created from *. [2ms]
2024-10-14 16:46:23.860 [info] > git symbolic-ref --short refs/remotes/origin/HEAD [1ms]
2024-10-14 16:46:23.860 [info] fatal: ref refs/remotes/origin/HEAD is not a symbolic ref
2024-10-14 16:46:23.916 [info] > git ls-files --stage -- /home/pro/Escritorio/libro/ejercicio-git-libro/README.md [1ms]
2024-10-14 16:46:23.922 [info] > git cat-file -s 956275f31f6e6d2cb89e9f9d7dbb605e9707c0a0 [2ms]
2024-10-14 16:46:23.932 [info] > git show --textconv :README.md [2ms]
2024-10-14 16:46:30.721 [info] > git config --get commit.template [6ms]
2024-10-14 16:46:30.723 [info] > git for-each-ref --format=%(refname)%00%(upstream:short)%00%(objectname)%00%(upstream:track)%00%(upstream:remotename)%00%(upstream:remoteref) refs/heads/main refs/remotes/main [2ms]
2024-10-14 16:46:30.747 [info] > git status -z -uall [3ms]
2024-10-14 16:46:30.763 [info] > git for-each-ref --format=%(refname)%00%(upstream:short)%00%(objectname)%00%(upstream:track)%00%(upstream:remotename)%00%(upstream:remoteref) refs/heads/main refs/remotes/main [8ms]
2024-10-14 16:46:30.774 [info] > git config --local branch.main.vscode-merge-base [2ms]
2024-10-14 16:46:30.774 [warning] [Git][config] git config failed: Failed to execute git
2024-10-14 16:46:30.785 [info] > git reflog main --grep-reflog=branch: Created from *. [2ms]
2024-10-14 16:46:30.790 [info] > git symbolic-ref --short refs/remotes/origin/HEAD [1ms]
2024-10-14 16:46:30.790 [info] fatal: ref refs/remotes/origin/HEAD is not a symbolic ref
2024-10-14 16:47:48.855 [info] > git config --get commit.template [12ms]
2024-10-14 16:47:48.858 [info] > git for-each-ref --format=%(refname)%00%(upstream:short)%00%(objectname)%00%(upstream:track)%00%(upstream:remotename)%00%(upstream:remoteref) refs/heads/main refs/remotes/main [4ms]
2024-10-14 16:47:48.874 [info] > git status -z -uall [5ms]
2024-10-14 16:47:48.897 [info] > git for-each-ref --format=%(refname)%00%(upstream:short)%00%(objectname)%00%(upstream:track)%00%(upstream:remotename)%00%(upstream:remoteref) refs/heads/main refs/remotes/main [10ms]
2024-10-14 16:47:48.906 [info] > git config --local branch.main.vscode-merge-base [2ms]
2024-10-14 16:47:48.906 [warning] [Git][config] git config failed: Failed to execute git
2024-10-14 16:47:48.913 [info] > git reflog main --grep-reflog=branch: Created from *. [2ms]
2024-10-14 16:47:48.917 [info] > git symbolic-ref --short refs/remotes/origin/HEAD [1ms]
2024-10-14 16:47:48.917 [info] fatal: ref refs/remotes/origin/HEAD is not a symbolic ref
2024-10-14 16:48:01.809 [info] > git config --get commit.template [5ms]
2024-10-14 16:48:01.811 [info] > git for-each-ref --format=%(refname)%00%(upstream:short)%00%(objectname)%00%(upstream:track)%00%(upstream:remotename)%00%(upstream:remoteref) refs/heads/main refs/remotes/main [2ms]
2024-10-14 16:48:01.816 [info] > git status -z -uall [2ms]
2024-10-14 16:48:01.831 [info] > git for-each-ref --format=%(refname)%00%(upstream:short)%00%(objectname)%00%(upstream:track)%00%(upstream:remotename)%00%(upstream:remoteref) refs/heads/main refs/remotes/main [10ms]
2024-10-14 16:48:01.836 [info] > git config --local branch.main.vscode-merge-base [1ms]
2024-10-14 16:48:01.837 [warning] [Git][config] git config failed: Failed to execute git
2024-10-14 16:48:01.842 [info] > git reflog main --grep-reflog=branch: Created from *. [2ms]
2024-10-14 16:48:01.848 [info] > git symbolic-ref --short refs/remotes/origin/HEAD [1ms]
2024-10-14 16:48:01.848 [info] fatal: ref refs/remotes/origin/HEAD is not a symbolic ref
2024-10-14 16:48:06.847 [info] > git config --get commit.template [12ms]
2024-10-14 16:48:06.850 [info] > git for-each-ref --format=%(refname)%00%(upstream:short)%00%(objectname)%00%(upstream:track)%00%(upstream:remotename)%00%(upstream:remoteref) refs/heads/main refs/remotes/main [5ms]
2024-10-14 16:48:06.865 [info] > git status -z -uall [5ms]
2024-10-14 16:48:06.889 [info] > git for-each-ref --format=%(refname)%00%(upstream:short)%00%(objectname)%00%(upstream:track)%00%(upstream:remotename)%00%(upstream:remoteref) refs/heads/main refs/remotes/main [13ms]
2024-10-14 16:48:06.896 [info] > git config --local branch.main.vscode-merge-base [2ms]
2024-10-14 16:48:06.896 [warning] [Git][config] git config failed: Failed to execute git
2024-10-14 16:48:06.902 [info] > git reflog main --grep-reflog=branch: Created from *. [2ms]
2024-10-14 16:48:06.907 [info] > git symbolic-ref --short refs/remotes/origin/HEAD [1ms]
2024-10-14 16:48:06.907 [info] fatal: ref refs/remotes/origin/HEAD is not a symbolic ref
2024-10-14 16:49:40.532 [info] > git show --textconv :kj gshkbr [7ms]
2024-10-14 16:49:40.534 [info] > git ls-files --stage -- /home/pro/Escritorio/libro/ejercicio-git-libro/kj gshkbr [2ms]
2024-10-14 16:49:40.548 [info] > git cat-file -s 36dd4f1524edbc38d429e9c1aa1d0d46426a8110 [2ms]
2024-10-14 16:49:45.670 [info] > git show --textconv :README.md [8ms]
2024-10-14 16:49:45.672 [info] > git ls-files --stage -- /home/pro/Escritorio/libro/ejercicio-git-libro/README.md [2ms]
2024-10-14 16:49:45.676 [info] > git cat-file -s 956275f31f6e6d2cb89e9f9d7dbb605e9707c0a0 [1ms]
2024-10-14 16:49:46.506 [info] > git config --get commit.template [4ms]
2024-10-14 16:49:46.507 [info] > git for-each-ref --format=%(refname)%00%(upstream:short)%00%(objectname)%00%(upstream:track)%00%(upstream:remotename)%00%(upstream:remoteref) refs/heads/main refs/remotes/main [1ms]
2024-10-14 16:49:46.513 [info] > git status -z -uall [2ms]
2024-10-14 16:49:46.523 [info] > git for-each-ref --format=%(refname)%00%(upstream:short)%00%(objectname)%00%(upstream:track)%00%(upstream:remotename)%00%(upstream:remoteref) refs/heads/main refs/remotes/main [4ms]
2024-10-14 16:49:46.528 [info] > git config --local branch.main.vscode-merge-base [2ms]
2024-10-14 16:49:46.529 [warning] [Git][config] git config failed: Failed to execute git
2024-10-14 16:49:46.535 [info] > git reflog main --grep-reflog=branch: Created from *. [2ms]
2024-10-14 16:49:46.540 [info] > git symbolic-ref --short refs/remotes/origin/HEAD [1ms]
2024-10-14 16:49:46.540 [info] fatal: ref refs/remotes/origin/HEAD is not a symbolic ref
2024-10-14 16:50:02.326 [info] > git config --get commit.template [7ms]
2024-10-14 16:50:02.329 [info] > git for-each-ref --format=%(refname)%00%(upstream:short)%00%(objectname)%00%(upstream:track)%00%(upstream:remotename)%00%(upstream:remoteref) refs/heads/main refs/remotes/main [4ms]
2024-10-14 16:50:02.340 [info] > git status -z -uall [2ms]
2024-10-14 16:50:02.347 [info] > git for-each-ref --format=%(refname)%00%(upstream:short)%00%(objectname)%00%(upstream:track)%00%(upstream:remotename)%00%(upstream:remoteref) refs/heads/main refs/remotes/main [3ms]
2024-10-14 16:50:02.353 [info] > git config --local branch.main.vscode-merge-base [1ms]
2024-10-14 16:50:02.353 [warning] [Git][config] git config failed: Failed to execute git
2024-10-14 16:50:02.362 [info] > git reflog main --grep-reflog=branch: Created from *. [3ms]
2024-10-14 16:50:02.366 [info] > git symbolic-ref --short refs/remotes/origin/HEAD [1ms]
2024-10-14 16:50:02.366 [info] fatal: ref refs/remotes/origin/HEAD is not a symbolic ref
2024-10-14 16:50:03.392 [info] > git config --get commit.template [12ms]
2024-10-14 16:50:03.395 [info] > git for-each-ref --format=%(refname)%00%(upstream:short)%00%(objectname)%00%(upstream:track)%00%(upstream:remotename)%00%(upstream:remoteref) refs/heads/main refs/remotes/main [5ms]
2024-10-14 16:50:03.411 [info] > git status -z -uall [1ms]
2024-10-14 16:50:03.429 [info] > git for-each-ref --format=%(refname)%00%(upstream:short)%00%(objectname)%00%(upstream:track)%00%(upstream:remotename)%00%(upstream:remoteref) refs/heads/main refs/remotes/main [5ms]
2024-10-14 16:50:03.435 [info] > git config --local branch.main.vscode-merge-base [1ms]
2024-10-14 16:50:03.435 [warning] [Git][config] git config failed: Failed to execute git
2024-10-14 16:50:03.441 [info] > git reflog main --grep-reflog=branch: Created from *. [2ms]
2024-10-14 16:50:03.445 [info] > git symbolic-ref --short refs/remotes/origin/HEAD [1ms]
2024-10-14 16:50:03.445 [info] fatal: ref refs/remotes/origin/HEAD is not a symbolic ref
2024-10-14 16:50:03.474 [info] > git ls-files --stage -- /home/pro/Escritorio/libro/ejercicio-git-libro/README.md [1ms]
2024-10-14 16:50:03.479 [info] > git cat-file -s 847f6b01e8243521b3081dddf4ae8d43f5e11a0d [2ms]
2024-10-14 16:50:03.486 [info] > git show --textconv :README.md [2ms]
2024-10-14 16:50:10.633 [info] > git config --get commit.template [6ms]
2024-10-14 16:50:10.635 [info] > git for-each-ref --format=%(refname)%00%(upstream:short)%00%(objectname)%00%(upstream:track)%00%(upstream:remotename)%00%(upstream:remoteref) refs/heads/main refs/remotes/main [2ms]
2024-10-14 16:50:10.642 [info] > git status -z -uall [2ms]
2024-10-14 16:50:10.650 [info] > git for-each-ref --format=%(refname)%00%(upstream:short)%00%(objectname)%00%(upstream:track)%00%(upstream:remotename)%00%(upstream:remoteref) refs/heads/main refs/remotes/main [4ms]
2024-10-14 16:50:10.657 [info] > git config --local branch.main.vscode-merge-base [1ms]
2024-10-14 16:50:10.657 [warning] [Git][config] git config failed: Failed to execute git
2024-10-14 16:50:10.663 [info] > git reflog main --grep-reflog=branch: Created from *. [2ms]
2024-10-14 16:50:10.668 [info] > git symbolic-ref --short refs/remotes/origin/HEAD [2ms]
2024-10-14 16:50:10.668 [info] fatal: ref refs/remotes/origin/HEAD is not a symbolic ref
2024-10-14 16:50:30.551 [info] > git config --get commit.template [5ms]
2024-10-14 16:50:30.553 [info] > git for-each-ref --format=%(refname)%00%(upstream:short)%00%(objectname)%00%(upstream:track)%00%(upstream:remotename)%00%(upstream:remoteref) refs/heads/main refs/remotes/main [3ms]
2024-10-14 16:50:30.559 [info] > git status -z -uall [2ms]
2024-10-14 16:50:30.588 [info] > git for-each-ref --format=%(refname)%00%(upstream:short)%00%(objectname)%00%(upstream:track)%00%(upstream:remotename)%00%(upstream:remoteref) refs/heads/main refs/remotes/main [16ms]
2024-10-14 16:50:30.610 [info] > git config --local branch.main.vscode-merge-base [16ms]
2024-10-14 16:50:30.610 [warning] [Git][config] git config failed: Failed to execute git
2024-10-14 16:50:30.622 [info] > git reflog main --grep-reflog=branch: Created from *. [5ms]
2024-10-14 16:50:30.627 [info] > git symbolic-ref --short refs/remotes/origin/HEAD [2ms]
2024-10-14 16:50:30.627 [info] fatal: ref refs/remotes/origin/HEAD is not a symbolic ref
2024-10-14 16:50:36.436 [info] > git config --get commit.template [8ms]
2024-10-14 16:50:36.441 [info] > git for-each-ref --format=%(refname)%00%(upstream:short)%00%(objectname)%00%(upstream:track)%00%(upstream:remotename)%00%(upstream:remoteref) refs/heads/main refs/remotes/main [6ms]
2024-10-14 16:50:36.450 [info] > git status -z -uall [2ms]
2024-10-14 16:50:36.462 [info] > git for-each-ref --format=%(refname)%00%(upstream:short)%00%(objectname)%00%(upstream:track)%00%(upstream:remotename)%00%(upstream:remoteref) refs/heads/main refs/remotes/main [6ms]
2024-10-14 16:50:36.469 [info] > git config --local branch.main.vscode-merge-base [1ms]
2024-10-14 16:50:36.469 [warning] [Git][config] git config failed: Failed to execute git
2024-10-14 16:50:36.474 [info] > git reflog main --grep-reflog=branch: Created from *. [2ms]
2024-10-14 16:50:36.478 [info] > git symbolic-ref --short refs/remotes/origin/HEAD [1ms]
2024-10-14 16:50:36.478 [info] fatal: ref refs/remotes/origin/HEAD is not a symbolic ref
2024-10-14 16:50:48.099 [info] > git config --get commit.template [6ms]
2024-10-14 16:50:48.099 [info] > git for-each-ref --format=%(refname)%00%(upstream:short)%00%(objectname)%00%(upstream:track)%00%(upstream:remotename)%00%(upstream:remoteref) refs/heads/main refs/remotes/main [2ms]
2024-10-14 16:50:48.106 [info] > git status -z -uall [2ms]
2024-10-14 16:50:48.116 [info] > git for-each-ref --format=%(refname)%00%(upstream:short)%00%(objectname)%00%(upstream:track)%00%(upstream:remotename)%00%(upstream:remoteref) refs/heads/main refs/remotes/main [4ms]
2024-10-14 16:50:48.122 [info] > git config --local branch.main.vscode-merge-base [1ms]
2024-10-14 16:50:48.122 [warning] [Git][config] git config failed: Failed to execute git
2024-10-14 16:50:48.131 [info] > git reflog main --grep-reflog=branch: Created from *. [5ms]
2024-10-14 16:50:48.134 [info] > git check-ignore -v -z --stdin [4ms]
2024-10-14 16:50:48.136 [info] > git symbolic-ref --short refs/remotes/origin/HEAD [2ms]
2024-10-14 16:50:48.136 [info] fatal: ref refs/remotes/origin/HEAD is not a symbolic ref
2024-10-14 16:50:53.131 [info] > git config --get commit.template [5ms]
2024-10-14 16:50:53.131 [info] > git for-each-ref --format=%(refname)%00%(upstream:short)%00%(objectname)%00%(upstream:track)%00%(upstream:remotename)%00%(upstream:remoteref) refs/heads/main refs/remotes/main [1ms]
2024-10-14 16:50:53.137 [info] > git status -z -uall [2ms]
2024-10-14 16:50:53.147 [info] > git for-each-ref --format=%(refname)%00%(upstream:short)%00%(objectname)%00%(upstream:track)%00%(upstream:remotename)%00%(upstream:remoteref) refs/heads/main refs/remotes/main [4ms]
2024-10-14 16:50:53.153 [info] > git config --local branch.main.vscode-merge-base [2ms]
2024-10-14 16:50:53.153 [warning] [Git][config] git config failed: Failed to execute git
2024-10-14 16:50:53.158 [info] > git reflog main --grep-reflog=branch: Created from *. [1ms]
2024-10-14 16:50:53.162 [info] > git symbolic-ref --short refs/remotes/origin/HEAD [1ms]
2024-10-14 16:50:53.162 [info] fatal: ref refs/remotes/origin/HEAD is not a symbolic ref
2024-10-14 16:51:07.396 [info] > git config --get commit.template [8ms]
2024-10-14 16:51:07.398 [info] > git for-each-ref --format=%(refname)%00%(upstream:short)%00%(objectname)%00%(upstream:track)%00%(upstream:remotename)%00%(upstream:remoteref) refs/heads/main refs/remotes/main [4ms]
2024-10-14 16:51:07.405 [info] > git status -z -uall [2ms]
2024-10-14 16:51:07.415 [info] > git for-each-ref --format=%(refname)%00%(upstream:short)%00%(objectname)%00%(upstream:track)%00%(upstream:remotename)%00%(upstream:remoteref) refs/heads/main refs/remotes/main [5ms]
2024-10-14 16:51:07.422 [info] > git config --local branch.main.vscode-merge-base [2ms]
2024-10-14 16:51:07.422 [warning] [Git][config] git config failed: Failed to execute git
2024-10-14 16:51:07.428 [info] > git reflog main --grep-reflog=branch: Created from *. [2ms]
2024-10-14 16:51:07.434 [info] > git symbolic-ref --short refs/remotes/origin/HEAD [2ms]
2024-10-14 16:51:07.434 [info] fatal: ref refs/remotes/origin/HEAD is not a symbolic ref
2024-10-14 16:51:14.210 [info] > git config --get commit.template [4ms]
2024-10-14 16:51:14.211 [info] > git for-each-ref --format=%(refname)%00%(upstream:short)%00%(objectname)%00%(upstream:track)%00%(upstream:remotename)%00%(upstream:remoteref) refs/heads/main refs/remotes/main [1ms]
2024-10-14 16:51:14.217 [info] > git status -z -uall [1ms]
2024-10-14 16:51:14.226 [info] > git for-each-ref --format=%(refname)%00%(upstream:short)%00%(objectname)%00%(upstream:track)%00%(upstream:remotename)%00%(upstream:remoteref) refs/heads/main refs/remotes/main [4ms]
2024-10-14 16:51:14.232 [info] > git config --local branch.main.vscode-merge-base [2ms]
2024-10-14 16:51:14.232 [warning] [Git][config] git config failed: Failed to execute git
2024-10-14 16:51:14.238 [info] > git reflog main --grep-reflog=branch: Created from *. [2ms]
2024-10-14 16:51:14.242 [info] > git symbolic-ref --short refs/remotes/origin/HEAD [1ms]
2024-10-14 16:51:14.242 [info] fatal: ref refs/remotes/origin/HEAD is not a symbolic ref
2024-10-14 16:51:26.207 [info] > git config --get commit.template [22ms]
2024-10-14 16:51:26.209 [info] > git for-each-ref --format=%(refname)%00%(upstream:short)%00%(objectname)%00%(upstream:track)%00%(upstream:remotename)%00%(upstream:remoteref) refs/heads/main refs/remotes/main [11ms]
2024-10-14 16:51:26.220 [info] > git status -z -uall [4ms]
2024-10-14 16:51:26.230 [info] > git for-each-ref --format=%(refname)%00%(upstream:short)%00%(objectname)%00%(upstream:track)%00%(upstream:remotename)%00%(upstream:remoteref) refs/heads/main refs/remotes/main [4ms]
2024-10-14 16:51:26.253 [info] > git config --local branch.main.vscode-merge-base [1ms]
2024-10-14 16:51:26.253 [warning] [Git][config] git config failed: Failed to execute git
2024-10-14 16:51:26.280 [info] > git reflog main --grep-reflog=branch: Created from *. [8ms]
2024-10-14 16:51:26.293 [info] > git symbolic-ref --short refs/remotes/origin/HEAD [4ms]
2024-10-14 16:51:26.293 [info] fatal: ref refs/remotes/origin/HEAD is not a symbolic ref
2024-10-14 16:51:31.252 [info] > git config --get commit.template [12ms]
2024-10-14 16:51:31.255 [info] > git for-each-ref --format=%(refname)%00%(upstream:short)%00%(objectname)%00%(upstream:track)%00%(upstream:remotename)%00%(upstream:remoteref) refs/heads/main refs/remotes/main [4ms]
2024-10-14 16:51:31.270 [info] > git status -z -uall [5ms]
2024-10-14 16:51:31.285 [info] > git for-each-ref --format=%(refname)%00%(upstream:short)%00%(objectname)%00%(upstream:track)%00%(upstream:remotename)%00%(upstream:remoteref) refs/heads/main refs/remotes/main [5ms]
2024-10-14 16:51:31.293 [info] > git config --local branch.main.vscode-merge-base [2ms]
2024-10-14 16:51:31.293 [warning] [Git][config] git config failed: Failed to execute git
2024-10-14 16:51:31.301 [info] > git reflog main --grep-reflog=branch: Created from *. [4ms]
2024-10-14 16:51:31.306 [info] > git symbolic-ref --short refs/remotes/origin/HEAD [2ms]
2024-10-14 16:51:31.306 [info] fatal: ref refs/remotes/origin/HEAD is not a symbolic ref
2024-10-14 16:51:48.393 [info] > git config --get commit.template [2ms]
2024-10-14 16:51:48.415 [info] > git for-each-ref --format=%(refname)%00%(upstream:short)%00%(objectname)%00%(upstream:track)%00%(upstream:remotename)%00%(upstream:remoteref) refs/heads/main refs/remotes/main [7ms]
2024-10-14 16:51:48.440 [info] > git status -z -uall [20ms]
2024-10-14 16:51:48.449 [info] > git for-each-ref --format=%(refname)%00%(upstream:short)%00%(objectname)%00%(upstream:track)%00%(upstream:remotename)%00%(upstream:remoteref) refs/heads/main refs/remotes/main [4ms]
2024-10-14 16:51:48.454 [info] > git config --local branch.main.vscode-merge-base [1ms]
2024-10-14 16:51:48.454 [warning] [Git][config] git config failed: Failed to execute git
2024-10-14 16:51:48.465 [info] > git reflog main --grep-reflog=branch: Created from *. [3ms]
2024-10-14 16:51:48.470 [info] > git symbolic-ref --short refs/remotes/origin/HEAD [1ms]
2024-10-14 16:51:48.471 [info] fatal: ref refs/remotes/origin/HEAD is not a symbolic ref
2024-10-14 16:51:53.483 [info] > git config --get commit.template [14ms]
2024-10-14 16:51:53.487 [info] > git for-each-ref --format=%(refname)%00%(upstream:short)%00%(objectname)%00%(upstream:track)%00%(upstream:remotename)%00%(upstream:remoteref) refs/heads/main refs/remotes/main [5ms]
2024-10-14 16:51:53.503 [info] > git status -z -uall [7ms]
2024-10-14 16:51:53.522 [info] > git for-each-ref --format=%(refname)%00%(upstream:short)%00%(objectname)%00%(upstream:track)%00%(upstream:remotename)%00%(upstream:remoteref) refs/heads/main refs/remotes/main [11ms]
2024-10-14 16:51:53.534 [info] > git config --local branch.main.vscode-merge-base [1ms]
2024-10-14 16:51:53.534 [warning] [Git][config] git config failed: Failed to execute git
2024-10-14 16:51:53.553 [info] > git reflog main --grep-reflog=branch: Created from *. [15ms]
2024-10-14 16:51:53.558 [info] > git symbolic-ref --short refs/remotes/origin/HEAD [1ms]
2024-10-14 16:51:53.558 [info] fatal: ref refs/remotes/origin/HEAD is not a symbolic ref
2024-10-14 16:51:58.540 [info] > git config --get commit.template [14ms]
2024-10-14 16:51:58.545 [info] > git for-each-ref --format=%(refname)%00%(upstream:short)%00%(objectname)%00%(upstream:track)%00%(upstream:remotename)%00%(upstream:remoteref) refs/heads/main refs/remotes/main [7ms]
2024-10-14 16:51:58.558 [info] > git status -z -uall [6ms]
2024-10-14 16:51:58.566 [info] > git for-each-ref --format=%(refname)%00%(upstream:short)%00%(objectname)%00%(upstream:track)%00%(upstream:remotename)%00%(upstream:remoteref) refs/heads/main refs/remotes/main [4ms]
2024-10-14 16:51:58.573 [info] > git config --local branch.main.vscode-merge-base [3ms]
2024-10-14 16:51:58.573 [warning] [Git][config] git config failed: Failed to execute git
2024-10-14 16:51:58.578 [info] > git reflog main --grep-reflog=branch: Created from *. [2ms]
2024-10-14 16:51:58.583 [info] > git symbolic-ref --short refs/remotes/origin/HEAD [2ms]
2024-10-14 16:51:58.583 [info] fatal: ref refs/remotes/origin/HEAD is not a symbolic ref
2024-10-14 16:52:03.585 [info] > git config --get commit.template [11ms]
2024-10-14 16:52:03.590 [info] > git for-each-ref --format=%(refname)%00%(upstream:short)%00%(objectname)%00%(upstream:track)%00%(upstream:remotename)%00%(upstream:remoteref) refs/heads/main refs/remotes/main [7ms]
2024-10-14 16:52:03.605 [info] > git status -z -uall [5ms]
2024-10-14 16:52:03.623 [info] > git for-each-ref --format=%(refname)%00%(upstream:short)%00%(objectname)%00%(upstream:track)%00%(upstream:remotename)%00%(upstream:remoteref) refs/heads/main refs/remotes/main [6ms]
2024-10-14 16:52:03.632 [info] > git config --local branch.main.vscode-merge-base [3ms]
2024-10-14 16:52:03.632 [warning] [Git][config] git config failed: Failed to execute git
2024-10-14 16:52:03.638 [info] > git reflog main --grep-reflog=branch: Created from *. [2ms]
2024-10-14 16:52:03.643 [info] > git symbolic-ref --short refs/remotes/origin/HEAD [1ms]
2024-10-14 16:52:03.643 [info] fatal: ref refs/remotes/origin/HEAD is not a symbolic ref
2024-10-14 16:52:08.628 [info] > git config --get commit.template [4ms]
2024-10-14 16:52:08.630 [info] > git for-each-ref --format=%(refname)%00%(upstream:short)%00%(objectname)%00%(upstream:track)%00%(upstream:remotename)%00%(upstream:remoteref) refs/heads/main refs/remotes/main [2ms]
2024-10-14 16:52:08.638 [info] > git status -z -uall [4ms]
2024-10-14 16:52:08.646 [info] > git for-each-ref --format=%(refname)%00%(upstream:short)%00%(objectname)%00%(upstream:track)%00%(upstream:remotename)%00%(upstream:remoteref) refs/heads/main refs/remotes/main [4ms]
2024-10-14 16:52:08.652 [info] > git config --local branch.main.vscode-merge-base [3ms]
2024-10-14 16:52:08.652 [warning] [Git][config] git config failed: Failed to execute git
2024-10-14 16:52:08.657 [info] > git reflog main --grep-reflog=branch: Created from *. [2ms]
2024-10-14 16:52:08.662 [info] > git symbolic-ref --short refs/remotes/origin/HEAD [2ms]
2024-10-14 16:52:08.662 [info] fatal: ref refs/remotes/origin/HEAD is not a symbolic ref
2024-10-14 16:52:13.671 [info] > git config --get commit.template [12ms]
2024-10-14 16:52:13.678 [info] > git for-each-ref --format=%(refname)%00%(upstream:short)%00%(objectname)%00%(upstream:track)%00%(upstream:remotename)%00%(upstream:remoteref) refs/heads/main refs/remotes/main [8ms]
2024-10-14 16:52:13.692 [info] > git status -z -uall [6ms]
2024-10-14 16:52:13.708 [info] > git for-each-ref --format=%(refname)%00%(upstream:short)%00%(objectname)%00%(upstream:track)%00%(upstream:remotename)%00%(upstream:remoteref) refs/heads/main refs/remotes/main [7ms]
2024-10-14 16:52:13.716 [info] > git config --local branch.main.vscode-merge-base [2ms]
2024-10-14 16:52:13.717 [warning] [Git][config] git config failed: Failed to execute git
2024-10-14 16:52:13.723 [info] > git reflog main --grep-reflog=branch: Created from *. [2ms]
2024-10-14 16:52:13.728 [info] > git symbolic-ref --short refs/remotes/origin/HEAD [1ms]
2024-10-14 16:52:13.728 [info] fatal: ref refs/remotes/origin/HEAD is not a symbolic ref
2024-10-14 16:52:22.547 [info] > git config --get commit.template [3ms]
2024-10-14 16:52:22.561 [info] > git for-each-ref --format=%(refname)%00%(upstream:short)%00%(objectname)%00%(upstream:track)%00%(upstream:remotename)%00%(upstream:remoteref) refs/heads/main refs/remotes/main [5ms]
2024-10-14 16:52:22.576 [info] > git status -z -uall [5ms]
2024-10-14 16:52:22.595 [info] > git for-each-ref --format=%(refname)%00%(upstream:short)%00%(objectname)%00%(upstream:track)%00%(upstream:remotename)%00%(upstream:remoteref) refs/heads/main refs/remotes/main [8ms]
2024-10-14 16:52:22.603 [info] > git config --local branch.main.vscode-merge-base [2ms]
2024-10-14 16:52:22.603 [warning] [Git][config] git config failed: Failed to execute git
2024-10-14 16:52:22.609 [info] > git reflog main --grep-reflog=branch: Created from *. [2ms]
2024-10-14 16:52:22.614 [info] > git symbolic-ref --short refs/remotes/origin/HEAD [2ms]
2024-10-14 16:52:22.614 [info] fatal: ref refs/remotes/origin/HEAD is not a symbolic ref
2024-10-14 16:52:27.611 [info] > git config --get commit.template [9ms]
2024-10-14 16:52:27.627 [info] > git for-each-ref --format=%(refname)%00%(upstream:short)%00%(objectname)%00%(upstream:track)%00%(upstream:remotename)%00%(upstream:remoteref) refs/heads/main refs/remotes/main [4ms]
2024-10-14 16:52:27.636 [info] > git status -z -uall [2ms]
2024-10-14 16:52:27.648 [info] > git for-each-ref --format=%(refname)%00%(upstream:short)%00%(objectname)%00%(upstream:track)%00%(upstream:remotename)%00%(upstream:remoteref) refs/heads/main refs/remotes/main [5ms]
2024-10-14 16:52:27.662 [info] > git config --local branch.main.vscode-merge-base [3ms]
2024-10-14 16:52:27.662 [warning] [Git][config] git config failed: Failed to execute git
2024-10-14 16:52:27.668 [info] > git reflog main --grep-reflog=branch: Created from *. [3ms]
2024-10-14 16:52:27.675 [info] > git symbolic-ref --short refs/remotes/origin/HEAD [3ms]
2024-10-14 16:52:27.675 [info] fatal: ref refs/remotes/origin/HEAD is not a symbolic ref
2024-10-14 16:52:32.662 [info] > git config --get commit.template [10ms]
2024-10-14 16:52:32.663 [info] > git for-each-ref --format=%(refname)%00%(upstream:short)%00%(objectname)%00%(upstream:track)%00%(upstream:remotename)%00%(upstream:remoteref) refs/heads/main refs/remotes/main [2ms]
2024-10-14 16:52:32.668 [info] > git status -z -uall [2ms]
2024-10-14 16:52:32.675 [info] > git for-each-ref --format=%(refname)%00%(upstream:short)%00%(objectname)%00%(upstream:track)%00%(upstream:remotename)%00%(upstream:remoteref) refs/heads/main refs/remotes/main [3ms]
2024-10-14 16:52:32.681 [info] > git config --local branch.main.vscode-merge-base [2ms]
2024-10-14 16:52:32.681 [warning] [Git][config] git config failed: Failed to execute git
2024-10-14 16:52:32.686 [info] > git reflog main --grep-reflog=branch: Created from *. [2ms]
2024-10-14 16:52:32.690 [info] > git symbolic-ref --short refs/remotes/origin/HEAD [1ms]
2024-10-14 16:52:32.690 [info] fatal: ref refs/remotes/origin/HEAD is not a symbolic ref
2024-10-14 16:52:50.447 [info] > git config --get commit.template [4ms]
2024-10-14 16:52:50.456 [info] > git for-each-ref --format=%(refname)%00%(upstream:short)%00%(objectname)%00%(upstream:track)%00%(upstream:remotename)%00%(upstream:remoteref) refs/heads/main refs/remotes/main [9ms]
2024-10-14 16:52:50.463 [info] > git status -z -uall [3ms]
2024-10-14 16:52:50.470 [info] > git for-each-ref --format=%(refname)%00%(upstream:short)%00%(objectname)%00%(upstream:track)%00%(upstream:remotename)%00%(upstream:remoteref) refs/heads/main refs/remotes/main [3ms]
2024-10-14 16:52:50.476 [info] > git config --local branch.main.vscode-merge-base [2ms]
2024-10-14 16:52:50.476 [warning] [Git][config] git config failed: Failed to execute git
2024-10-14 16:52:50.483 [info] > git reflog main --grep-reflog=branch: Created from *. [2ms]
2024-10-14 16:52:50.488 [info] > git symbolic-ref --short refs/remotes/origin/HEAD [2ms]
2024-10-14 16:52:50.488 [info] fatal: ref refs/remotes/origin/HEAD is not a symbolic ref
2024-10-14 16:52:51.580 [info] > git ls-files --stage -- /home/pro/Escritorio/libro/ejercicio-git-libro/README.md [3ms]
2024-10-14 16:52:51.593 [info] > git cat-file -s 234f336c794bcb7ed5025495ac6444cc0437d73b [5ms]
2024-10-14 16:52:51.610 [info] > git show --textconv :README.md [5ms]
2024-10-14 16:53:15.155 [info] > git config --get commit.template [11ms]
2024-10-14 16:53:15.158 [info] > git for-each-ref --format=%(refname)%00%(upstream:short)%00%(objectname)%00%(upstream:track)%00%(upstream:remotename)%00%(upstream:remoteref) refs/heads/main refs/remotes/main [5ms]
2024-10-14 16:53:15.174 [info] > git status -z -uall [5ms]
2024-10-14 16:53:15.193 [info] > git for-each-ref --format=%(refname)%00%(upstream:short)%00%(objectname)%00%(upstream:track)%00%(upstream:remotename)%00%(upstream:remoteref) refs/heads/main refs/remotes/main [6ms]
2024-10-14 16:53:15.204 [info] > git config --local branch.main.vscode-merge-base [2ms]
2024-10-14 16:53:15.204 [warning] [Git][config] git config failed: Failed to execute git
2024-10-14 16:53:15.213 [info] > git reflog main --grep-reflog=branch: Created from *. [4ms]
2024-10-14 16:53:15.218 [info] > git symbolic-ref --short refs/remotes/origin/HEAD [2ms]
2024-10-14 16:53:15.218 [info] fatal: ref refs/remotes/origin/HEAD is not a symbolic ref
2024-10-14 16:53:20.199 [info] > git config --get commit.template [6ms]
2024-10-14 16:53:20.202 [info] > git for-each-ref --format=%(refname)%00%(upstream:short)%00%(objectname)%00%(upstream:track)%00%(upstream:remotename)%00%(upstream:remoteref) refs/heads/main refs/remotes/main [4ms]
2024-10-14 16:53:20.216 [info] > git status -z -uall [2ms]
2024-10-14 16:53:20.224 [info] > git for-each-ref --format=%(refname)%00%(upstream:short)%00%(objectname)%00%(upstream:track)%00%(upstream:remotename)%00%(upstream:remoteref) refs/heads/main refs/remotes/main [3ms]
2024-10-14 16:53:20.229 [info] > git config --local branch.main.vscode-merge-base [1ms]
2024-10-14 16:53:20.230 [warning] [Git][config] git config failed: Failed to execute git
2024-10-14 16:53:20.236 [info] > git reflog main --grep-reflog=branch: Created from *. [3ms]
2024-10-14 16:53:20.240 [info] > git symbolic-ref --short refs/remotes/origin/HEAD [1ms]
2024-10-14 16:53:20.240 [info] fatal: ref refs/remotes/origin/HEAD is not a symbolic ref
2024-10-14 16:53:25.245 [info] > git config --get commit.template [12ms]
2024-10-14 16:53:25.248 [info] > git for-each-ref --format=%(refname)%00%(upstream:short)%00%(objectname)%00%(upstream:track)%00%(upstream:remotename)%00%(upstream:remoteref) refs/heads/main refs/remotes/main [4ms]
2024-10-14 16:53:25.267 [info] > git status -z -uall [8ms]
2024-10-14 16:53:25.281 [info] > git for-each-ref --format=%(refname)%00%(upstream:short)%00%(objectname)%00%(upstream:track)%00%(upstream:remotename)%00%(upstream:remoteref) refs/heads/main refs/remotes/main [4ms]
2024-10-14 16:53:25.296 [info] > git config --local branch.main.vscode-merge-base [2ms]
2024-10-14 16:53:25.296 [warning] [Git][config] git config failed: Failed to execute git
2024-10-14 16:53:25.313 [info] > git reflog main --grep-reflog=branch: Created from *. [10ms]
2024-10-14 16:53:25.323 [info] > git symbolic-ref --short refs/remotes/origin/HEAD [6ms]
2024-10-14 16:53:25.323 [info] fatal: ref refs/remotes/origin/HEAD is not a symbolic ref
2024-10-14 16:53:30.305 [info] > git config --get commit.template [12ms]
2024-10-14 16:53:30.308 [info] > git for-each-ref --format=%(refname)%00%(upstream:short)%00%(objectname)%00%(upstream:track)%00%(upstream:remotename)%00%(upstream:remoteref) refs/heads/main refs/remotes/main [4ms]
2024-10-14 16:53:30.323 [info] > git status -z -uall [5ms]
2024-10-14 16:53:30.342 [info] > git for-each-ref --format=%(refname)%00%(upstream:short)%00%(objectname)%00%(upstream:track)%00%(upstream:remotename)%00%(upstream:remoteref) refs/heads/main refs/remotes/main [7ms]
2024-10-14 16:53:30.350 [info] > git config --local branch.main.vscode-merge-base [3ms]
2024-10-14 16:53:30.350 [warning] [Git][config] git config failed: Failed to execute git
2024-10-14 16:53:30.357 [info] > git reflog main --grep-reflog=branch: Created from *. [2ms]
2024-10-14 16:53:30.361 [info] > git symbolic-ref --short refs/remotes/origin/HEAD [1ms]
2024-10-14 16:53:30.361 [info] fatal: ref refs/remotes/origin/HEAD is not a symbolic ref
2024-10-14 16:53:35.362 [info] > git config --get commit.template [7ms]
2024-10-14 16:53:35.366 [info] > git for-each-ref --format=%(refname)%00%(upstream:short)%00%(objectname)%00%(upstream:track)%00%(upstream:remotename)%00%(upstream:remoteref) refs/heads/main refs/remotes/main [5ms]
2024-10-14 16:53:35.374 [info] > git status -z -uall [1ms]
2024-10-14 16:53:35.386 [info] > git for-each-ref --format=%(refname)%00%(upstream:short)%00%(objectname)%00%(upstream:track)%00%(upstream:remotename)%00%(upstream:remoteref) refs/heads/main refs/remotes/main [7ms]
2024-10-14 16:53:35.391 [info] > git config --local branch.main.vscode-merge-base [1ms]
2024-10-14 16:53:35.391 [warning] [Git][config] git config failed: Failed to execute git
2024-10-14 16:53:35.397 [info] > git reflog main --grep-reflog=branch: Created from *. [1ms]
2024-10-14 16:53:35.403 [info] > git symbolic-ref --short refs/remotes/origin/HEAD [2ms]
2024-10-14 16:53:35.403 [info] fatal: ref refs/remotes/origin/HEAD is not a symbolic ref
2024-10-14 16:53:49.714 [info] > git config --get commit.template [6ms]
2024-10-14 16:53:49.718 [info] > git for-each-ref --format=%(refname)%00%(upstream:short)%00%(objectname)%00%(upstream:track)%00%(upstream:remotename)%00%(upstream:remoteref) refs/heads/main refs/remotes/main [5ms]
2024-10-14 16:53:49.725 [info] > git status -z -uall [2ms]
2024-10-14 16:53:49.735 [info] > git for-each-ref --format=%(refname)%00%(upstream:short)%00%(objectname)%00%(upstream:track)%00%(upstream:remotename)%00%(upstream:remoteref) refs/heads/main refs/remotes/main [5ms]
2024-10-14 16:53:49.741 [info] > git config --local branch.main.vscode-merge-base [1ms]
2024-10-14 16:53:49.742 [warning] [Git][config] git config failed: Failed to execute git
2024-10-14 16:53:49.747 [info] > git reflog main --grep-reflog=branch: Created from *. [2ms]
2024-10-14 16:53:49.753 [info] > git symbolic-ref --short refs/remotes/origin/HEAD [2ms]
2024-10-14 16:53:49.753 [info] fatal: ref refs/remotes/origin/HEAD is not a symbolic ref
2024-10-14 16:53:49.760 [info] > git merge-base refs/heads/main refs/remotes/origin/main [3ms]
2024-10-14 16:53:49.766 [info] > git rev-list --count --left-right refs/heads/main...refs/remotes/origin/main [2ms]
2024-10-14 16:53:49.772 [info] > git diff --name-status -z --diff-filter=ADMR 2bbb386cfd411caf29ffb7b79fe418f52c552a58...refs/remotes/origin/main [3ms]
2024-10-14 16:53:50.825 [info] > git ls-files --stage -- /home/pro/Escritorio/libro/ejercicio-git-libro/README.md [2ms]
2024-10-14 16:53:50.831 [info] > git cat-file -s 234f336c794bcb7ed5025495ac6444cc0437d73b [2ms]
2024-10-14 16:53:50.838 [info] > git show --textconv :README.md [1ms]
2024-10-14 16:54:01.918 [info] > git config --get commit.template [4ms]
2024-10-14 16:54:01.919 [info] > git for-each-ref --format=%(refname)%00%(upstream:short)%00%(objectname)%00%(upstream:track)%00%(upstream:remotename)%00%(upstream:remoteref) refs/heads/main refs/remotes/main [2ms]
2024-10-14 16:54:01.925 [info] > git status -z -uall [2ms]
2024-10-14 16:54:01.931 [info] > git for-each-ref --format=%(refname)%00%(upstream:short)%00%(objectname)%00%(upstream:track)%00%(upstream:remotename)%00%(upstream:remoteref) refs/heads/main refs/remotes/main [3ms]
2024-10-14 16:54:01.939 [info] > git config --local branch.main.vscode-merge-base [2ms]
2024-10-14 16:54:01.939 [warning] [Git][config] git config failed: Failed to execute git
2024-10-14 16:54:01.944 [info] > git reflog main --grep-reflog=branch: Created from *. [1ms]
2024-10-14 16:54:01.948 [info] > git symbolic-ref --short refs/remotes/origin/HEAD [1ms]
2024-10-14 16:54:01.948 [info] fatal: ref refs/remotes/origin/HEAD is not a symbolic ref
2024-10-14 16:54:07.238 [info] > git config --get commit.template [8ms]
2024-10-14 16:54:07.240 [info] > git for-each-ref --format=%(refname)%00%(upstream:short)%00%(objectname)%00%(upstream:track)%00%(upstream:remotename)%00%(upstream:remoteref) refs/heads/main refs/remotes/main [4ms]
2024-10-14 16:54:07.246 [info] > git status -z -uall [2ms]
2024-10-14 16:54:07.258 [info] > git for-each-ref --format=%(refname)%00%(upstream:short)%00%(objectname)%00%(upstream:track)%00%(upstream:remotename)%00%(upstream:remoteref) refs/heads/main refs/remotes/main [4ms]
2024-10-14 16:54:07.263 [info] > git config --local branch.main.vscode-merge-base [1ms]
2024-10-14 16:54:07.263 [warning] [Git][config] git config failed: Failed to execute git
2024-10-14 16:54:07.269 [info] > git reflog main --grep-reflog=branch: Created from *. [2ms]
2024-10-14 16:54:07.274 [info] > git symbolic-ref --short refs/remotes/origin/HEAD [1ms]
2024-10-14 16:54:07.274 [info] fatal: ref refs/remotes/origin/HEAD is not a symbolic ref
2024-10-14 16:54:12.278 [info] > git config --get commit.template [11ms]
2024-10-14 16:54:12.282 [info] > git for-each-ref --format=%(refname)%00%(upstream:short)%00%(objectname)%00%(upstream:track)%00%(upstream:remotename)%00%(upstream:remoteref) refs/heads/main refs/remotes/main [5ms]
2024-10-14 16:54:12.296 [info] > git status -z -uall [5ms]
2024-10-14 16:54:12.314 [info] > git for-each-ref --format=%(refname)%00%(upstream:short)%00%(objectname)%00%(upstream:track)%00%(upstream:remotename)%00%(upstream:remoteref) refs/heads/main refs/remotes/main [8ms]
2024-10-14 16:54:12.322 [info] > git config --local branch.main.vscode-merge-base [2ms]
2024-10-14 16:54:12.322 [warning] [Git][config] git config failed: Failed to execute git
2024-10-14 16:54:12.328 [info] > git reflog main --grep-reflog=branch: Created from *. [2ms]
2024-10-14 16:54:12.333 [info] > git symbolic-ref --short refs/remotes/origin/HEAD [1ms]
2024-10-14 16:54:12.333 [info] fatal: ref refs/remotes/origin/HEAD is not a symbolic ref
2024-10-14 16:54:17.318 [info] > git config --get commit.template [5ms]
2024-10-14 16:54:17.320 [info] > git for-each-ref --format=%(refname)%00%(upstream:short)%00%(objectname)%00%(upstream:track)%00%(upstream:remotename)%00%(upstream:remoteref) refs/heads/main refs/remotes/main [2ms]
2024-10-14 16:54:17.327 [info] > git status -z -uall [2ms]
2024-10-14 16:54:17.337 [info] > git for-each-ref --format=%(refname)%00%(upstream:short)%00%(objectname)%00%(upstream:track)%00%(upstream:remotename)%00%(upstream:remoteref) refs/heads/main refs/remotes/main [5ms]
2024-10-14 16:54:17.343 [info] > git config --local branch.main.vscode-merge-base [2ms]
2024-10-14 16:54:17.343 [warning] [Git][config] git config failed: Failed to execute git
2024-10-14 16:54:17.349 [info] > git reflog main --grep-reflog=branch: Created from *. [2ms]
2024-10-14 16:54:17.356 [info] > git symbolic-ref --short refs/remotes/origin/HEAD [3ms]
2024-10-14 16:54:17.356 [info] fatal: ref refs/remotes/origin/HEAD is not a symbolic ref
2024-10-14 16:54:22.355 [info] > git config --get commit.template [11ms]
2024-10-14 16:54:22.362 [info] > git for-each-ref --format=%(refname)%00%(upstream:short)%00%(objectname)%00%(upstream:track)%00%(upstream:remotename)%00%(upstream:remoteref) refs/heads/main refs/remotes/main [7ms]
2024-10-14 16:54:22.377 [info] > git status -z -uall [4ms]
2024-10-14 16:54:22.396 [info] > git for-each-ref --format=%(refname)%00%(upstream:short)%00%(objectname)%00%(upstream:track)%00%(upstream:remotename)%00%(upstream:remoteref) refs/heads/main refs/remotes/main [9ms]
2024-10-14 16:54:22.403 [info] > git config --local branch.main.vscode-merge-base [3ms]
2024-10-14 16:54:22.403 [warning] [Git][config] git config failed: Failed to execute git
2024-10-14 16:54:22.409 [info] > git reflog main --grep-reflog=branch: Created from *. [3ms]
2024-10-14 16:54:22.413 [info] > git symbolic-ref --short refs/remotes/origin/HEAD [1ms]
2024-10-14 16:54:22.413 [info] fatal: ref refs/remotes/origin/HEAD is not a symbolic ref
2024-10-14 16:54:37.899 [info] > git config --get commit.template [10ms]
2024-10-14 16:54:37.906 [info] > git for-each-ref --format=%(refname)%00%(upstream:short)%00%(objectname)%00%(upstream:track)%00%(upstream:remotename)%00%(upstream:remoteref) refs/heads/main refs/remotes/main [8ms]
2024-10-14 16:54:37.912 [info] > git status -z -uall [1ms]
2024-10-14 16:54:37.923 [info] > git for-each-ref --format=%(refname)%00%(upstream:short)%00%(objectname)%00%(upstream:track)%00%(upstream:remotename)%00%(upstream:remoteref) refs/heads/main refs/remotes/main [4ms]
2024-10-14 16:54:37.929 [info] > git config --local branch.main.vscode-merge-base [1ms]
2024-10-14 16:54:37.929 [warning] [Git][config] git config failed: Failed to execute git
2024-10-14 16:54:37.935 [info] > git reflog main --grep-reflog=branch: Created from *. [0ms]
2024-10-14 16:54:37.940 [info] > git symbolic-ref --short refs/remotes/origin/HEAD [1ms]
2024-10-14 16:54:37.940 [info] fatal: ref refs/remotes/origin/HEAD is not a symbolic ref
2024-10-14 16:54:48.462 [info] > git config --get commit.template [10ms]
2024-10-14 16:54:48.463 [info] > git for-each-ref --format=%(refname)%00%(upstream:short)%00%(objectname)%00%(upstream:track)%00%(upstream:remotename)%00%(upstream:remoteref) refs/heads/main refs/remotes/main [1ms]
2024-10-14 16:54:48.472 [info] > git status -z -uall [2ms]
2024-10-14 16:54:48.487 [info] > git for-each-ref --format=%(refname)%00%(upstream:short)%00%(objectname)%00%(upstream:track)%00%(upstream:remotename)%00%(upstream:remoteref) refs/heads/main refs/remotes/main [3ms]
2024-10-14 16:54:48.492 [info] > git config --local branch.main.vscode-merge-base [1ms]
2024-10-14 16:54:48.492 [warning] [Git][config] git config failed: Failed to execute git
2024-10-14 16:54:48.500 [info] > git reflog main --grep-reflog=branch: Created from *. [2ms]
2024-10-14 16:54:48.506 [info] > git symbolic-ref --short refs/remotes/origin/HEAD [1ms]
2024-10-14 16:54:48.506 [info] fatal: ref refs/remotes/origin/HEAD is not a symbolic ref
2024-10-14 16:54:49.455 [info] > git config --get commit.template [10ms]
2024-10-14 16:54:49.459 [info] > git for-each-ref --format=%(refname)%00%(upstream:short)%00%(objectname)%00%(upstream:track)%00%(upstream:remotename)%00%(upstream:remoteref) refs/heads/main refs/remotes/main [5ms]
2024-10-14 16:54:49.466 [info] > git status -z -uall [2ms]
2024-10-14 16:54:49.475 [info] > git for-each-ref --format=%(refname)%00%(upstream:short)%00%(objectname)%00%(upstream:track)%00%(upstream:remotename)%00%(upstream:remoteref) refs/heads/main refs/remotes/main [4ms]
2024-10-14 16:54:49.481 [info] > git config --local branch.main.vscode-merge-base [2ms]
2024-10-14 16:54:49.481 [warning] [Git][config] git config failed: Failed to execute git
2024-10-14 16:54:49.487 [info] > git reflog main --grep-reflog=branch: Created from *. [3ms]
2024-10-14 16:54:49.492 [info] > git symbolic-ref --short refs/remotes/origin/HEAD [2ms]
2024-10-14 16:54:49.492 [info] fatal: ref refs/remotes/origin/HEAD is not a symbolic ref
2024-10-14 16:54:49.539 [info] > git ls-files --stage -- /home/pro/Escritorio/libro/ejercicio-git-libro/README.md [1ms]
2024-10-14 16:54:49.544 [info] > git cat-file -s 4ae47a479d8256e99e97386b4dddec8813c57961 [1ms]
2024-10-14 16:54:49.553 [info] > git show --textconv :README.md [5ms]
2024-10-14 16:55:00.319 [info] > git config --get commit.template [5ms]
2024-10-14 16:55:00.330 [info] > git for-each-ref --format=%(refname)%00%(upstream:short)%00%(objectname)%00%(upstream:track)%00%(upstream:remotename)%00%(upstream:remoteref) refs/heads/main refs/remotes/main [11ms]
2024-10-14 16:55:00.338 [info] > git status -z -uall [3ms]
2024-10-14 16:55:00.353 [info] > git for-each-ref --format=%(refname)%00%(upstream:short)%00%(objectname)%00%(upstream:track)%00%(upstream:remotename)%00%(upstream:remoteref) refs/heads/main refs/remotes/main [6ms]
2024-10-14 16:55:00.358 [info] > git config --local branch.main.vscode-merge-base [1ms]
2024-10-14 16:55:00.358 [warning] [Git][config] git config failed: Failed to execute git
2024-10-14 16:55:00.371 [info] > git reflog main --grep-reflog=branch: Created from *. [9ms]
2024-10-14 16:55:00.377 [info] > git symbolic-ref --short refs/remotes/origin/HEAD [2ms]
2024-10-14 16:55:00.377 [info] fatal: ref refs/remotes/origin/HEAD is not a symbolic ref
2024-10-14 16:55:00.382 [info] > git merge-base refs/heads/main refs/remotes/origin/main [0ms]
2024-10-14 16:55:00.390 [info] > git rev-list --count --left-right refs/heads/main...refs/remotes/origin/main [2ms]
2024-10-14 16:55:00.395 [info] > git diff --name-status -z --diff-filter=ADMR e34e1c025d562ee96b317edca957d5fed0154352...refs/remotes/origin/main [2ms]
2024-10-14 16:55:07.553 [info] > git config --get commit.template [5ms]
2024-10-14 16:55:07.555 [info] > git for-each-ref --format=%(refname)%00%(upstream:short)%00%(objectname)%00%(upstream:track)%00%(upstream:remotename)%00%(upstream:remoteref) refs/heads/main refs/remotes/main [3ms]
2024-10-14 16:55:07.562 [info] > git status -z -uall [2ms]
2024-10-14 16:55:07.568 [info] > git for-each-ref --format=%(refname)%00%(upstream:short)%00%(objectname)%00%(upstream:track)%00%(upstream:remotename)%00%(upstream:remoteref) refs/heads/main refs/remotes/main [2ms]
2024-10-14 16:55:07.575 [info] > git config --local branch.main.vscode-merge-base [2ms]
2024-10-14 16:55:07.575 [warning] [Git][config] git config failed: Failed to execute git
2024-10-14 16:55:07.581 [info] > git reflog main --grep-reflog=branch: Created from *. [3ms]
2024-10-14 16:55:07.586 [info] > git symbolic-ref --short refs/remotes/origin/HEAD [2ms]
2024-10-14 16:55:07.586 [info] fatal: ref refs/remotes/origin/HEAD is not a symbolic ref
2024-10-14 16:55:34.403 [info] > git config --get commit.template [24ms]
2024-10-14 16:55:34.412 [info] > git for-each-ref --format=%(refname)%00%(upstream:short)%00%(objectname)%00%(upstream:track)%00%(upstream:remotename)%00%(upstream:remoteref) refs/heads/main refs/remotes/main [15ms]
2024-10-14 16:55:34.428 [info] > git status -z -uall [4ms]
2024-10-14 16:55:34.436 [info] > git for-each-ref --format=%(refname)%00%(upstream:short)%00%(objectname)%00%(upstream:track)%00%(upstream:remotename)%00%(upstream:remoteref) refs/heads/main refs/remotes/main [4ms]
2024-10-14 16:55:34.441 [info] > git config --local branch.main.vscode-merge-base [1ms]
2024-10-14 16:55:34.442 [warning] [Git][config] git config failed: Failed to execute git
2024-10-14 16:55:34.449 [info] > git reflog main --grep-reflog=branch: Created from *. [3ms]
2024-10-14 16:55:34.467 [info] > git symbolic-ref --short refs/remotes/origin/HEAD [2ms]
2024-10-14 16:55:34.467 [info] fatal: ref refs/remotes/origin/HEAD is not a symbolic ref
2024-10-14 16:55:39.452 [info] > git config --get commit.template [2ms]
2024-10-14 16:55:39.467 [info] > git for-each-ref --format=%(refname)%00%(upstream:short)%00%(objectname)%00%(upstream:track)%00%(upstream:remotename)%00%(upstream:remoteref) refs/heads/main refs/remotes/main [5ms]
2024-10-14 16:55:39.483 [info] > git status -z -uall [5ms]
2024-10-14 16:55:39.500 [info] > git for-each-ref --format=%(refname)%00%(upstream:short)%00%(objectname)%00%(upstream:track)%00%(upstream:remotename)%00%(upstream:remoteref) refs/heads/main refs/remotes/main [5ms]
2024-10-14 16:55:39.509 [info] > git config --local branch.main.vscode-merge-base [3ms]
2024-10-14 16:55:39.509 [warning] [Git][config] git config failed: Failed to execute git
2024-10-14 16:55:39.515 [info] > git reflog main --grep-reflog=branch: Created from *. [2ms]
2024-10-14 16:55:39.520 [info] > git symbolic-ref --short refs/remotes/origin/HEAD [2ms]
2024-10-14 16:55:39.520 [info] fatal: ref refs/remotes/origin/HEAD is not a symbolic ref
2024-10-14 16:55:44.523 [info] > git config --get commit.template [14ms]
2024-10-14 16:55:44.529 [info] > git for-each-ref --format=%(refname)%00%(upstream:short)%00%(objectname)%00%(upstream:track)%00%(upstream:remotename)%00%(upstream:remoteref) refs/heads/main refs/remotes/main [9ms]
2024-10-14 16:55:44.544 [info] > git status -z -uall [4ms]
2024-10-14 16:55:44.554 [info] > git for-each-ref --format=%(refname)%00%(upstream:short)%00%(objectname)%00%(upstream:track)%00%(upstream:remotename)%00%(upstream:remoteref) refs/heads/main refs/remotes/main [4ms]
2024-10-14 16:55:44.559 [info] > git config --local branch.main.vscode-merge-base [1ms]
2024-10-14 16:55:44.559 [warning] [Git][config] git config failed: Failed to execute git
2024-10-14 16:55:44.565 [info] > git reflog main --grep-reflog=branch: Created from *. [2ms]
2024-10-14 16:55:44.569 [info] > git symbolic-ref --short refs/remotes/origin/HEAD [1ms]
2024-10-14 16:55:44.569 [info] fatal: ref refs/remotes/origin/HEAD is not a symbolic ref
2024-10-14 16:55:49.563 [info] > git config --get commit.template [4ms]
2024-10-14 16:55:49.564 [info] > git for-each-ref --format=%(refname)%00%(upstream:short)%00%(objectname)%00%(upstream:track)%00%(upstream:remotename)%00%(upstream:remoteref) refs/heads/main refs/remotes/main [1ms]
2024-10-14 16:55:49.569 [info] > git status -z -uall [1ms]
2024-10-14 16:55:49.577 [info] > git for-each-ref --format=%(refname)%00%(upstream:short)%00%(objectname)%00%(upstream:track)%00%(upstream:remotename)%00%(upstream:remoteref) refs/heads/main refs/remotes/main [3ms]
2024-10-14 16:55:49.582 [info] > git config --local branch.main.vscode-merge-base [1ms]
2024-10-14 16:55:49.582 [warning] [Git][config] git config failed: Failed to execute git
2024-10-14 16:55:49.587 [info] > git reflog main --grep-reflog=branch: Created from *. [1ms]
2024-10-14 16:55:49.592 [info] > git symbolic-ref --short refs/remotes/origin/HEAD [1ms]
2024-10-14 16:55:49.592 [info] fatal: ref refs/remotes/origin/HEAD is not a symbolic ref
2024-10-14 16:58:25.994 [info] > git config --get commit.template [26ms]
2024-10-14 16:58:26.005 [info] > git for-each-ref --format=%(refname)%00%(upstream:short)%00%(objectname)%00%(upstream:track)%00%(upstream:remotename)%00%(upstream:remoteref) refs/heads/main refs/remotes/main [13ms]
2024-10-14 16:58:26.012 [info] > git status -z -uall [0ms]
2024-10-14 16:58:26.031 [info] > git for-each-ref --format=%(refname)%00%(upstream:short)%00%(objectname)%00%(upstream:track)%00%(upstream:remotename)%00%(upstream:remoteref) refs/heads/main refs/remotes/main [14ms]
2024-10-14 16:58:26.044 [info] > git config --local branch.main.vscode-merge-base [2ms]
2024-10-14 16:58:26.044 [warning] [Git][config] git config failed: Failed to execute git
2024-10-14 16:58:26.050 [info] > git reflog main --grep-reflog=branch: Created from *. [3ms]
2024-10-14 16:58:26.055 [info] > git symbolic-ref --short refs/remotes/origin/HEAD [2ms]
2024-10-14 16:58:26.055 [info] fatal: ref refs/remotes/origin/HEAD is not a symbolic ref
2024-10-14 16:58:31.041 [info] > git config --get commit.template [11ms]
2024-10-14 16:58:31.045 [info] > git for-each-ref --format=%(refname)%00%(upstream:short)%00%(objectname)%00%(upstream:track)%00%(upstream:remotename)%00%(upstream:remoteref) refs/heads/main refs/remotes/main [5ms]
2024-10-14 16:58:31.058 [info] > git status -z -uall [4ms]
2024-10-14 16:58:31.078 [info] > git for-each-ref --format=%(refname)%00%(upstream:short)%00%(objectname)%00%(upstream:track)%00%(upstream:remotename)%00%(upstream:remoteref) refs/heads/main refs/remotes/main [8ms]
2024-10-14 16:58:31.085 [info] > git config --local branch.main.vscode-merge-base [1ms]
2024-10-14 16:58:31.085 [warning] [Git][config] git config failed: Failed to execute git
2024-10-14 16:58:31.091 [info] > git reflog main --grep-reflog=branch: Created from *. [2ms]
2024-10-14 16:58:31.096 [info] > git symbolic-ref --short refs/remotes/origin/HEAD [1ms]
2024-10-14 16:58:31.096 [info] fatal: ref refs/remotes/origin/HEAD is not a symbolic ref
2024-10-14 16:58:36.096 [info] > git config --get commit.template [12ms]
2024-10-14 16:58:36.099 [info] > git for-each-ref --format=%(refname)%00%(upstream:short)%00%(objectname)%00%(upstream:track)%00%(upstream:remotename)%00%(upstream:remoteref) refs/heads/main refs/remotes/main [4ms]
2024-10-14 16:58:36.107 [info] > git status -z -uall [3ms]
2024-10-14 16:58:36.117 [info] > git for-each-ref --format=%(refname)%00%(upstream:short)%00%(objectname)%00%(upstream:track)%00%(upstream:remotename)%00%(upstream:remoteref) refs/heads/main refs/remotes/main [4ms]
2024-10-14 16:58:36.122 [info] > git config --local branch.main.vscode-merge-base [2ms]
2024-10-14 16:58:36.122 [warning] [Git][config] git config failed: Failed to execute git
2024-10-14 16:58:36.127 [info] > git reflog main --grep-reflog=branch: Created from *. [2ms]
2024-10-14 16:58:36.131 [info] > git symbolic-ref --short refs/remotes/origin/HEAD [1ms]
2024-10-14 16:58:36.131 [info] fatal: ref refs/remotes/origin/HEAD is not a symbolic ref
2024-10-14 16:58:41.123 [info] > git config --get commit.template [5ms]
2024-10-14 16:58:41.125 [info] > git for-each-ref --format=%(refname)%00%(upstream:short)%00%(objectname)%00%(upstream:track)%00%(upstream:remotename)%00%(upstream:remoteref) refs/heads/main refs/remotes/main [3ms]
2024-10-14 16:58:41.131 [info] > git status -z -uall [2ms]
2024-10-14 16:58:41.139 [info] > git for-each-ref --format=%(refname)%00%(upstream:short)%00%(objectname)%00%(upstream:track)%00%(upstream:remotename)%00%(upstream:remoteref) refs/heads/main refs/remotes/main [4ms]
2024-10-14 16:58:41.146 [info] > git config --local branch.main.vscode-merge-base [1ms]
2024-10-14 16:58:41.146 [warning] [Git][config] git config failed: Failed to execute git
2024-10-14 16:58:41.152 [info] > git reflog main --grep-reflog=branch: Created from *. [2ms]
2024-10-14 16:58:41.158 [info] > git symbolic-ref --short refs/remotes/origin/HEAD [2ms]
2024-10-14 16:58:41.158 [info] fatal: ref refs/remotes/origin/HEAD is not a symbolic ref
2024-10-14 16:58:49.769 [info] > git for-each-ref --format=%(refname)%00%(upstream:short)%00%(objectname)%00%(upstream:track)%00%(upstream:remotename)%00%(upstream:remoteref) refs/heads/main refs/remotes/main [2ms]
2024-10-14 16:58:49.770 [info] > git config --get commit.template [20ms]
2024-10-14 16:58:49.779 [info] > git status -z -uall [3ms]
2024-10-14 16:58:49.793 [info] > git for-each-ref --format=%(refname)%00%(upstream:short)%00%(objectname)%00%(upstream:track)%00%(upstream:remotename)%00%(upstream:remoteref) refs/heads/main refs/remotes/main [4ms]
2024-10-14 16:58:49.799 [info] > git config --local branch.main.vscode-merge-base [2ms]
2024-10-14 16:58:49.799 [warning] [Git][config] git config failed: Failed to execute git
2024-10-14 16:58:49.804 [info] > git reflog main --grep-reflog=branch: Created from *. [2ms]
2024-10-14 16:58:49.809 [info] > git symbolic-ref --short refs/remotes/origin/HEAD [2ms]
2024-10-14 16:58:49.809 [info] fatal: ref refs/remotes/origin/HEAD is not a symbolic ref
2024-10-14 16:58:56.383 [info] > git config --get commit.template [12ms]
2024-10-14 16:58:56.386 [info] > git for-each-ref --format=%(refname)%00%(upstream:short)%00%(objectname)%00%(upstream:track)%00%(upstream:remotename)%00%(upstream:remoteref) refs/heads/main refs/remotes/main [4ms]
2024-10-14 16:58:56.402 [info] > git status -z -uall [5ms]
2024-10-14 16:58:56.424 [info] > git for-each-ref --format=%(refname)%00%(upstream:short)%00%(objectname)%00%(upstream:track)%00%(upstream:remotename)%00%(upstream:remoteref) refs/heads/main refs/remotes/main [10ms]
2024-10-14 16:58:56.432 [info] > git config --local branch.main.vscode-merge-base [2ms]
2024-10-14 16:58:56.432 [warning] [Git][config] git config failed: Failed to execute git
2024-10-14 16:58:56.438 [info] > git reflog main --grep-reflog=branch: Created from *. [2ms]
2024-10-14 16:58:56.443 [info] > git symbolic-ref --short refs/remotes/origin/HEAD [1ms]
2024-10-14 16:58:56.443 [info] fatal: ref refs/remotes/origin/HEAD is not a symbolic ref
2024-10-14 16:59:01.428 [info] > git config --get commit.template [4ms]
2024-10-14 16:59:01.429 [info] > git for-each-ref --format=%(refname)%00%(upstream:short)%00%(objectname)%00%(upstream:track)%00%(upstream:remotename)%00%(upstream:remoteref) refs/heads/main refs/remotes/main [1ms]
2024-10-14 16:59:01.435 [info] > git status -z -uall [2ms]
2024-10-14 16:59:01.442 [info] > git for-each-ref --format=%(refname)%00%(upstream:short)%00%(objectname)%00%(upstream:track)%00%(upstream:remotename)%00%(upstream:remoteref) refs/heads/main refs/remotes/main [3ms]
2024-10-14 16:59:01.448 [info] > git config --local branch.main.vscode-merge-base [2ms]
2024-10-14 16:59:01.448 [warning] [Git][config] git config failed: Failed to execute git
2024-10-14 16:59:01.453 [info] > git reflog main --grep-reflog=branch: Created from *. [2ms]
2024-10-14 16:59:01.462 [info] > git symbolic-ref --short refs/remotes/origin/HEAD [3ms]
2024-10-14 16:59:01.462 [info] fatal: ref refs/remotes/origin/HEAD is not a symbolic ref
2024-10-14 16:59:06.462 [info] > git config --get commit.template [12ms]
2024-10-14 16:59:06.465 [info] > git for-each-ref --format=%(refname)%00%(upstream:short)%00%(objectname)%00%(upstream:track)%00%(upstream:remotename)%00%(upstream:remoteref) refs/heads/main refs/remotes/main [4ms]
2024-10-14 16:59:06.479 [info] > git status -z -uall [5ms]
2024-10-14 16:59:06.500 [info] > git for-each-ref --format=%(refname)%00%(upstream:short)%00%(objectname)%00%(upstream:track)%00%(upstream:remotename)%00%(upstream:remoteref) refs/heads/main refs/remotes/main [9ms]
2024-10-14 16:59:06.509 [info] > git config --local branch.main.vscode-merge-base [3ms]
2024-10-14 16:59:06.509 [warning] [Git][config] git config failed: Failed to execute git
2024-10-14 16:59:06.516 [info] > git reflog main --grep-reflog=branch: Created from *. [3ms]
2024-10-14 16:59:06.521 [info] > git symbolic-ref --short refs/remotes/origin/HEAD [2ms]
2024-10-14 16:59:06.521 [info] fatal: ref refs/remotes/origin/HEAD is not a symbolic ref
2024-10-14 16:59:22.607 [info] > git config --get commit.template [4ms]
2024-10-14 16:59:22.609 [info] > git for-each-ref --format=%(refname)%00%(upstream:short)%00%(objectname)%00%(upstream:track)%00%(upstream:remotename)%00%(upstream:remoteref) refs/heads/main refs/remotes/main [3ms]
2024-10-14 16:59:22.614 [info] > git status -z -uall [2ms]
2024-10-14 16:59:22.623 [info] > git for-each-ref --format=%(refname)%00%(upstream:short)%00%(objectname)%00%(upstream:track)%00%(upstream:remotename)%00%(upstream:remoteref) refs/heads/main refs/remotes/main [4ms]
2024-10-14 16:59:22.627 [info] > git config --local branch.main.vscode-merge-base [1ms]
2024-10-14 16:59:22.628 [warning] [Git][config] git config failed: Failed to execute git
2024-10-14 16:59:22.635 [info] > git reflog main --grep-reflog=branch: Created from *. [4ms]
2024-10-14 16:59:22.640 [info] > git symbolic-ref --short refs/remotes/origin/HEAD [2ms]
2024-10-14 16:59:22.640 [info] fatal: ref refs/remotes/origin/HEAD is not a symbolic ref
2024-10-14 16:59:27.641 [info] > git config --get commit.template [10ms]
2024-10-14 16:59:27.644 [info] > git for-each-ref --format=%(refname)%00%(upstream:short)%00%(objectname)%00%(upstream:track)%00%(upstream:remotename)%00%(upstream:remoteref) refs/heads/main refs/remotes/main [4ms]
2024-10-14 16:59:27.657 [info] > git status -z -uall [4ms]
2024-10-14 16:59:27.676 [info] > git for-each-ref --format=%(refname)%00%(upstream:short)%00%(objectname)%00%(upstream:track)%00%(upstream:remotename)%00%(upstream:remoteref) refs/heads/main refs/remotes/main [6ms]
2024-10-14 16:59:27.684 [info] > git config --local branch.main.vscode-merge-base [2ms]
2024-10-14 16:59:27.684 [warning] [Git][config] git config failed: Failed to execute git
2024-10-14 16:59:27.691 [info] > git reflog main --grep-reflog=branch: Created from *. [3ms]
2024-10-14 16:59:27.696 [info] > git symbolic-ref --short refs/remotes/origin/HEAD [2ms]
2024-10-14 16:59:27.696 [info] fatal: ref refs/remotes/origin/HEAD is not a symbolic ref
2024-10-14 16:59:32.697 [info] > git config --get commit.template [12ms]
2024-10-14 16:59:32.699 [info] > git for-each-ref --format=%(refname)%00%(upstream:short)%00%(objectname)%00%(upstream:track)%00%(upstream:remotename)%00%(upstream:remoteref) refs/heads/main refs/remotes/main [4ms]
2024-10-14 16:59:32.714 [info] > git status -z -uall [5ms]
2024-10-14 16:59:32.732 [info] > git for-each-ref --format=%(refname)%00%(upstream:short)%00%(objectname)%00%(upstream:track)%00%(upstream:remotename)%00%(upstream:remoteref) refs/heads/main refs/remotes/main [6ms]
2024-10-14 16:59:32.739 [info] > git config --local branch.main.vscode-merge-base [2ms]
2024-10-14 16:59:32.739 [warning] [Git][config] git config failed: Failed to execute git
2024-10-14 16:59:32.745 [info] > git reflog main --grep-reflog=branch: Created from *. [2ms]
2024-10-14 16:59:32.749 [info] > git symbolic-ref --short refs/remotes/origin/HEAD [1ms]
2024-10-14 16:59:32.749 [info] fatal: ref refs/remotes/origin/HEAD is not a symbolic ref
2024-10-14 16:59:38.037 [info] > git config --get commit.template [8ms]
2024-10-14 16:59:38.041 [info] > git for-each-ref --format=%(refname)%00%(upstream:short)%00%(objectname)%00%(upstream:track)%00%(upstream:remotename)%00%(upstream:remoteref) refs/heads/main refs/remotes/main [5ms]
2024-10-14 16:59:38.048 [info] > git status -z -uall [3ms]
2024-10-14 16:59:38.056 [info] > git check-ignore -v -z --stdin [16ms]
2024-10-14 16:59:38.059 [info] > git for-each-ref --format=%(refname)%00%(upstream:short)%00%(objectname)%00%(upstream:track)%00%(upstream:remotename)%00%(upstream:remoteref) refs/heads/main refs/remotes/main [3ms]
2024-10-14 16:59:38.064 [info] > git config --local branch.main.vscode-merge-base [2ms]
2024-10-14 16:59:38.064 [warning] [Git][config] git config failed: Failed to execute git
2024-10-14 16:59:38.071 [info] > git reflog main --grep-reflog=branch: Created from *. [2ms]
2024-10-14 16:59:38.076 [info] > git symbolic-ref --short refs/remotes/origin/HEAD [2ms]
2024-10-14 16:59:38.076 [info] fatal: ref refs/remotes/origin/HEAD is not a symbolic ref
2024-10-14 16:59:49.265 [info] > git config --get commit.template [10ms]
2024-10-14 16:59:49.269 [info] > git for-each-ref --format=%(refname)%00%(upstream:short)%00%(objectname)%00%(upstream:track)%00%(upstream:remotename)%00%(upstream:remoteref) refs/heads/main refs/remotes/main [5ms]
2024-10-14 16:59:49.282 [info] > git status -z -uall [5ms]
2024-10-14 16:59:49.299 [info] > git for-each-ref --format=%(refname)%00%(upstream:short)%00%(objectname)%00%(upstream:track)%00%(upstream:remotename)%00%(upstream:remoteref) refs/heads/main refs/remotes/main [8ms]
2024-10-14 16:59:49.308 [info] > git config --local branch.main.vscode-merge-base [3ms]
2024-10-14 16:59:49.308 [warning] [Git][config] git config failed: Failed to execute git
2024-10-14 16:59:49.315 [info] > git reflog main --grep-reflog=branch: Created from *. [3ms]
2024-10-14 16:59:49.320 [info] > git symbolic-ref --short refs/remotes/origin/HEAD [1ms]
2024-10-14 16:59:49.320 [info] fatal: ref refs/remotes/origin/HEAD is not a symbolic ref
2024-10-14 16:59:58.831 [info] > git config --get commit.template [12ms]
2024-10-14 16:59:58.834 [info] > git for-each-ref --format=%(refname)%00%(upstream:short)%00%(objectname)%00%(upstream:track)%00%(upstream:remotename)%00%(upstream:remoteref) refs/heads/main refs/remotes/main [4ms]
2024-10-14 16:59:58.849 [info] > git status -z -uall [5ms]
2024-10-14 16:59:58.867 [info] > git for-each-ref --format=%(refname)%00%(upstream:short)%00%(objectname)%00%(upstream:track)%00%(upstream:remotename)%00%(upstream:remoteref) refs/heads/main refs/remotes/main [7ms]
2024-10-14 16:59:58.877 [info] > git config --local branch.main.vscode-merge-base [2ms]
2024-10-14 16:59:58.877 [warning] [Git][config] git config failed: Failed to execute git
2024-10-14 16:59:58.883 [info] > git reflog main --grep-reflog=branch: Created from *. [2ms]
2024-10-14 16:59:58.888 [info] > git symbolic-ref --short refs/remotes/origin/HEAD [1ms]
2024-10-14 16:59:58.888 [info] fatal: ref refs/remotes/origin/HEAD is not a symbolic ref
2024-10-14 17:00:03.886 [info] > git config --get commit.template [11ms]
2024-10-14 17:00:03.889 [info] > git for-each-ref --format=%(refname)%00%(upstream:short)%00%(objectname)%00%(upstream:track)%00%(upstream:remotename)%00%(upstream:remoteref) refs/heads/main refs/remotes/main [4ms]
2024-10-14 17:00:03.904 [info] > git status -z -uall [5ms]
2024-10-14 17:00:03.930 [info] > git for-each-ref --format=%(refname)%00%(upstream:short)%00%(objectname)%00%(upstream:track)%00%(upstream:remotename)%00%(upstream:remoteref) refs/heads/main refs/remotes/main [11ms]
2024-10-14 17:00:03.938 [info] > git config --local branch.main.vscode-merge-base [2ms]
2024-10-14 17:00:03.938 [warning] [Git][config] git config failed: Failed to execute git
2024-10-14 17:00:03.944 [info] > git reflog main --grep-reflog=branch: Created from *. [2ms]
2024-10-14 17:00:03.949 [info] > git symbolic-ref --short refs/remotes/origin/HEAD [1ms]
2024-10-14 17:00:03.949 [info] fatal: ref refs/remotes/origin/HEAD is not a symbolic ref
2024-10-14 17:00:11.088 [info] > git config --get commit.template [11ms]
2024-10-14 17:00:11.091 [info] > git for-each-ref --format=%(refname)%00%(upstream:short)%00%(objectname)%00%(upstream:track)%00%(upstream:remotename)%00%(upstream:remoteref) refs/heads/main refs/remotes/main [4ms]
2024-10-14 17:00:11.107 [info] > git status -z -uall [5ms]
2024-10-14 17:00:11.118 [info] > git for-each-ref --format=%(refname)%00%(upstream:short)%00%(objectname)%00%(upstream:track)%00%(upstream:remotename)%00%(upstream:remoteref) refs/heads/main refs/remotes/main [4ms]
2024-10-14 17:00:11.123 [info] > git config --local branch.main.vscode-merge-base [2ms]
2024-10-14 17:00:11.123 [warning] [Git][config] git config failed: Failed to execute git
2024-10-14 17:00:11.128 [info] > git reflog main --grep-reflog=branch: Created from *. [2ms]
2024-10-14 17:00:11.132 [info] > git symbolic-ref --short refs/remotes/origin/HEAD [1ms]
2024-10-14 17:00:11.132 [info] fatal: ref refs/remotes/origin/HEAD is not a symbolic ref
2024-10-14 17:00:16.138 [info] > git config --get commit.template [5ms]
2024-10-14 17:00:16.140 [info] > git for-each-ref --format=%(refname)%00%(upstream:short)%00%(objectname)%00%(upstream:track)%00%(upstream:remotename)%00%(upstream:remoteref) refs/heads/main refs/remotes/main [1ms]
2024-10-14 17:00:16.167 [info] > git status -z -uall [22ms]
2024-10-14 17:00:16.184 [info] > git for-each-ref --format=%(refname)%00%(upstream:short)%00%(objectname)%00%(upstream:track)%00%(upstream:remotename)%00%(upstream:remoteref) refs/heads/main refs/remotes/main [3ms]
2024-10-14 17:00:16.190 [info] > git config --local branch.main.vscode-merge-base [3ms]
2024-10-14 17:00:16.190 [warning] [Git][config] git config failed: Failed to execute git
2024-10-14 17:00:16.223 [info] > git reflog main --grep-reflog=branch: Created from *. [5ms]
2024-10-14 17:00:16.244 [info] > git symbolic-ref --short refs/remotes/origin/HEAD [8ms]
2024-10-14 17:00:16.244 [info] fatal: ref refs/remotes/origin/HEAD is not a symbolic ref
2024-10-14 17:00:21.199 [info] > git config --get commit.template [4ms]
2024-10-14 17:00:21.201 [info] > git for-each-ref --format=%(refname)%00%(upstream:short)%00%(objectname)%00%(upstream:track)%00%(upstream:remotename)%00%(upstream:remoteref) refs/heads/main refs/remotes/main [2ms]
2024-10-14 17:00:21.206 [info] > git status -z -uall [2ms]
2024-10-14 17:00:21.215 [info] > git for-each-ref --format=%(refname)%00%(upstream:short)%00%(objectname)%00%(upstream:track)%00%(upstream:remotename)%00%(upstream:remoteref) refs/heads/main refs/remotes/main [4ms]
2024-10-14 17:00:21.220 [info] > git config --local branch.main.vscode-merge-base [1ms]
2024-10-14 17:00:21.220 [warning] [Git][config] git config failed: Failed to execute git
2024-10-14 17:00:21.225 [info] > git reflog main --grep-reflog=branch: Created from *. [1ms]
2024-10-14 17:00:21.230 [info] > git symbolic-ref --short refs/remotes/origin/HEAD [1ms]
2024-10-14 17:00:21.230 [info] fatal: ref refs/remotes/origin/HEAD is not a symbolic ref
2024-10-14 17:00:26.221 [info] > git config --get commit.template [4ms]
2024-10-14 17:00:26.223 [info] > git for-each-ref --format=%(refname)%00%(upstream:short)%00%(objectname)%00%(upstream:track)%00%(upstream:remotename)%00%(upstream:remoteref) refs/heads/main refs/remotes/main [3ms]
2024-10-14 17:00:26.228 [info] > git status -z -uall [2ms]
2024-10-14 17:00:26.237 [info] > git for-each-ref --format=%(refname)%00%(upstream:short)%00%(objectname)%00%(upstream:track)%00%(upstream:remotename)%00%(upstream:remoteref) refs/heads/main refs/remotes/main [3ms]
2024-10-14 17:00:26.242 [info] > git config --local branch.main.vscode-merge-base [1ms]
2024-10-14 17:00:26.242 [warning] [Git][config] git config failed: Failed to execute git
2024-10-14 17:00:26.247 [info] > git reflog main --grep-reflog=branch: Created from *. [1ms]
2024-10-14 17:00:26.251 [info] > git symbolic-ref --short refs/remotes/origin/HEAD [1ms]
2024-10-14 17:00:26.251 [info] fatal: ref refs/remotes/origin/HEAD is not a symbolic ref
2024-10-14 17:00:34.736 [info] > git config --get commit.template [13ms]
2024-10-14 17:00:34.741 [info] > git for-each-ref --format=%(refname)%00%(upstream:short)%00%(objectname)%00%(upstream:track)%00%(upstream:remotename)%00%(upstream:remoteref) refs/heads/main refs/remotes/main [5ms]
2024-10-14 17:00:34.756 [info] > git status -z -uall [4ms]
2024-10-14 17:00:34.773 [info] > git for-each-ref --format=%(refname)%00%(upstream:short)%00%(objectname)%00%(upstream:track)%00%(upstream:remotename)%00%(upstream:remoteref) refs/heads/main refs/remotes/main [6ms]
2024-10-14 17:00:34.781 [info] > git config --local branch.main.vscode-merge-base [2ms]
2024-10-14 17:00:34.781 [warning] [Git][config] git config failed: Failed to execute git
2024-10-14 17:00:34.786 [info] > git reflog main --grep-reflog=branch: Created from *. [1ms]
2024-10-14 17:00:34.791 [info] > git symbolic-ref --short refs/remotes/origin/HEAD [1ms]
2024-10-14 17:00:34.791 [info] fatal: ref refs/remotes/origin/HEAD is not a symbolic ref
2024-10-14 17:00:39.783 [info] > git config --get commit.template [2ms]
2024-10-14 17:00:39.793 [info] > git for-each-ref --format=%(refname)%00%(upstream:short)%00%(objectname)%00%(upstream:track)%00%(upstream:remotename)%00%(upstream:remoteref) refs/heads/main refs/remotes/main [2ms]
2024-10-14 17:00:39.803 [info] > git status -z -uall [3ms]
2024-10-14 17:00:39.819 [info] > git for-each-ref --format=%(refname)%00%(upstream:short)%00%(objectname)%00%(upstream:track)%00%(upstream:remotename)%00%(upstream:remoteref) refs/heads/main refs/remotes/main [7ms]
2024-10-14 17:00:39.826 [info] > git config --local branch.main.vscode-merge-base [2ms]
2024-10-14 17:00:39.826 [warning] [Git][config] git config failed: Failed to execute git
2024-10-14 17:00:39.832 [info] > git reflog main --grep-reflog=branch: Created from *. [2ms]
2024-10-14 17:00:39.836 [info] > git symbolic-ref --short refs/remotes/origin/HEAD [1ms]
2024-10-14 17:00:39.836 [info] fatal: ref refs/remotes/origin/HEAD is not a symbolic ref
2024-10-14 17:00:44.824 [info] > git config --get commit.template [5ms]
2024-10-14 17:00:44.830 [info] > git for-each-ref --format=%(refname)%00%(upstream:short)%00%(objectname)%00%(upstream:track)%00%(upstream:remotename)%00%(upstream:remoteref) refs/heads/main refs/remotes/main [6ms]
2024-10-14 17:00:44.847 [info] > git status -z -uall [2ms]
2024-10-14 17:00:44.855 [info] > git for-each-ref --format=%(refname)%00%(upstream:short)%00%(objectname)%00%(upstream:track)%00%(upstream:remotename)%00%(upstream:remoteref) refs/heads/main refs/remotes/main [3ms]
2024-10-14 17:00:44.863 [info] > git config --local branch.main.vscode-merge-base [1ms]
2024-10-14 17:00:44.863 [warning] [Git][config] git config failed: Failed to execute git
2024-10-14 17:00:44.868 [info] > git reflog main --grep-reflog=branch: Created from *. [2ms]
2024-10-14 17:00:44.872 [info] > git symbolic-ref --short refs/remotes/origin/HEAD [1ms]
2024-10-14 17:00:44.872 [info] fatal: ref refs/remotes/origin/HEAD is not a symbolic ref
2024-10-14 17:00:50.811 [info] > git config --get commit.template [12ms]
2024-10-14 17:00:50.815 [info] > git for-each-ref --format=%(refname)%00%(upstream:short)%00%(objectname)%00%(upstream:track)%00%(upstream:remotename)%00%(upstream:remoteref) refs/heads/main refs/remotes/main [4ms]
2024-10-14 17:00:50.830 [info] > git status -z -uall [5ms]
2024-10-14 17:00:50.848 [info] > git for-each-ref --format=%(refname)%00%(upstream:short)%00%(objectname)%00%(upstream:track)%00%(upstream:remotename)%00%(upstream:remoteref) refs/heads/main refs/remotes/main [7ms]
2024-10-14 17:00:50.856 [info] > git config --local branch.main.vscode-merge-base [3ms]
2024-10-14 17:00:50.856 [warning] [Git][config] git config failed: Failed to execute git
2024-10-14 17:00:50.862 [info] > git reflog main --grep-reflog=branch: Created from *. [2ms]
2024-10-14 17:00:50.867 [info] > git symbolic-ref --short refs/remotes/origin/HEAD [1ms]
2024-10-14 17:00:50.867 [info] fatal: ref refs/remotes/origin/HEAD is not a symbolic ref
2024-10-14 17:00:58.400 [info] > git config --get commit.template [4ms]
2024-10-14 17:00:58.401 [info] > git for-each-ref --format=%(refname)%00%(upstream:short)%00%(objectname)%00%(upstream:track)%00%(upstream:remotename)%00%(upstream:remoteref) refs/heads/main refs/remotes/main [1ms]
2024-10-14 17:00:58.406 [info] > git status -z -uall [2ms]
2024-10-14 17:00:58.414 [info] > git for-each-ref --format=%(refname)%00%(upstream:short)%00%(objectname)%00%(upstream:track)%00%(upstream:remotename)%00%(upstream:remoteref) refs/heads/main refs/remotes/main [3ms]
2024-10-14 17:00:58.419 [info] > git config --local branch.main.vscode-merge-base [1ms]
2024-10-14 17:00:58.419 [warning] [Git][config] git config failed: Failed to execute git
2024-10-14 17:00:58.424 [info] > git reflog main --grep-reflog=branch: Created from *. [1ms]
2024-10-14 17:00:58.428 [info] > git symbolic-ref --short refs/remotes/origin/HEAD [1ms]
2024-10-14 17:00:58.428 [info] fatal: ref refs/remotes/origin/HEAD is not a symbolic ref
2024-10-14 17:01:03.430 [info] > git config --get commit.template [4ms]
2024-10-14 17:01:03.431 [info] > git for-each-ref --format=%(refname)%00%(upstream:short)%00%(objectname)%00%(upstream:track)%00%(upstream:remotename)%00%(upstream:remoteref) refs/heads/main refs/remotes/main [2ms]
2024-10-14 17:01:03.436 [info] > git status -z -uall [2ms]
2024-10-14 17:01:03.442 [info] > git for-each-ref --format=%(refname)%00%(upstream:short)%00%(objectname)%00%(upstream:track)%00%(upstream:remotename)%00%(upstream:remoteref) refs/heads/main refs/remotes/main [3ms]
2024-10-14 17:01:03.447 [info] > git config --local branch.main.vscode-merge-base [2ms]
2024-10-14 17:01:03.447 [warning] [Git][config] git config failed: Failed to execute git
2024-10-14 17:01:03.454 [info] > git reflog main --grep-reflog=branch: Created from *. [4ms]
2024-10-14 17:01:03.459 [info] > git symbolic-ref --short refs/remotes/origin/HEAD [2ms]
2024-10-14 17:01:03.459 [info] fatal: ref refs/remotes/origin/HEAD is not a symbolic ref
2024-10-14 17:01:06.360 [info] > git config --get commit.template [5ms]
2024-10-14 17:01:06.367 [info] > git for-each-ref --format=%(refname)%00%(upstream:short)%00%(objectname)%00%(upstream:track)%00%(upstream:remotename)%00%(upstream:remoteref) refs/heads/main refs/remotes/main [7ms]
2024-10-14 17:01:06.374 [info] > git status -z -uall [3ms]
2024-10-14 17:01:06.383 [info] > git for-each-ref --format=%(refname)%00%(upstream:short)%00%(objectname)%00%(upstream:track)%00%(upstream:remotename)%00%(upstream:remoteref) refs/heads/main refs/remotes/main [3ms]
2024-10-14 17:01:06.391 [info] > git config --local branch.main.vscode-merge-base [1ms]
2024-10-14 17:01:06.391 [warning] [Git][config] git config failed: Failed to execute git
2024-10-14 17:01:06.396 [info] > git reflog main --grep-reflog=branch: Created from *. [2ms]
2024-10-14 17:01:06.401 [info] > git symbolic-ref --short refs/remotes/origin/HEAD [2ms]
2024-10-14 17:01:06.401 [info] fatal: ref refs/remotes/origin/HEAD is not a symbolic ref
2024-10-14 17:01:07.478 [info] > git ls-files --stage -- /home/pro/Escritorio/libro/ejercicio-git-libro/README.md [2ms]
2024-10-14 17:01:07.494 [info] > git cat-file -s c0a1ae31bbbe62cfa1bf213102750eb7e83433ea [4ms]
2024-10-14 17:01:07.519 [info] > git show --textconv :README.md [2ms]
2024-10-14 17:01:34.753 [info] > git config --get commit.template [4ms]
2024-10-14 17:01:34.755 [info] > git for-each-ref --format=%(refname)%00%(upstream:short)%00%(objectname)%00%(upstream:track)%00%(upstream:remotename)%00%(upstream:remoteref) refs/heads/main refs/remotes/main [2ms]
2024-10-14 17:01:34.762 [info] > git status -z -uall [2ms]
2024-10-14 17:01:34.773 [info] > git for-each-ref --format=%(refname)%00%(upstream:short)%00%(objectname)%00%(upstream:track)%00%(upstream:remotename)%00%(upstream:remoteref) refs/heads/main refs/remotes/main [2ms]
2024-10-14 17:01:34.779 [info] > git config --local branch.main.vscode-merge-base [2ms]
2024-10-14 17:01:34.779 [warning] [Git][config] git config failed: Failed to execute git
2024-10-14 17:01:34.790 [info] > git reflog main --grep-reflog=branch: Created from *. [3ms]
2024-10-14 17:01:34.805 [info] > git symbolic-ref --short refs/remotes/origin/HEAD [2ms]
2024-10-14 17:01:34.806 [info] fatal: ref refs/remotes/origin/HEAD is not a symbolic ref
2024-10-14 17:01:39.799 [info] > git config --get commit.template [14ms]
2024-10-14 17:01:39.802 [info] > git for-each-ref --format=%(refname)%00%(upstream:short)%00%(objectname)%00%(upstream:track)%00%(upstream:remotename)%00%(upstream:remoteref) refs/heads/main refs/remotes/main [4ms]
2024-10-14 17:01:39.821 [info] > git status -z -uall [7ms]
2024-10-14 17:01:39.846 [info] > git for-each-ref --format=%(refname)%00%(upstream:short)%00%(objectname)%00%(upstream:track)%00%(upstream:remotename)%00%(upstream:remoteref) refs/heads/main refs/remotes/main [11ms]
2024-10-14 17:01:39.853 [info] > git config --local branch.main.vscode-merge-base [1ms]
2024-10-14 17:01:39.853 [warning] [Git][config] git config failed: Failed to execute git
2024-10-14 17:01:39.859 [info] > git reflog main --grep-reflog=branch: Created from *. [1ms]
2024-10-14 17:01:39.864 [info] > git symbolic-ref --short refs/remotes/origin/HEAD [1ms]
2024-10-14 17:01:39.864 [info] fatal: ref refs/remotes/origin/HEAD is not a symbolic ref
2024-10-14 17:01:44.844 [info] > git config --get commit.template [1ms]
2024-10-14 17:01:44.862 [info] > git for-each-ref --format=%(refname)%00%(upstream:short)%00%(objectname)%00%(upstream:track)%00%(upstream:remotename)%00%(upstream:remoteref) refs/heads/main refs/remotes/main [5ms]
2024-10-14 17:01:44.869 [info] > git status -z -uall [2ms]
2024-10-14 17:01:44.878 [info] > git for-each-ref --format=%(refname)%00%(upstream:short)%00%(objectname)%00%(upstream:track)%00%(upstream:remotename)%00%(upstream:remoteref) refs/heads/main refs/remotes/main [5ms]
2024-10-14 17:01:44.885 [info] > git config --local branch.main.vscode-merge-base [2ms]
2024-10-14 17:01:44.885 [warning] [Git][config] git config failed: Failed to execute git
2024-10-14 17:01:44.892 [info] > git reflog main --grep-reflog=branch: Created from *. [3ms]
2024-10-14 17:01:44.898 [info] > git symbolic-ref --short refs/remotes/origin/HEAD [2ms]
2024-10-14 17:01:44.898 [info] fatal: ref refs/remotes/origin/HEAD is not a symbolic ref
2024-10-14 17:01:49.898 [info] > git config --get commit.template [12ms]
2024-10-14 17:01:49.902 [info] > git for-each-ref --format=%(refname)%00%(upstream:short)%00%(objectname)%00%(upstream:track)%00%(upstream:remotename)%00%(upstream:remoteref) refs/heads/main refs/remotes/main [5ms]
2024-10-14 17:01:49.911 [info] > git status -z -uall [3ms]
2024-10-14 17:01:49.920 [info] > git for-each-ref --format=%(refname)%00%(upstream:short)%00%(objectname)%00%(upstream:track)%00%(upstream:remotename)%00%(upstream:remoteref) refs/heads/main refs/remotes/main [4ms]
2024-10-14 17:01:49.925 [info] > git config --local branch.main.vscode-merge-base [1ms]
2024-10-14 17:01:49.925 [warning] [Git][config] git config failed: Failed to execute git
2024-10-14 17:01:49.930 [info] > git reflog main --grep-reflog=branch: Created from *. [2ms]
2024-10-14 17:01:49.934 [info] > git symbolic-ref --short refs/remotes/origin/HEAD [1ms]
2024-10-14 17:01:49.934 [info] fatal: ref refs/remotes/origin/HEAD is not a symbolic ref
2024-10-14 17:01:55.855 [info] > git config --get commit.template [6ms]
2024-10-14 17:01:55.856 [info] > git for-each-ref --format=%(refname)%00%(upstream:short)%00%(objectname)%00%(upstream:track)%00%(upstream:remotename)%00%(upstream:remoteref) refs/heads/main refs/remotes/main [1ms]
2024-10-14 17:01:55.864 [info] > git status -z -uall [1ms]
2024-10-14 17:01:55.882 [info] > git for-each-ref --format=%(refname)%00%(upstream:short)%00%(objectname)%00%(upstream:track)%00%(upstream:remotename)%00%(upstream:remoteref) refs/heads/main refs/remotes/main [11ms]
2024-10-14 17:01:55.888 [info] > git config --local branch.main.vscode-merge-base [1ms]
2024-10-14 17:01:55.888 [warning] [Git][config] git config failed: Failed to execute git
2024-10-14 17:01:55.894 [info] > git reflog main --grep-reflog=branch: Created from *. [2ms]
2024-10-14 17:01:55.909 [info] > git symbolic-ref --short refs/remotes/origin/HEAD [10ms]
2024-10-14 17:01:55.909 [info] fatal: ref refs/remotes/origin/HEAD is not a symbolic ref
2024-10-14 17:01:55.921 [info] > git merge-base refs/heads/main refs/remotes/origin/main [2ms]
2024-10-14 17:01:55.934 [info] > git rev-list --count --left-right refs/heads/main...refs/remotes/origin/main [5ms]
2024-10-14 17:01:55.942 [info] > git diff --name-status -z --diff-filter=ADMR e34e1c025d562ee96b317edca957d5fed0154352...refs/remotes/origin/main [3ms]
2024-10-14 17:01:56.982 [info] > git ls-files --stage -- /home/pro/Escritorio/libro/ejercicio-git-libro/README.md [6ms]
2024-10-14 17:01:56.999 [info] > git cat-file -s c0a1ae31bbbe62cfa1bf213102750eb7e83433ea [7ms]
2024-10-14 17:01:57.012 [info] > git show --textconv :README.md [4ms]
2024-10-14 17:02:04.256 [info] > git config --get commit.template [4ms]
2024-10-14 17:02:04.257 [info] > git for-each-ref --format=%(refname)%00%(upstream:short)%00%(objectname)%00%(upstream:track)%00%(upstream:remotename)%00%(upstream:remoteref) refs/heads/main refs/remotes/main [2ms]
2024-10-14 17:02:04.262 [info] > git status -z -uall [2ms]
2024-10-14 17:02:04.268 [info] > git for-each-ref --format=%(refname)%00%(upstream:short)%00%(objectname)%00%(upstream:track)%00%(upstream:remotename)%00%(upstream:remoteref) refs/heads/main refs/remotes/main [3ms]
2024-10-14 17:02:04.274 [info] > git config --local branch.main.vscode-merge-base [2ms]
2024-10-14 17:02:04.274 [warning] [Git][config] git config failed: Failed to execute git
2024-10-14 17:02:04.280 [info] > git reflog main --grep-reflog=branch: Created from *. [3ms]
2024-10-14 17:02:04.284 [info] > git symbolic-ref --short refs/remotes/origin/HEAD [1ms]
2024-10-14 17:02:04.284 [info] fatal: ref refs/remotes/origin/HEAD is not a symbolic ref
2024-10-14 17:02:09.282 [info] > git config --get commit.template [4ms]
2024-10-14 17:02:09.297 [info] > git for-each-ref --format=%(refname)%00%(upstream:short)%00%(objectname)%00%(upstream:track)%00%(upstream:remotename)%00%(upstream:remoteref) refs/heads/main refs/remotes/main [5ms]
2024-10-14 17:02:09.308 [info] > git status -z -uall [3ms]
2024-10-14 17:02:09.321 [info] > git for-each-ref --format=%(refname)%00%(upstream:short)%00%(objectname)%00%(upstream:track)%00%(upstream:remotename)%00%(upstream:remoteref) refs/heads/main refs/remotes/main [5ms]
2024-10-14 17:02:09.329 [info] > git config --local branch.main.vscode-merge-base [3ms]
2024-10-14 17:02:09.329 [warning] [Git][config] git config failed: Failed to execute git
2024-10-14 17:02:09.335 [info] > git reflog main --grep-reflog=branch: Created from *. [2ms]
2024-10-14 17:02:09.344 [info] > git symbolic-ref --short refs/remotes/origin/HEAD [2ms]
2024-10-14 17:02:09.344 [info] fatal: ref refs/remotes/origin/HEAD is not a symbolic ref
2024-10-14 17:02:17.056 [info] > git config --get commit.template [31ms]
2024-10-14 17:02:17.060 [info] > git for-each-ref --format=%(refname)%00%(upstream:short)%00%(objectname)%00%(upstream:track)%00%(upstream:remotename)%00%(upstream:remoteref) refs/heads/main refs/remotes/main [18ms]
2024-10-14 17:02:17.067 [info] > git status -z -uall [2ms]
2024-10-14 17:02:17.079 [info] > git for-each-ref --format=%(refname)%00%(upstream:short)%00%(objectname)%00%(upstream:track)%00%(upstream:remotename)%00%(upstream:remoteref) refs/heads/main refs/remotes/main [7ms]
2024-10-14 17:02:17.084 [info] > git config --local branch.main.vscode-merge-base [1ms]
2024-10-14 17:02:17.085 [warning] [Git][config] git config failed: Failed to execute git
2024-10-14 17:02:17.091 [info] > git reflog main --grep-reflog=branch: Created from *. [2ms]
2024-10-14 17:02:17.099 [info] > git symbolic-ref --short refs/remotes/origin/HEAD [3ms]
2024-10-14 17:02:17.099 [info] fatal: ref refs/remotes/origin/HEAD is not a symbolic ref
2024-10-14 17:02:22.084 [info] > git config --get commit.template [5ms]
2024-10-14 17:02:22.085 [info] > git for-each-ref --format=%(refname)%00%(upstream:short)%00%(objectname)%00%(upstream:track)%00%(upstream:remotename)%00%(upstream:remoteref) refs/heads/main refs/remotes/main [2ms]
2024-10-14 17:02:22.091 [info] > git status -z -uall [2ms]
2024-10-14 17:02:22.101 [info] > git for-each-ref --format=%(refname)%00%(upstream:short)%00%(objectname)%00%(upstream:track)%00%(upstream:remotename)%00%(upstream:remoteref) refs/heads/main refs/remotes/main [5ms]
2024-10-14 17:02:22.107 [info] > git config --local branch.main.vscode-merge-base [2ms]
2024-10-14 17:02:22.107 [warning] [Git][config] git config failed: Failed to execute git
2024-10-14 17:02:22.113 [info] > git reflog main --grep-reflog=branch: Created from *. [3ms]
2024-10-14 17:02:22.119 [info] > git symbolic-ref --short refs/remotes/origin/HEAD [2ms]
2024-10-14 17:02:22.119 [info] fatal: ref refs/remotes/origin/HEAD is not a symbolic ref
2024-10-14 17:02:27.122 [info] > git config --get commit.template [2ms]
2024-10-14 17:02:27.143 [info] > git for-each-ref --format=%(refname)%00%(upstream:short)%00%(objectname)%00%(upstream:track)%00%(upstream:remotename)%00%(upstream:remoteref) refs/heads/main refs/remotes/main [6ms]
2024-10-14 17:02:27.155 [info] > git status -z -uall [3ms]
2024-10-14 17:02:27.165 [info] > git for-each-ref --format=%(refname)%00%(upstream:short)%00%(objectname)%00%(upstream:track)%00%(upstream:remotename)%00%(upstream:remoteref) refs/heads/main refs/remotes/main [4ms]
2024-10-14 17:02:27.172 [info] > git config --local branch.main.vscode-merge-base [2ms]
2024-10-14 17:02:27.172 [warning] [Git][config] git config failed: Failed to execute git
2024-10-14 17:02:27.179 [info] > git reflog main --grep-reflog=branch: Created from *. [4ms]
2024-10-14 17:02:27.184 [info] > git symbolic-ref --short refs/remotes/origin/HEAD [2ms]
2024-10-14 17:02:27.184 [info] fatal: ref refs/remotes/origin/HEAD is not a symbolic ref
2024-10-14 17:02:42.678 [info] > git config --get commit.template [12ms]
2024-10-14 17:02:42.682 [info] > git for-each-ref --format=%(refname)%00%(upstream:short)%00%(objectname)%00%(upstream:track)%00%(upstream:remotename)%00%(upstream:remoteref) refs/heads/main refs/remotes/main [5ms]
2024-10-14 17:02:42.699 [info] > git status -z -uall [5ms]
2024-10-14 17:02:42.717 [info] > git for-each-ref --format=%(refname)%00%(upstream:short)%00%(objectname)%00%(upstream:track)%00%(upstream:remotename)%00%(upstream:remoteref) refs/heads/main refs/remotes/main [7ms]
2024-10-14 17:02:42.724 [info] > git config --local branch.main.vscode-merge-base [2ms]
2024-10-14 17:02:42.724 [warning] [Git][config] git config failed: Failed to execute git
2024-10-14 17:02:42.730 [info] > git reflog main --grep-reflog=branch: Created from *. [2ms]
2024-10-14 17:02:42.735 [info] > git symbolic-ref --short refs/remotes/origin/HEAD [1ms]
2024-10-14 17:02:42.735 [info] fatal: ref refs/remotes/origin/HEAD is not a symbolic ref
2024-10-14 17:02:50.302 [info] > git config --get commit.template [6ms]
2024-10-14 17:02:50.305 [info] > git for-each-ref --format=%(refname)%00%(upstream:short)%00%(objectname)%00%(upstream:track)%00%(upstream:remotename)%00%(upstream:remoteref) refs/heads/main refs/remotes/main [4ms]
2024-10-14 17:02:50.316 [info] > git status -z -uall [3ms]
2024-10-14 17:02:50.325 [info] > git for-each-ref --format=%(refname)%00%(upstream:short)%00%(objectname)%00%(upstream:track)%00%(upstream:remotename)%00%(upstream:remoteref) refs/heads/main refs/remotes/main [5ms]
2024-10-14 17:02:50.335 [info] > git config --local branch.main.vscode-merge-base [2ms]
2024-10-14 17:02:50.335 [warning] [Git][config] git config failed: Failed to execute git
2024-10-14 17:02:50.341 [info] > git reflog main --grep-reflog=branch: Created from *. [2ms]
2024-10-14 17:02:50.348 [info] > git symbolic-ref --short refs/remotes/origin/HEAD [2ms]
2024-10-14 17:02:50.348 [info] fatal: ref refs/remotes/origin/HEAD is not a symbolic ref
2024-10-14 17:02:56.155 [info] > git config --get commit.template [12ms]
2024-10-14 17:02:56.157 [info] > git for-each-ref --format=%(refname)%00%(upstream:short)%00%(objectname)%00%(upstream:track)%00%(upstream:remotename)%00%(upstream:remoteref) refs/heads/main refs/remotes/main [3ms]
2024-10-14 17:02:56.165 [info] > git status -z -uall [1ms]
2024-10-14 17:02:56.173 [info] > git for-each-ref --format=%(refname)%00%(upstream:short)%00%(objectname)%00%(upstream:track)%00%(upstream:remotename)%00%(upstream:remoteref) refs/heads/main refs/remotes/main [4ms]
2024-10-14 17:02:56.186 [info] > git config --local branch.main.vscode-merge-base [7ms]
2024-10-14 17:02:56.186 [warning] [Git][config] git config failed: Failed to execute git
2024-10-14 17:02:56.193 [info] > git reflog main --grep-reflog=branch: Created from *. [2ms]
2024-10-14 17:02:56.197 [info] > git symbolic-ref --short refs/remotes/origin/HEAD [1ms]
2024-10-14 17:02:56.198 [info] fatal: ref refs/remotes/origin/HEAD is not a symbolic ref
2024-10-14 17:02:57.262 [info] > git ls-files --stage -- /home/pro/Escritorio/libro/ejercicio-git-libro/README.md [3ms]
2024-10-14 17:02:57.275 [info] > git cat-file -s 0919da3911dc25708ea22859ad43a11769340354 [4ms]
2024-10-14 17:02:57.293 [info] > git show --textconv :README.md [5ms]
2024-10-14 17:03:07.209 [info] > git config --get commit.template [9ms]
2024-10-14 17:03:07.212 [info] > git for-each-ref --format=%(refname)%00%(upstream:short)%00%(objectname)%00%(upstream:track)%00%(upstream:remotename)%00%(upstream:remoteref) refs/heads/main refs/remotes/main [3ms]
2024-10-14 17:03:07.217 [info] > git status -z -uall [1ms]
2024-10-14 17:03:07.228 [info] > git for-each-ref --format=%(refname)%00%(upstream:short)%00%(objectname)%00%(upstream:track)%00%(upstream:remotename)%00%(upstream:remoteref) refs/heads/main refs/remotes/main [6ms]
2024-10-14 17:03:07.233 [info] > git config --local branch.main.vscode-merge-base [2ms]
2024-10-14 17:03:07.233 [warning] [Git][config] git config failed: Failed to execute git
2024-10-14 17:03:07.240 [info] > git reflog main --grep-reflog=branch: Created from *. [3ms]
2024-10-14 17:03:07.246 [info] > git symbolic-ref --short refs/remotes/origin/HEAD [2ms]
2024-10-14 17:03:07.246 [info] fatal: ref refs/remotes/origin/HEAD is not a symbolic ref
2024-10-14 17:03:07.252 [info] > git merge-base refs/heads/main refs/remotes/origin/main [2ms]
2024-10-14 17:03:07.258 [info] > git rev-list --count --left-right refs/heads/main...refs/remotes/origin/main [3ms]
2024-10-14 17:03:07.264 [info] > git diff --name-status -z --diff-filter=ADMR 2b09558d4c4ce19c27342baa63c3cde3b4392741...refs/remotes/origin/main [2ms]
2024-10-14 17:03:28.023 [info] > git show --textconv :bibliografia.txt [16ms]
2024-10-14 17:03:28.025 [info] > git ls-files --stage -- /home/pro/Escritorio/libro/ejercicio-git-libro/bibliografia.txt [3ms]
2024-10-14 17:03:28.032 [info] > git cat-file -s e0b14e24b8e279dd205e45fe2ba53b1f47685db9 [2ms]
2024-10-14 17:03:30.377 [info] > git show --textconv :README.md [5ms]
2024-10-14 17:03:30.380 [info] > git ls-files --stage -- /home/pro/Escritorio/libro/ejercicio-git-libro/README.md [3ms]
2024-10-14 17:03:30.385 [info] > git cat-file -s 0919da3911dc25708ea22859ad43a11769340354 [2ms]
2024-10-14 17:04:11.059 [info] > git config --get commit.template [4ms]
2024-10-14 17:04:11.061 [info] > git for-each-ref --format=%(refname)%00%(upstream:short)%00%(objectname)%00%(upstream:track)%00%(upstream:remotename)%00%(upstream:remoteref) refs/heads/main refs/remotes/main [2ms]
2024-10-14 17:04:11.066 [info] > git status -z -uall [1ms]
2024-10-14 17:04:11.073 [info] > git for-each-ref --format=%(refname)%00%(upstream:short)%00%(objectname)%00%(upstream:track)%00%(upstream:remotename)%00%(upstream:remoteref) refs/heads/main refs/remotes/main [3ms]
2024-10-14 17:04:11.078 [info] > git config --local branch.main.vscode-merge-base [2ms]
2024-10-14 17:04:11.078 [warning] [Git][config] git config failed: Failed to execute git
2024-10-14 17:04:11.083 [info] > git reflog main --grep-reflog=branch: Created from *. [2ms]
2024-10-14 17:04:11.088 [info] > git symbolic-ref --short refs/remotes/origin/HEAD [2ms]
2024-10-14 17:04:11.088 [info] fatal: ref refs/remotes/origin/HEAD is not a symbolic ref
2024-10-14 17:04:26.596 [info] > git config --get commit.template [3ms]
2024-10-14 17:04:26.597 [info] > git for-each-ref --format=%(refname)%00%(upstream:short)%00%(objectname)%00%(upstream:track)%00%(upstream:remotename)%00%(upstream:remoteref) refs/heads/main refs/remotes/main [2ms]
2024-10-14 17:04:26.602 [info] > git status -z -uall [1ms]
2024-10-14 17:04:26.609 [info] > git for-each-ref --format=%(refname)%00%(upstream:short)%00%(objectname)%00%(upstream:track)%00%(upstream:remotename)%00%(upstream:remoteref) refs/heads/main refs/remotes/main [3ms]
2024-10-14 17:04:26.614 [info] > git config --local branch.main.vscode-merge-base [0ms]
2024-10-14 17:04:26.614 [warning] [Git][config] git config failed: Failed to execute git
2024-10-14 17:04:26.619 [info] > git reflog main --grep-reflog=branch: Created from *. [2ms]
2024-10-14 17:04:26.623 [info] > git symbolic-ref --short refs/remotes/origin/HEAD [1ms]
2024-10-14 17:04:26.623 [info] fatal: ref refs/remotes/origin/HEAD is not a symbolic ref
2024-10-14 17:04:31.616 [info] > git config --get commit.template [4ms]
2024-10-14 17:04:31.617 [info] > git for-each-ref --format=%(refname)%00%(upstream:short)%00%(objectname)%00%(upstream:track)%00%(upstream:remotename)%00%(upstream:remoteref) refs/heads/main refs/remotes/main [2ms]
2024-10-14 17:04:31.622 [info] > git status -z -uall [2ms]
2024-10-14 17:04:31.628 [info] > git for-each-ref --format=%(refname)%00%(upstream:short)%00%(objectname)%00%(upstream:track)%00%(upstream:remotename)%00%(upstream:remoteref) refs/heads/main refs/remotes/main [2ms]
2024-10-14 17:04:31.633 [info] > git config --local branch.main.vscode-merge-base [1ms]
2024-10-14 17:04:31.633 [warning] [Git][config] git config failed: Failed to execute git
2024-10-14 17:04:31.639 [info] > git reflog main --grep-reflog=branch: Created from *. [2ms]
2024-10-14 17:04:31.643 [info] > git symbolic-ref --short refs/remotes/origin/HEAD [1ms]
2024-10-14 17:04:31.643 [info] fatal: ref refs/remotes/origin/HEAD is not a symbolic ref
2024-10-14 17:04:36.641 [info] > git config --get commit.template [4ms]
2024-10-14 17:04:36.643 [info] > git for-each-ref --format=%(refname)%00%(upstream:short)%00%(objectname)%00%(upstream:track)%00%(upstream:remotename)%00%(upstream:remoteref) refs/heads/main refs/remotes/main [3ms]
2024-10-14 17:04:36.648 [info] > git status -z -uall [2ms]
2024-10-14 17:04:36.656 [info] > git for-each-ref --format=%(refname)%00%(upstream:short)%00%(objectname)%00%(upstream:track)%00%(upstream:remotename)%00%(upstream:remoteref) refs/heads/main refs/remotes/main [4ms]
2024-10-14 17:04:36.662 [info] > git config --local branch.main.vscode-merge-base [2ms]
2024-10-14 17:04:36.662 [warning] [Git][config] git config failed: Failed to execute git
2024-10-14 17:04:36.667 [info] > git reflog main --grep-reflog=branch: Created from *. [2ms]
2024-10-14 17:04:36.671 [info] > git symbolic-ref --short refs/remotes/origin/HEAD [1ms]
2024-10-14 17:04:36.671 [info] fatal: ref refs/remotes/origin/HEAD is not a symbolic ref
2024-10-14 17:04:53.830 [info] > git show --textconv :indice.txt [4ms]
2024-10-14 17:04:53.832 [info] > git ls-files --stage -- /home/pro/Escritorio/libro/ejercicio-git-libro/indice.txt [2ms]
2024-10-14 17:04:53.837 [info] > git cat-file -s 17ac9c6f9c335efdf6304e44487c55e6db77753a [2ms]
2024-10-14 17:05:00.461 [info] > git show --textconv :README.md [6ms]
2024-10-14 17:05:00.462 [info] > git ls-files --stage -- /home/pro/Escritorio/libro/ejercicio-git-libro/README.md [2ms]
2024-10-14 17:05:00.471 [info] > git cat-file -s 0919da3911dc25708ea22859ad43a11769340354 [2ms]
2024-10-14 17:05:30.201 [info] > git config --get commit.template [17ms]
2024-10-14 17:05:30.207 [info] > git for-each-ref --format=%(refname)%00%(upstream:short)%00%(objectname)%00%(upstream:track)%00%(upstream:remotename)%00%(upstream:remoteref) refs/heads/main refs/remotes/main [7ms]
2024-10-14 17:05:30.218 [info] > git status -z -uall [3ms]
2024-10-14 17:05:30.230 [info] > git for-each-ref --format=%(refname)%00%(upstream:short)%00%(objectname)%00%(upstream:track)%00%(upstream:remotename)%00%(upstream:remoteref) refs/heads/main refs/remotes/main [5ms]
2024-10-14 17:05:30.238 [info] > git config --local branch.main.vscode-merge-base [2ms]
2024-10-14 17:05:30.238 [warning] [Git][config] git config failed: Failed to execute git
2024-10-14 17:05:30.246 [info] > git reflog main --grep-reflog=branch: Created from *. [3ms]
2024-10-14 17:05:30.251 [info] > git symbolic-ref --short refs/remotes/origin/HEAD [2ms]
2024-10-14 17:05:30.251 [info] fatal: ref refs/remotes/origin/HEAD is not a symbolic ref
2024-10-14 17:05:39.846 [info] > git config --get commit.template [6ms]
2024-10-14 17:05:39.848 [info] > git for-each-ref --format=%(refname)%00%(upstream:short)%00%(objectname)%00%(upstream:track)%00%(upstream:remotename)%00%(upstream:remoteref) refs/heads/main refs/remotes/main [3ms]
2024-10-14 17:05:39.860 [info] > git status -z -uall [3ms]
2024-10-14 17:05:39.877 [info] > git for-each-ref --format=%(refname)%00%(upstream:short)%00%(objectname)%00%(upstream:track)%00%(upstream:remotename)%00%(upstream:remoteref) refs/heads/main refs/remotes/main [1ms]
2024-10-14 17:05:39.891 [info] > git config --local branch.main.vscode-merge-base [1ms]
2024-10-14 17:05:39.891 [warning] [Git][config] git config failed: Failed to execute git
2024-10-14 17:05:39.900 [info] > git reflog main --grep-reflog=branch: Created from *. [5ms]
2024-10-14 17:05:39.904 [info] > git symbolic-ref --short refs/remotes/origin/HEAD [1ms]
2024-10-14 17:05:39.904 [info] fatal: ref refs/remotes/origin/HEAD is not a symbolic ref
2024-10-14 17:05:40.927 [info] > git config --get commit.template [4ms]
2024-10-14 17:05:40.928 [info] > git for-each-ref --format=%(refname)%00%(upstream:short)%00%(objectname)%00%(upstream:track)%00%(upstream:remotename)%00%(upstream:remoteref) refs/heads/main refs/remotes/main [1ms]
2024-10-14 17:05:40.934 [info] > git status -z -uall [2ms]
2024-10-14 17:05:40.941 [info] > git for-each-ref --format=%(refname)%00%(upstream:short)%00%(objectname)%00%(upstream:track)%00%(upstream:remotename)%00%(upstream:remoteref) refs/heads/main refs/remotes/main [3ms]
2024-10-14 17:05:40.947 [info] > git config --local branch.main.vscode-merge-base [0ms]
2024-10-14 17:05:40.947 [warning] [Git][config] git config failed: Failed to execute git
2024-10-14 17:05:40.952 [info] > git reflog main --grep-reflog=branch: Created from *. [1ms]
2024-10-14 17:05:40.957 [info] > git symbolic-ref --short refs/remotes/origin/HEAD [1ms]
2024-10-14 17:05:40.957 [info] fatal: ref refs/remotes/origin/HEAD is not a symbolic ref
2024-10-14 17:05:41.036 [info] > git ls-files --stage -- /home/pro/Escritorio/libro/ejercicio-git-libro/README.md [6ms]
2024-10-14 17:05:41.052 [info] > git cat-file -s 0919da3911dc25708ea22859ad43a11769340354 [6ms]
2024-10-14 17:05:41.065 [info] > git show --textconv :README.md [3ms]
2024-10-14 17:05:54.110 [info] > git config --get commit.template [7ms]
2024-10-14 17:05:54.111 [info] > git for-each-ref --format=%(refname)%00%(upstream:short)%00%(objectname)%00%(upstream:track)%00%(upstream:remotename)%00%(upstream:remoteref) refs/heads/main refs/remotes/main [1ms]
2024-10-14 17:05:54.120 [info] > git status -z -uall [2ms]
2024-10-14 17:05:54.142 [info] > git for-each-ref --format=%(refname)%00%(upstream:short)%00%(objectname)%00%(upstream:track)%00%(upstream:remotename)%00%(upstream:remoteref) refs/heads/main refs/remotes/main [15ms]
2024-10-14 17:05:54.150 [info] > git config --local branch.main.vscode-merge-base [0ms]
2024-10-14 17:05:54.150 [warning] [Git][config] git config failed: Failed to execute git
2024-10-14 17:05:54.156 [info] > git reflog main --grep-reflog=branch: Created from *. [2ms]
2024-10-14 17:05:54.160 [info] > git symbolic-ref --short refs/remotes/origin/HEAD [1ms]
2024-10-14 17:05:54.160 [info] fatal: ref refs/remotes/origin/HEAD is not a symbolic ref
2024-10-14 17:05:59.160 [info] > git config --get commit.template [18ms]
2024-10-14 17:05:59.176 [info] > git for-each-ref --format=%(refname)%00%(upstream:short)%00%(objectname)%00%(upstream:track)%00%(upstream:remotename)%00%(upstream:remoteref) refs/heads/main refs/remotes/main [4ms]
2024-10-14 17:05:59.185 [info] > git status -z -uall [2ms]
2024-10-14 17:05:59.197 [info] > git for-each-ref --format=%(refname)%00%(upstream:short)%00%(objectname)%00%(upstream:track)%00%(upstream:remotename)%00%(upstream:remoteref) refs/heads/main refs/remotes/main [3ms]
2024-10-14 17:05:59.202 [info] > git config --local branch.main.vscode-merge-base [1ms]
2024-10-14 17:05:59.202 [warning] [Git][config] git config failed: Failed to execute git
2024-10-14 17:05:59.209 [info] > git reflog main --grep-reflog=branch: Created from *. [3ms]
2024-10-14 17:05:59.214 [info] > git symbolic-ref --short refs/remotes/origin/HEAD [2ms]
2024-10-14 17:05:59.214 [info] fatal: ref refs/remotes/origin/HEAD is not a symbolic ref
2024-10-14 17:06:04.211 [info] > git config --get commit.template [8ms]
2024-10-14 17:06:04.212 [info] > git for-each-ref --format=%(refname)%00%(upstream:short)%00%(objectname)%00%(upstream:track)%00%(upstream:remotename)%00%(upstream:remoteref) refs/heads/main refs/remotes/main [2ms]
2024-10-14 17:06:04.221 [info] > git status -z -uall [3ms]
2024-10-14 17:06:04.234 [info] > git for-each-ref --format=%(refname)%00%(upstream:short)%00%(objectname)%00%(upstream:track)%00%(upstream:remotename)%00%(upstream:remoteref) refs/heads/main refs/remotes/main [5ms]
2024-10-14 17:06:04.244 [info] > git config --local branch.main.vscode-merge-base [3ms]
2024-10-14 17:06:04.244 [warning] [Git][config] git config failed: Failed to execute git
2024-10-14 17:06:04.253 [info] > git reflog main --grep-reflog=branch: Created from *. [3ms]
2024-10-14 17:06:04.259 [info] > git symbolic-ref --short refs/remotes/origin/HEAD [2ms]
2024-10-14 17:06:04.259 [info] fatal: ref refs/remotes/origin/HEAD is not a symbolic ref
2024-10-14 17:06:08.456 [info] > git for-each-ref --format=%(refname)%00%(upstream:short)%00%(objectname)%00%(upstream:track)%00%(upstream:remotename)%00%(upstream:remoteref) refs/heads/main refs/remotes/main [3ms]
2024-10-14 17:06:08.456 [info] > git config --get commit.template [10ms]
2024-10-14 17:06:08.467 [info] > git status -z -uall [4ms]
2024-10-14 17:06:08.478 [info] > git for-each-ref --format=%(refname)%00%(upstream:short)%00%(objectname)%00%(upstream:track)%00%(upstream:remotename)%00%(upstream:remoteref) refs/heads/main refs/remotes/main [2ms]
2024-10-14 17:06:08.488 [info] > git config --local branch.main.vscode-merge-base [4ms]
2024-10-14 17:06:08.489 [warning] [Git][config] git config failed: Failed to execute git
2024-10-14 17:06:08.494 [info] > git reflog main --grep-reflog=branch: Created from *. [1ms]
2024-10-14 17:06:08.499 [info] > git symbolic-ref --short refs/remotes/origin/HEAD [1ms]
2024-10-14 17:06:08.499 [info] fatal: ref refs/remotes/origin/HEAD is not a symbolic ref
2024-10-14 17:06:09.489 [info] > git config --get commit.template [7ms]
2024-10-14 17:06:09.492 [info] > git for-each-ref --format=%(refname)%00%(upstream:short)%00%(objectname)%00%(upstream:track)%00%(upstream:remotename)%00%(upstream:remoteref) refs/heads/main refs/remotes/main [4ms]
2024-10-14 17:06:09.502 [info] > git status -z -uall [4ms]
2024-10-14 17:06:09.512 [info] > git for-each-ref --format=%(refname)%00%(upstream:short)%00%(objectname)%00%(upstream:track)%00%(upstream:remotename)%00%(upstream:remoteref) refs/heads/main refs/remotes/main [5ms]
2024-10-14 17:06:09.518 [info] > git config --local branch.main.vscode-merge-base [1ms]
2024-10-14 17:06:09.518 [warning] [Git][config] git config failed: Failed to execute git
2024-10-14 17:06:09.525 [info] > git reflog main --grep-reflog=branch: Created from *. [3ms]
2024-10-14 17:06:09.530 [info] > git symbolic-ref --short refs/remotes/origin/HEAD [2ms]
2024-10-14 17:06:09.530 [info] fatal: ref refs/remotes/origin/HEAD is not a symbolic ref
2024-10-14 17:06:09.593 [info] > git ls-files --stage -- /home/pro/Escritorio/libro/ejercicio-git-libro/README.md [5ms]
2024-10-14 17:06:09.605 [info] > git cat-file -s 0919da3911dc25708ea22859ad43a11769340354 [4ms]
2024-10-14 17:06:09.616 [info] > git show --textconv :README.md [4ms]
2024-10-14 17:06:24.608 [info] > git config --get commit.template [11ms]
2024-10-14 17:06:24.613 [info] > git for-each-ref --format=%(refname)%00%(upstream:short)%00%(objectname)%00%(upstream:track)%00%(upstream:remotename)%00%(upstream:remoteref) refs/heads/main refs/remotes/main [7ms]
2024-10-14 17:06:24.626 [info] > git status -z -uall [4ms]
2024-10-14 17:06:24.641 [info] > git for-each-ref --format=%(refname)%00%(upstream:short)%00%(objectname)%00%(upstream:track)%00%(upstream:remotename)%00%(upstream:remoteref) refs/heads/main refs/remotes/main [6ms]
2024-10-14 17:06:24.647 [info] > git config --local branch.main.vscode-merge-base [2ms]
2024-10-14 17:06:24.647 [warning] [Git][config] git config failed: Failed to execute git
2024-10-14 17:06:24.654 [info] > git reflog main --grep-reflog=branch: Created from *. [3ms]
2024-10-14 17:06:24.658 [info] > git symbolic-ref --short refs/remotes/origin/HEAD [1ms]
2024-10-14 17:06:24.658 [info] fatal: ref refs/remotes/origin/HEAD is not a symbolic ref
2024-10-14 17:06:33.006 [info] > git config --get commit.template [7ms]
2024-10-14 17:06:33.008 [info] > git for-each-ref --format=%(refname)%00%(upstream:short)%00%(objectname)%00%(upstream:track)%00%(upstream:remotename)%00%(upstream:remoteref) refs/heads/main refs/remotes/main [2ms]
2024-10-14 17:06:33.014 [info] > git status -z -uall [2ms]
2024-10-14 17:06:33.026 [info] > git for-each-ref --format=%(refname)%00%(upstream:short)%00%(objectname)%00%(upstream:track)%00%(upstream:remotename)%00%(upstream:remoteref) refs/heads/main refs/remotes/main [4ms]
2024-10-14 17:06:33.035 [info] > git config --local branch.main.vscode-merge-base [4ms]
2024-10-14 17:06:33.035 [warning] [Git][config] git config failed: Failed to execute git
2024-10-14 17:06:33.041 [info] > git reflog main --grep-reflog=branch: Created from *. [2ms]
2024-10-14 17:06:33.046 [info] > git symbolic-ref --short refs/remotes/origin/HEAD [1ms]
2024-10-14 17:06:33.046 [info] fatal: ref refs/remotes/origin/HEAD is not a symbolic ref
2024-10-14 17:06:38.036 [info] > git config --get commit.template [4ms]
2024-10-14 17:06:38.037 [info] > git for-each-ref --format=%(refname)%00%(upstream:short)%00%(objectname)%00%(upstream:track)%00%(upstream:remotename)%00%(upstream:remoteref) refs/heads/main refs/remotes/main [2ms]
2024-10-14 17:06:38.042 [info] > git status -z -uall [1ms]
2024-10-14 17:06:38.051 [info] > git for-each-ref --format=%(refname)%00%(upstream:short)%00%(objectname)%00%(upstream:track)%00%(upstream:remotename)%00%(upstream:remoteref) refs/heads/main refs/remotes/main [4ms]
2024-10-14 17:06:38.057 [info] > git config --local branch.main.vscode-merge-base [2ms]
2024-10-14 17:06:38.057 [warning] [Git][config] git config failed: Failed to execute git
2024-10-14 17:06:38.062 [info] > git reflog main --grep-reflog=branch: Created from *. [1ms]
2024-10-14 17:06:38.067 [info] > git symbolic-ref --short refs/remotes/origin/HEAD [1ms]
2024-10-14 17:06:38.067 [info] fatal: ref refs/remotes/origin/HEAD is not a symbolic ref
2024-10-14 17:06:43.906 [info] > git config --get commit.template [24ms]
2024-10-14 17:06:43.912 [info] > git for-each-ref --format=%(refname)%00%(upstream:short)%00%(objectname)%00%(upstream:track)%00%(upstream:remotename)%00%(upstream:remoteref) refs/heads/main refs/remotes/main [7ms]
2024-10-14 17:06:43.920 [info] > git status -z -uall [2ms]
2024-10-14 17:06:43.948 [info] > git for-each-ref --format=%(refname)%00%(upstream:short)%00%(objectname)%00%(upstream:track)%00%(upstream:remotename)%00%(upstream:remoteref) refs/heads/main refs/remotes/main [5ms]
2024-10-14 17:06:43.954 [info] > git config --local branch.main.vscode-merge-base [2ms]
2024-10-14 17:06:43.954 [warning] [Git][config] git config failed: Failed to execute git
2024-10-14 17:06:43.962 [info] > git reflog main --grep-reflog=branch: Created from *. [3ms]
2024-10-14 17:06:43.967 [info] > git symbolic-ref --short refs/remotes/origin/HEAD [2ms]
2024-10-14 17:06:43.967 [info] fatal: ref refs/remotes/origin/HEAD is not a symbolic ref
2024-10-14 17:06:49.247 [info] > git config --get commit.template [12ms]
2024-10-14 17:06:49.253 [info] > git for-each-ref --format=%(refname)%00%(upstream:short)%00%(objectname)%00%(upstream:track)%00%(upstream:remotename)%00%(upstream:remoteref) refs/heads/main refs/remotes/main [6ms]
2024-10-14 17:06:49.264 [info] > git status -z -uall [3ms]
2024-10-14 17:06:49.276 [info] > git for-each-ref --format=%(refname)%00%(upstream:short)%00%(objectname)%00%(upstream:track)%00%(upstream:remotename)%00%(upstream:remoteref) refs/heads/main refs/remotes/main [6ms]
2024-10-14 17:06:49.284 [info] > git config --local branch.main.vscode-merge-base [2ms]
2024-10-14 17:06:49.284 [warning] [Git][config] git config failed: Failed to execute git
2024-10-14 17:06:49.292 [info] > git reflog main --grep-reflog=branch: Created from *. [3ms]
2024-10-14 17:06:49.297 [info] > git symbolic-ref --short refs/remotes/origin/HEAD [1ms]
2024-10-14 17:06:49.297 [info] fatal: ref refs/remotes/origin/HEAD is not a symbolic ref
2024-10-14 17:07:07.996 [info] > git config --get commit.template [12ms]
2024-10-14 17:07:08.001 [info] > git for-each-ref --format=%(refname)%00%(upstream:short)%00%(objectname)%00%(upstream:track)%00%(upstream:remotename)%00%(upstream:remoteref) refs/heads/main refs/remotes/main [7ms]
2024-10-14 17:07:08.014 [info] > git status -z -uall [4ms]
2024-10-14 17:07:08.029 [info] > git for-each-ref --format=%(refname)%00%(upstream:short)%00%(objectname)%00%(upstream:track)%00%(upstream:remotename)%00%(upstream:remoteref) refs/heads/main refs/remotes/main [7ms]
2024-10-14 17:07:08.035 [info] > git config --local branch.main.vscode-merge-base [2ms]
2024-10-14 17:07:08.035 [warning] [Git][config] git config failed: Failed to execute git
2024-10-14 17:07:08.041 [info] > git reflog main --grep-reflog=branch: Created from *. [2ms]
2024-10-14 17:07:08.045 [info] > git symbolic-ref --short refs/remotes/origin/HEAD [1ms]
2024-10-14 17:07:08.045 [info] fatal: ref refs/remotes/origin/HEAD is not a symbolic ref
2024-10-14 17:07:13.036 [info] > git config --get commit.template [4ms]
2024-10-14 17:07:13.037 [info] > git for-each-ref --format=%(refname)%00%(upstream:short)%00%(objectname)%00%(upstream:track)%00%(upstream:remotename)%00%(upstream:remoteref) refs/heads/main refs/remotes/main [2ms]
2024-10-14 17:07:13.043 [info] > git status -z -uall [2ms]
2024-10-14 17:07:13.049 [info] > git for-each-ref --format=%(refname)%00%(upstream:short)%00%(objectname)%00%(upstream:track)%00%(upstream:remotename)%00%(upstream:remoteref) refs/heads/main refs/remotes/main [2ms]
2024-10-14 17:07:13.055 [info] > git config --local branch.main.vscode-merge-base [2ms]
2024-10-14 17:07:13.055 [warning] [Git][config] git config failed: Failed to execute git
2024-10-14 17:07:13.059 [info] > git reflog main --grep-reflog=branch: Created from *. [1ms]
2024-10-14 17:07:13.063 [info] > git symbolic-ref --short refs/remotes/origin/HEAD [1ms]
2024-10-14 17:07:13.063 [info] fatal: ref refs/remotes/origin/HEAD is not a symbolic ref
2024-10-14 17:07:57.485 [info] > git config --get commit.template [16ms]
2024-10-14 17:07:57.487 [info] > git for-each-ref --format=%(refname)%00%(upstream:short)%00%(objectname)%00%(upstream:track)%00%(upstream:remotename)%00%(upstream:remoteref) refs/heads/main refs/remotes/main [2ms]
2024-10-14 17:07:57.502 [info] > git status -z -uall [2ms]
2024-10-14 17:07:57.520 [info] > git for-each-ref --format=%(refname)%00%(upstream:short)%00%(objectname)%00%(upstream:track)%00%(upstream:remotename)%00%(upstream:remoteref) refs/heads/main refs/remotes/main [7ms]
2024-10-14 17:07:57.536 [info] > git config --local branch.main.vscode-merge-base [7ms]
2024-10-14 17:07:57.536 [warning] [Git][config] git config failed: Failed to execute git
2024-10-14 17:07:57.542 [info] > git reflog main --grep-reflog=branch: Created from *. [2ms]
2024-10-14 17:07:57.547 [info] > git symbolic-ref --short refs/remotes/origin/HEAD [1ms]
2024-10-14 17:07:57.547 [info] fatal: ref refs/remotes/origin/HEAD is not a symbolic ref
2024-10-14 17:08:02.543 [info] > git config --get commit.template [12ms]
2024-10-14 17:08:02.544 [info] > git for-each-ref --format=%(refname)%00%(upstream:short)%00%(objectname)%00%(upstream:track)%00%(upstream:remotename)%00%(upstream:remoteref) refs/heads/main refs/remotes/main [2ms]
2024-10-14 17:08:02.558 [info] > git status -z -uall [2ms]
2024-10-14 17:08:02.566 [info] > git for-each-ref --format=%(refname)%00%(upstream:short)%00%(objectname)%00%(upstream:track)%00%(upstream:remotename)%00%(upstream:remoteref) refs/heads/main refs/remotes/main [3ms]
2024-10-14 17:08:02.571 [info] > git config --local branch.main.vscode-merge-base [1ms]
2024-10-14 17:08:02.571 [warning] [Git][config] git config failed: Failed to execute git
2024-10-14 17:08:02.577 [info] > git reflog main --grep-reflog=branch: Created from *. [2ms]
2024-10-14 17:08:02.582 [info] > git symbolic-ref --short refs/remotes/origin/HEAD [2ms]
2024-10-14 17:08:02.582 [info] fatal: ref refs/remotes/origin/HEAD is not a symbolic ref
2024-10-14 17:08:09.769 [info] > git config --get commit.template [4ms]
2024-10-14 17:08:09.770 [info] > git for-each-ref --format=%(refname)%00%(upstream:short)%00%(objectname)%00%(upstream:track)%00%(upstream:remotename)%00%(upstream:remoteref) refs/heads/main refs/remotes/main [2ms]
2024-10-14 17:08:09.779 [info] > git status -z -uall [2ms]
2024-10-14 17:08:09.790 [info] > git for-each-ref --format=%(refname)%00%(upstream:short)%00%(objectname)%00%(upstream:track)%00%(upstream:remotename)%00%(upstream:remoteref) refs/heads/main refs/remotes/main [7ms]
2024-10-14 17:08:09.796 [info] > git config --local branch.main.vscode-merge-base [2ms]
2024-10-14 17:08:09.796 [warning] [Git][config] git config failed: Failed to execute git
2024-10-14 17:08:09.801 [info] > git reflog main --grep-reflog=branch: Created from *. [2ms]
2024-10-14 17:08:09.805 [info] > git symbolic-ref --short refs/remotes/origin/HEAD [1ms]
2024-10-14 17:08:09.805 [info] fatal: ref refs/remotes/origin/HEAD is not a symbolic ref
2024-10-14 17:08:10.808 [info] > git config --get commit.template [3ms]
2024-10-14 17:08:10.810 [info] > git for-each-ref --format=%(refname)%00%(upstream:short)%00%(objectname)%00%(upstream:track)%00%(upstream:remotename)%00%(upstream:remoteref) refs/heads/main refs/remotes/main [2ms]
2024-10-14 17:08:10.816 [info] > git status -z -uall [2ms]
2024-10-14 17:08:10.823 [info] > git for-each-ref --format=%(refname)%00%(upstream:short)%00%(objectname)%00%(upstream:track)%00%(upstream:remotename)%00%(upstream:remoteref) refs/heads/main refs/remotes/main [3ms]
2024-10-14 17:08:10.828 [info] > git config --local branch.main.vscode-merge-base [1ms]
2024-10-14 17:08:10.828 [warning] [Git][config] git config failed: Failed to execute git
2024-10-14 17:08:10.834 [info] > git reflog main --grep-reflog=branch: Created from *. [2ms]
2024-10-14 17:08:10.840 [info] > git symbolic-ref --short refs/remotes/origin/HEAD [1ms]
2024-10-14 17:08:10.840 [info] fatal: ref refs/remotes/origin/HEAD is not a symbolic ref
2024-10-14 17:08:10.951 [info] > git ls-files --stage -- /home/pro/Escritorio/libro/ejercicio-git-libro/README.md [4ms]
2024-10-14 17:08:10.956 [info] > git cat-file -s 0919da3911dc25708ea22859ad43a11769340354 [2ms]
2024-10-14 17:08:10.963 [info] > git show --textconv :README.md [2ms]
2024-10-14 17:08:22.131 [info] > git config --get commit.template [3ms]
2024-10-14 17:08:22.133 [info] > git for-each-ref --format=%(refname)%00%(upstream:short)%00%(objectname)%00%(upstream:track)%00%(upstream:remotename)%00%(upstream:remoteref) refs/heads/main refs/remotes/main [2ms]
2024-10-14 17:08:22.139 [info] > git status -z -uall [2ms]
2024-10-14 17:08:22.145 [info] > git for-each-ref --format=%(refname)%00%(upstream:short)%00%(objectname)%00%(upstream:track)%00%(upstream:remotename)%00%(upstream:remoteref) refs/heads/main refs/remotes/main [3ms]
2024-10-14 17:08:22.151 [info] > git config --local branch.main.vscode-merge-base [1ms]
2024-10-14 17:08:22.151 [warning] [Git][config] git config failed: Failed to execute git
2024-10-14 17:08:22.157 [info] > git reflog main --grep-reflog=branch: Created from *. [2ms]
2024-10-14 17:08:22.161 [info] > git symbolic-ref --short refs/remotes/origin/HEAD [1ms]
2024-10-14 17:08:22.161 [info] fatal: ref refs/remotes/origin/HEAD is not a symbolic ref
2024-10-14 17:08:27.157 [info] > git config --get commit.template [1ms]
2024-10-14 17:08:27.162 [info] > git for-each-ref --format=%(refname)%00%(upstream:short)%00%(objectname)%00%(upstream:track)%00%(upstream:remotename)%00%(upstream:remoteref) refs/heads/main refs/remotes/main [1ms]
2024-10-14 17:08:27.168 [info] > git status -z -uall [2ms]
2024-10-14 17:08:27.176 [info] > git for-each-ref --format=%(refname)%00%(upstream:short)%00%(objectname)%00%(upstream:track)%00%(upstream:remotename)%00%(upstream:remoteref) refs/heads/main refs/remotes/main [3ms]
2024-10-14 17:08:27.181 [info] > git config --local branch.main.vscode-merge-base [1ms]
2024-10-14 17:08:27.181 [warning] [Git][config] git config failed: Failed to execute git
2024-10-14 17:08:27.186 [info] > git reflog main --grep-reflog=branch: Created from *. [2ms]
2024-10-14 17:08:27.191 [info] > git symbolic-ref --short refs/remotes/origin/HEAD [1ms]
2024-10-14 17:08:27.191 [info] fatal: ref refs/remotes/origin/HEAD is not a symbolic ref
2024-10-14 17:08:32.193 [info] > git config --get commit.template [7ms]
2024-10-14 17:08:32.195 [info] > git for-each-ref --format=%(refname)%00%(upstream:short)%00%(objectname)%00%(upstream:track)%00%(upstream:remotename)%00%(upstream:remoteref) refs/heads/main refs/remotes/main [3ms]
2024-10-14 17:08:32.203 [info] > git status -z -uall [2ms]
2024-10-14 17:08:32.212 [info] > git for-each-ref --format=%(refname)%00%(upstream:short)%00%(objectname)%00%(upstream:track)%00%(upstream:remotename)%00%(upstream:remoteref) refs/heads/main refs/remotes/main [4ms]
2024-10-14 17:08:32.218 [info] > git config --local branch.main.vscode-merge-base [2ms]
2024-10-14 17:08:32.218 [warning] [Git][config] git config failed: Failed to execute git
2024-10-14 17:08:32.224 [info] > git reflog main --grep-reflog=branch: Created from *. [2ms]
2024-10-14 17:08:32.228 [info] > git symbolic-ref --short refs/remotes/origin/HEAD [1ms]
2024-10-14 17:08:32.228 [info] fatal: ref refs/remotes/origin/HEAD is not a symbolic ref
2024-10-14 17:08:37.245 [info] > git config --get commit.template [6ms]
2024-10-14 17:08:37.246 [info] > git for-each-ref --format=%(refname)%00%(upstream:short)%00%(objectname)%00%(upstream:track)%00%(upstream:remotename)%00%(upstream:remoteref) refs/heads/main refs/remotes/main [2ms]
2024-10-14 17:08:37.264 [info] > git status -z -uall [14ms]
2024-10-14 17:08:37.293 [info] > git for-each-ref --format=%(refname)%00%(upstream:short)%00%(objectname)%00%(upstream:track)%00%(upstream:remotename)%00%(upstream:remoteref) refs/heads/main refs/remotes/main [13ms]
2024-10-14 17:08:37.299 [info] > git config --local branch.main.vscode-merge-base [1ms]
2024-10-14 17:08:37.299 [warning] [Git][config] git config failed: Failed to execute git
2024-10-14 17:08:37.315 [info] > git reflog main --grep-reflog=branch: Created from *. [3ms]
2024-10-14 17:08:37.319 [info] > git symbolic-ref --short refs/remotes/origin/HEAD [1ms]
2024-10-14 17:08:37.319 [info] fatal: ref refs/remotes/origin/HEAD is not a symbolic ref
2024-10-14 17:08:42.307 [info] > git config --get commit.template [11ms]
2024-10-14 17:08:42.310 [info] > git for-each-ref --format=%(refname)%00%(upstream:short)%00%(objectname)%00%(upstream:track)%00%(upstream:remotename)%00%(upstream:remoteref) refs/heads/main refs/remotes/main [4ms]
2024-10-14 17:08:42.324 [info] > git status -z -uall [5ms]
2024-10-14 17:08:42.344 [info] > git for-each-ref --format=%(refname)%00%(upstream:short)%00%(objectname)%00%(upstream:track)%00%(upstream:remotename)%00%(upstream:remoteref) refs/heads/main refs/remotes/main [9ms]
2024-10-14 17:08:42.352 [info] > git config --local branch.main.vscode-merge-base [2ms]
2024-10-14 17:08:42.352 [warning] [Git][config] git config failed: Failed to execute git
2024-10-14 17:08:42.359 [info] > git reflog main --grep-reflog=branch: Created from *. [3ms]
2024-10-14 17:08:42.363 [info] > git symbolic-ref --short refs/remotes/origin/HEAD [1ms]
2024-10-14 17:08:42.363 [info] fatal: ref refs/remotes/origin/HEAD is not a symbolic ref
2024-10-14 17:09:00.469 [info] > git config --get commit.template [11ms]
2024-10-14 17:09:00.474 [info] > git for-each-ref --format=%(refname)%00%(upstream:short)%00%(objectname)%00%(upstream:track)%00%(upstream:remotename)%00%(upstream:remoteref) refs/heads/main refs/remotes/main [6ms]
2024-10-14 17:09:00.490 [info] > git status -z -uall [5ms]
2024-10-14 17:09:00.501 [info] > git for-each-ref --format=%(refname)%00%(upstream:short)%00%(objectname)%00%(upstream:track)%00%(upstream:remotename)%00%(upstream:remoteref) refs/heads/main refs/remotes/main [5ms]
2024-10-14 17:09:00.509 [info] > git config --local branch.main.vscode-merge-base [1ms]
2024-10-14 17:09:00.509 [warning] [Git][config] git config failed: Failed to execute git
2024-10-14 17:09:00.515 [info] > git reflog main --grep-reflog=branch: Created from *. [2ms]
2024-10-14 17:09:00.520 [info] > git symbolic-ref --short refs/remotes/origin/HEAD [2ms]
2024-10-14 17:09:00.520 [info] fatal: ref refs/remotes/origin/HEAD is not a symbolic ref
2024-10-14 17:09:30.531 [info] > git config --get commit.template [12ms]
2024-10-14 17:09:30.537 [info] > git for-each-ref --format=%(refname)%00%(upstream:short)%00%(objectname)%00%(upstream:track)%00%(upstream:remotename)%00%(upstream:remoteref) refs/heads/main refs/remotes/main [6ms]
2024-10-14 17:09:30.555 [info] > git status -z -uall [10ms]
2024-10-14 17:09:30.569 [info] > git for-each-ref --format=%(refname)%00%(upstream:short)%00%(objectname)%00%(upstream:track)%00%(upstream:remotename)%00%(upstream:remoteref) refs/heads/main refs/remotes/main [4ms]
2024-10-14 17:09:30.584 [info] > git config --local branch.main.vscode-merge-base [6ms]
2024-10-14 17:09:30.584 [warning] [Git][config] git config failed: Failed to execute git
2024-10-14 17:09:30.599 [info] > git reflog main --grep-reflog=branch: Created from *. [5ms]
2024-10-14 17:09:30.618 [info] > git symbolic-ref --short refs/remotes/origin/HEAD [7ms]
2024-10-14 17:09:30.618 [info] fatal: ref refs/remotes/origin/HEAD is not a symbolic ref
2024-10-14 17:09:31.634 [info] > git ls-files --stage -- /home/pro/Escritorio/libro/ejercicio-git-libro/README.md [1ms]
2024-10-14 17:09:31.639 [info] > git cat-file -s 31ecbbf1d835bfe5db6e7300b776fe226cbfddb4 [2ms]
2024-10-14 17:09:31.645 [info] > git show --textconv :README.md [2ms]
2024-10-14 17:10:03.039 [info] > git config --get commit.template [7ms]
2024-10-14 17:10:03.040 [info] > git for-each-ref --format=%(refname)%00%(upstream:short)%00%(objectname)%00%(upstream:track)%00%(upstream:remotename)%00%(upstream:remoteref) refs/heads/main refs/remotes/main [2ms]
2024-10-14 17:10:03.046 [info] > git status -z -uall [2ms]
2024-10-14 17:10:03.063 [info] > git for-each-ref --format=%(refname)%00%(upstream:short)%00%(objectname)%00%(upstream:track)%00%(upstream:remotename)%00%(upstream:remoteref) refs/heads/main refs/remotes/main [8ms]
2024-10-14 17:10:03.069 [info] > git config --local branch.main.vscode-merge-base [2ms]
2024-10-14 17:10:03.069 [warning] [Git][config] git config failed: Failed to execute git
2024-10-14 17:10:03.075 [info] > git reflog main --grep-reflog=branch: Created from *. [2ms]
2024-10-14 17:10:03.080 [info] > git symbolic-ref --short refs/remotes/origin/HEAD [1ms]
2024-10-14 17:10:03.080 [info] fatal: ref refs/remotes/origin/HEAD is not a symbolic ref
2024-10-14 17:10:12.071 [info] > git config --get commit.template [2ms]
2024-10-14 17:10:12.083 [info] > git for-each-ref --format=%(refname)%00%(upstream:short)%00%(objectname)%00%(upstream:track)%00%(upstream:remotename)%00%(upstream:remoteref) refs/heads/main refs/remotes/main [2ms]
2024-10-14 17:10:12.089 [info] > git status -z -uall [2ms]
2024-10-14 17:10:12.134 [info] > git for-each-ref --format=%(refname)%00%(upstream:short)%00%(objectname)%00%(upstream:track)%00%(upstream:remotename)%00%(upstream:remoteref) refs/heads/main refs/remotes/main [13ms]
2024-10-14 17:10:12.161 [info] > git config --local branch.main.vscode-merge-base [17ms]
2024-10-14 17:10:12.161 [warning] [Git][config] git config failed: Failed to execute git
2024-10-14 17:10:12.174 [info] > git reflog main --grep-reflog=branch: Created from *. [2ms]
2024-10-14 17:10:12.213 [info] > git symbolic-ref --short refs/remotes/origin/HEAD [7ms]
2024-10-14 17:10:12.213 [info] fatal: ref refs/remotes/origin/HEAD is not a symbolic ref
2024-10-14 17:10:17.131 [info] > git config --get commit.template [5ms]
2024-10-14 17:10:17.132 [info] > git for-each-ref --format=%(refname)%00%(upstream:short)%00%(objectname)%00%(upstream:track)%00%(upstream:remotename)%00%(upstream:remoteref) refs/heads/main refs/remotes/main [2ms]
2024-10-14 17:10:17.140 [info] > git status -z -uall [2ms]
2024-10-14 17:10:17.148 [info] > git for-each-ref --format=%(refname)%00%(upstream:short)%00%(objectname)%00%(upstream:track)%00%(upstream:remotename)%00%(upstream:remoteref) refs/heads/main refs/remotes/main [4ms]
2024-10-14 17:10:17.154 [info] > git config --local branch.main.vscode-merge-base [2ms]
2024-10-14 17:10:17.154 [warning] [Git][config] git config failed: Failed to execute git
2024-10-14 17:10:17.162 [info] > git reflog main --grep-reflog=branch: Created from *. [3ms]
2024-10-14 17:10:17.166 [info] > git symbolic-ref --short refs/remotes/origin/HEAD [1ms]
2024-10-14 17:10:17.166 [info] fatal: ref refs/remotes/origin/HEAD is not a symbolic ref
2024-10-14 17:10:22.175 [info] > git config --get commit.template [16ms]
2024-10-14 17:10:22.178 [info] > git for-each-ref --format=%(refname)%00%(upstream:short)%00%(objectname)%00%(upstream:track)%00%(upstream:remotename)%00%(upstream:remoteref) refs/heads/main refs/remotes/main [3ms]
2024-10-14 17:10:22.191 [info] > git status -z -uall [3ms]
2024-10-14 17:10:22.204 [info] > git for-each-ref --format=%(refname)%00%(upstream:short)%00%(objectname)%00%(upstream:track)%00%(upstream:remotename)%00%(upstream:remoteref) refs/heads/main refs/remotes/main [5ms]
2024-10-14 17:10:22.210 [info] > git config --local branch.main.vscode-merge-base [1ms]
2024-10-14 17:10:22.210 [warning] [Git][config] git config failed: Failed to execute git
2024-10-14 17:10:22.217 [info] > git reflog main --grep-reflog=branch: Created from *. [3ms]
2024-10-14 17:10:22.221 [info] > git symbolic-ref --short refs/remotes/origin/HEAD [1ms]
2024-10-14 17:10:22.221 [info] fatal: ref refs/remotes/origin/HEAD is not a symbolic ref
2024-10-14 17:10:27.211 [info] > git config --get commit.template [4ms]
2024-10-14 17:10:27.213 [info] > git for-each-ref --format=%(refname)%00%(upstream:short)%00%(objectname)%00%(upstream:track)%00%(upstream:remotename)%00%(upstream:remoteref) refs/heads/main refs/remotes/main [2ms]
2024-10-14 17:10:27.222 [info] > git status -z -uall [5ms]
2024-10-14 17:10:27.230 [info] > git for-each-ref --format=%(refname)%00%(upstream:short)%00%(objectname)%00%(upstream:track)%00%(upstream:remotename)%00%(upstream:remoteref) refs/heads/main refs/remotes/main [4ms]
2024-10-14 17:10:27.235 [info] > git config --local branch.main.vscode-merge-base [2ms]
2024-10-14 17:10:27.235 [warning] [Git][config] git config failed: Failed to execute git
2024-10-14 17:10:27.241 [info] > git reflog main --grep-reflog=branch: Created from *. [2ms]
2024-10-14 17:10:27.247 [info] > git symbolic-ref --short refs/remotes/origin/HEAD [2ms]
2024-10-14 17:10:27.247 [info] fatal: ref refs/remotes/origin/HEAD is not a symbolic ref
2024-10-14 17:10:32.252 [info] > git config --get commit.template [12ms]
2024-10-14 17:10:32.255 [info] > git for-each-ref --format=%(refname)%00%(upstream:short)%00%(objectname)%00%(upstream:track)%00%(upstream:remotename)%00%(upstream:remoteref) refs/heads/main refs/remotes/main [4ms]
2024-10-14 17:10:32.271 [info] > git status -z -uall [4ms]
2024-10-14 17:10:32.290 [info] > git for-each-ref --format=%(refname)%00%(upstream:short)%00%(objectname)%00%(upstream:track)%00%(upstream:remotename)%00%(upstream:remoteref) refs/heads/main refs/remotes/main [7ms]
2024-10-14 17:10:32.302 [info] > git config --local branch.main.vscode-merge-base [4ms]
2024-10-14 17:10:32.302 [warning] [Git][config] git config failed: Failed to execute git
2024-10-14 17:10:32.310 [info] > git reflog main --grep-reflog=branch: Created from *. [3ms]
2024-10-14 17:10:32.315 [info] > git symbolic-ref --short refs/remotes/origin/HEAD [1ms]
2024-10-14 17:10:32.315 [info] fatal: ref refs/remotes/origin/HEAD is not a symbolic ref
2024-10-14 17:10:55.642 [info] > git config --get commit.template [9ms]
2024-10-14 17:10:55.644 [info] > git for-each-ref --format=%(refname)%00%(upstream:short)%00%(objectname)%00%(upstream:track)%00%(upstream:remotename)%00%(upstream:remoteref) refs/heads/main refs/remotes/main [2ms]
2024-10-14 17:10:55.649 [info] > git status -z -uall [1ms]
2024-10-14 17:10:55.659 [info] > git for-each-ref --format=%(refname)%00%(upstream:short)%00%(objectname)%00%(upstream:track)%00%(upstream:remotename)%00%(upstream:remoteref) refs/heads/main refs/remotes/main [4ms]
2024-10-14 17:10:55.669 [info] > git config --local branch.main.vscode-merge-base [2ms]
2024-10-14 17:10:55.669 [warning] [Git][config] git config failed: Failed to execute git
2024-10-14 17:10:55.675 [info] > git reflog main --grep-reflog=branch: Created from *. [2ms]
2024-10-14 17:10:55.679 [info] > git symbolic-ref --short refs/remotes/origin/HEAD [1ms]
2024-10-14 17:10:55.679 [info] fatal: ref refs/remotes/origin/HEAD is not a symbolic ref
2024-10-14 17:11:03.910 [info] > git config --get commit.template [5ms]
2024-10-14 17:11:03.912 [info] > git for-each-ref --format=%(refname)%00%(upstream:short)%00%(objectname)%00%(upstream:track)%00%(upstream:remotename)%00%(upstream:remoteref) refs/heads/main refs/remotes/main [3ms]
2024-10-14 17:11:03.931 [info] > git status -z -uall [15ms]
2024-10-14 17:11:03.947 [info] > git for-each-ref --format=%(refname)%00%(upstream:short)%00%(objectname)%00%(upstream:track)%00%(upstream:remotename)%00%(upstream:remoteref) refs/heads/main refs/remotes/main [3ms]
2024-10-14 17:11:03.961 [info] > git config --local branch.main.vscode-merge-base [3ms]
2024-10-14 17:11:03.961 [warning] [Git][config] git config failed: Failed to execute git
2024-10-14 17:11:03.970 [info] > git reflog main --grep-reflog=branch: Created from *. [4ms]
2024-10-14 17:11:03.974 [info] > git symbolic-ref --short refs/remotes/origin/HEAD [1ms]
2024-10-14 17:11:03.974 [info] fatal: ref refs/remotes/origin/HEAD is not a symbolic ref
2024-10-14 17:11:08.971 [info] > git config --get commit.template [12ms]
2024-10-14 17:11:08.977 [info] > git for-each-ref --format=%(refname)%00%(upstream:short)%00%(objectname)%00%(upstream:track)%00%(upstream:remotename)%00%(upstream:remoteref) refs/heads/main refs/remotes/main [8ms]
2024-10-14 17:11:08.992 [info] > git status -z -uall [5ms]
2024-10-14 17:11:09.013 [info] > git for-each-ref --format=%(refname)%00%(upstream:short)%00%(objectname)%00%(upstream:track)%00%(upstream:remotename)%00%(upstream:remoteref) refs/heads/main refs/remotes/main [4ms]
2024-10-14 17:11:09.021 [info] > git config --local branch.main.vscode-merge-base [2ms]
2024-10-14 17:11:09.022 [warning] [Git][config] git config failed: Failed to execute git
2024-10-14 17:11:09.028 [info] > git reflog main --grep-reflog=branch: Created from *. [3ms]
2024-10-14 17:11:09.032 [info] > git symbolic-ref --short refs/remotes/origin/HEAD [1ms]
2024-10-14 17:11:09.032 [info] fatal: ref refs/remotes/origin/HEAD is not a symbolic ref
2024-10-14 17:11:15.224 [info] > git config --get commit.template [5ms]
2024-10-14 17:11:15.226 [info] > git for-each-ref --format=%(refname)%00%(upstream:short)%00%(objectname)%00%(upstream:track)%00%(upstream:remotename)%00%(upstream:remoteref) refs/heads/main refs/remotes/main [2ms]
2024-10-14 17:11:15.231 [info] > git status -z -uall [2ms]
2024-10-14 17:11:15.242 [info] > git for-each-ref --format=%(refname)%00%(upstream:short)%00%(objectname)%00%(upstream:track)%00%(upstream:remotename)%00%(upstream:remoteref) refs/heads/main refs/remotes/main [5ms]
2024-10-14 17:11:15.249 [info] > git config --local branch.main.vscode-merge-base [2ms]
2024-10-14 17:11:15.249 [warning] [Git][config] git config failed: Failed to execute git
2024-10-14 17:11:15.257 [info] > git reflog main --grep-reflog=branch: Created from *. [3ms]
2024-10-14 17:11:15.262 [info] > git symbolic-ref --short refs/remotes/origin/HEAD [2ms]
2024-10-14 17:11:15.262 [info] fatal: ref refs/remotes/origin/HEAD is not a symbolic ref
2024-10-14 17:11:20.255 [info] > git config --get commit.template [1ms]
2024-10-14 17:11:20.270 [info] > git for-each-ref --format=%(refname)%00%(upstream:short)%00%(objectname)%00%(upstream:track)%00%(upstream:remotename)%00%(upstream:remoteref) refs/heads/main refs/remotes/main [3ms]
2024-10-14 17:11:20.287 [info] > git status -z -uall [3ms]
2024-10-14 17:11:20.294 [info] > git for-each-ref --format=%(refname)%00%(upstream:short)%00%(objectname)%00%(upstream:track)%00%(upstream:remotename)%00%(upstream:remoteref) refs/heads/main refs/remotes/main [3ms]
2024-10-14 17:11:20.300 [info] > git config --local branch.main.vscode-merge-base [1ms]
2024-10-14 17:11:20.300 [warning] [Git][config] git config failed: Failed to execute git
2024-10-14 17:11:20.306 [info] > git reflog main --grep-reflog=branch: Created from *. [2ms]
2024-10-14 17:11:20.310 [info] > git symbolic-ref --short refs/remotes/origin/HEAD [1ms]
2024-10-14 17:11:20.310 [info] fatal: ref refs/remotes/origin/HEAD is not a symbolic ref
2024-10-14 17:11:25.321 [info] > git config --get commit.template [12ms]
2024-10-14 17:11:25.324 [info] > git for-each-ref --format=%(refname)%00%(upstream:short)%00%(objectname)%00%(upstream:track)%00%(upstream:remotename)%00%(upstream:remoteref) refs/heads/main refs/remotes/main [4ms]
2024-10-14 17:11:25.339 [info] > git status -z -uall [5ms]
2024-10-14 17:11:25.358 [info] > git for-each-ref --format=%(refname)%00%(upstream:short)%00%(objectname)%00%(upstream:track)%00%(upstream:remotename)%00%(upstream:remoteref) refs/heads/main refs/remotes/main [7ms]
2024-10-14 17:11:25.364 [info] > git config --local branch.main.vscode-merge-base [1ms]
2024-10-14 17:11:25.364 [warning] [Git][config] git config failed: Failed to execute git
2024-10-14 17:11:25.371 [info] > git reflog main --grep-reflog=branch: Created from *. [2ms]
2024-10-14 17:11:25.376 [info] > git symbolic-ref --short refs/remotes/origin/HEAD [1ms]
2024-10-14 17:11:25.376 [info] fatal: ref refs/remotes/origin/HEAD is not a symbolic ref
2024-10-14 17:11:31.278 [info] > git config --get commit.template [10ms]
2024-10-14 17:11:31.294 [info] > git for-each-ref --format=%(refname)%00%(upstream:short)%00%(objectname)%00%(upstream:track)%00%(upstream:remotename)%00%(upstream:remoteref) refs/heads/bibliografia refs/remotes/bibliografia [6ms]
2024-10-14 17:11:31.308 [info] > git status -z -uall [6ms]
2024-10-14 17:11:31.327 [info] > git for-each-ref --format=%(refname)%00%(upstream:short)%00%(objectname)%00%(upstream:track)%00%(upstream:remotename)%00%(upstream:remoteref) refs/heads/bibliografia refs/remotes/bibliografia [4ms]
2024-10-14 17:11:31.334 [info] > git config --local branch.bibliografia.vscode-merge-base [2ms]
2024-10-14 17:11:31.334 [warning] [Git][config] git config failed: Failed to execute git
2024-10-14 17:11:31.349 [info] > git reflog bibliografia --grep-reflog=branch: Created from *. [9ms]
2024-10-14 17:11:31.355 [info] > git for-each-ref --format=%(refname)%00%(upstream:short)%00%(objectname)%00%(upstream:track)%00%(upstream:remotename)%00%(upstream:remoteref) refs/heads/main refs/remotes/main [2ms]
2024-10-14 17:11:31.360 [info] > git for-each-ref --format=%(refname)%00%(upstream:short)%00%(objectname)%00%(upstream:track)%00%(upstream:remotename)%00%(upstream:remoteref) refs/remotes/origin/main [1ms]
2024-10-14 17:11:31.368 [info] > git config --local branch.bibliografia.vscode-merge-base origin/main [2ms]
2024-10-14 17:11:31.375 [info] > git config --get commit.template [3ms]
2024-10-14 17:11:31.377 [info] > git for-each-ref --format=%(refname)%00%(upstream:short)%00%(objectname)%00%(upstream:track)%00%(upstream:remotename)%00%(upstream:remoteref) refs/heads/bibliografia refs/remotes/bibliografia [2ms]
2024-10-14 17:11:31.382 [info] > git status -z -uall [1ms]
2024-10-14 17:11:31.393 [info] > git for-each-ref --format=%(refname)%00%(upstream:short)%00%(objectname)%00%(upstream:track)%00%(upstream:remotename)%00%(upstream:remoteref) refs/heads/bibliografia refs/remotes/bibliografia [6ms]
2024-10-14 17:11:31.399 [info] > git config --local branch.bibliografia.vscode-merge-base [2ms]
2024-10-14 17:11:31.404 [info] > git for-each-ref --format=%(refname)%00%(upstream:short)%00%(objectname)%00%(upstream:track)%00%(upstream:remotename)%00%(upstream:remoteref) refs/heads/origin/main refs/remotes/origin/main [2ms]
2024-10-14 17:11:32.524 [info] > git config --get commit.template [12ms]
2024-10-14 17:11:32.528 [info] > git for-each-ref --format=%(refname)%00%(upstream:short)%00%(objectname)%00%(upstream:track)%00%(upstream:remotename)%00%(upstream:remoteref) refs/heads/bibliografia refs/remotes/bibliografia [5ms]
2024-10-14 17:11:32.535 [info] > git status -z -uall [2ms]
2024-10-14 17:11:32.546 [info] > git for-each-ref --format=%(refname)%00%(upstream:short)%00%(objectname)%00%(upstream:track)%00%(upstream:remotename)%00%(upstream:remoteref) refs/heads/bibliografia refs/remotes/bibliografia [5ms]
2024-10-14 17:11:32.554 [info] > git config --local branch.bibliografia.vscode-merge-base [3ms]
2024-10-14 17:11:32.562 [info] > git for-each-ref --format=%(refname)%00%(upstream:short)%00%(objectname)%00%(upstream:track)%00%(upstream:remotename)%00%(upstream:remoteref) refs/heads/origin/main refs/remotes/origin/main [2ms]
2024-10-14 17:11:32.609 [info] > git ls-files --stage -- /home/pro/Escritorio/libro/ejercicio-git-libro/README.md [3ms]
2024-10-14 17:11:32.616 [info] > git cat-file -s 31ecbbf1d835bfe5db6e7300b776fe226cbfddb4 [2ms]
2024-10-14 17:11:32.626 [info] > git show --textconv :README.md [2ms]
2024-10-14 17:11:40.939 [info] > git config --get commit.template [11ms]
2024-10-14 17:11:40.941 [info] > git for-each-ref --format=%(refname)%00%(upstream:short)%00%(objectname)%00%(upstream:track)%00%(upstream:remotename)%00%(upstream:remoteref) refs/heads/bibliografia refs/remotes/bibliografia [4ms]
2024-10-14 17:11:40.955 [info] > git status -z -uall [5ms]
2024-10-14 17:11:40.973 [info] > git for-each-ref --format=%(refname)%00%(upstream:short)%00%(objectname)%00%(upstream:track)%00%(upstream:remotename)%00%(upstream:remoteref) refs/heads/bibliografia refs/remotes/bibliografia [7ms]
2024-10-14 17:11:40.982 [info] > git config --local branch.bibliografia.vscode-merge-base [2ms]
2024-10-14 17:11:40.989 [info] > git for-each-ref --format=%(refname)%00%(upstream:short)%00%(objectname)%00%(upstream:track)%00%(upstream:remotename)%00%(upstream:remoteref) refs/heads/origin/main refs/remotes/origin/main [2ms]
2024-10-14 17:11:55.371 [info] > git config --get commit.template [4ms]
2024-10-14 17:11:55.372 [info] > git for-each-ref --format=%(refname)%00%(upstream:short)%00%(objectname)%00%(upstream:track)%00%(upstream:remotename)%00%(upstream:remoteref) refs/heads/bibliografia refs/remotes/bibliografia [1ms]
2024-10-14 17:11:55.376 [info] > git status -z -uall [1ms]
2024-10-14 17:11:55.384 [info] > git for-each-ref --format=%(refname)%00%(upstream:short)%00%(objectname)%00%(upstream:track)%00%(upstream:remotename)%00%(upstream:remoteref) refs/heads/bibliografia refs/remotes/bibliografia [3ms]
2024-10-14 17:11:55.389 [info] > git config --local branch.bibliografia.vscode-merge-base [1ms]
2024-10-14 17:11:55.393 [info] > git for-each-ref --format=%(refname)%00%(upstream:short)%00%(objectname)%00%(upstream:track)%00%(upstream:remotename)%00%(upstream:remoteref) refs/heads/origin/main refs/remotes/origin/main [1ms]
2024-10-14 17:12:00.403 [info] > git config --get commit.template [9ms]
2024-10-14 17:12:00.404 [info] > git for-each-ref --format=%(refname)%00%(upstream:short)%00%(objectname)%00%(upstream:track)%00%(upstream:remotename)%00%(upstream:remoteref) refs/heads/bibliografia refs/remotes/bibliografia [2ms]
2024-10-14 17:12:00.412 [info] > git status -z -uall [1ms]
2024-10-14 17:12:00.426 [info] > git for-each-ref --format=%(refname)%00%(upstream:short)%00%(objectname)%00%(upstream:track)%00%(upstream:remotename)%00%(upstream:remoteref) refs/heads/bibliografia refs/remotes/bibliografia [3ms]
2024-10-14 17:12:00.431 [info] > git config --local branch.bibliografia.vscode-merge-base [1ms]
2024-10-14 17:12:00.438 [info] > git for-each-ref --format=%(refname)%00%(upstream:short)%00%(objectname)%00%(upstream:track)%00%(upstream:remotename)%00%(upstream:remoteref) refs/heads/origin/main refs/remotes/origin/main [2ms]
2024-10-14 17:12:05.450 [info] > git config --get commit.template [13ms]
2024-10-14 17:12:05.453 [info] > git for-each-ref --format=%(refname)%00%(upstream:short)%00%(objectname)%00%(upstream:track)%00%(upstream:remotename)%00%(upstream:remoteref) refs/heads/bibliografia refs/remotes/bibliografia [4ms]
2024-10-14 17:12:05.467 [info] > git status -z -uall [5ms]
2024-10-14 17:12:05.481 [info] > git for-each-ref --format=%(refname)%00%(upstream:short)%00%(objectname)%00%(upstream:track)%00%(upstream:remotename)%00%(upstream:remoteref) refs/heads/bibliografia refs/remotes/bibliografia [3ms]
2024-10-14 17:12:05.487 [info] > git config --local branch.bibliografia.vscode-merge-base [1ms]
2024-10-14 17:12:05.493 [info] > git for-each-ref --format=%(refname)%00%(upstream:short)%00%(objectname)%00%(upstream:track)%00%(upstream:remotename)%00%(upstream:remoteref) refs/heads/origin/main refs/remotes/origin/main [3ms]
2024-10-14 17:12:11.039 [info] > git config --get commit.template [25ms]
2024-10-14 17:12:11.053 [info] > git for-each-ref --format=%(refname)%00%(upstream:short)%00%(objectname)%00%(upstream:track)%00%(upstream:remotename)%00%(upstream:remoteref) refs/heads/bibliografia refs/remotes/bibliografia [15ms]
2024-10-14 17:12:11.059 [info] > git status -z -uall [3ms]
2024-10-14 17:12:11.068 [info] > git for-each-ref --format=%(refname)%00%(upstream:short)%00%(objectname)%00%(upstream:track)%00%(upstream:remotename)%00%(upstream:remoteref) refs/heads/bibliografia refs/remotes/bibliografia [5ms]
2024-10-14 17:12:11.087 [info] > git config --local branch.bibliografia.vscode-merge-base [3ms]
2024-10-14 17:12:11.102 [info] > git for-each-ref --format=%(refname)%00%(upstream:short)%00%(objectname)%00%(upstream:track)%00%(upstream:remotename)%00%(upstream:remoteref) refs/heads/origin/main refs/remotes/origin/main [2ms]
2024-10-14 17:12:17.798 [info] > git config --get commit.template [7ms]
2024-10-14 17:12:17.800 [info] > git for-each-ref --format=%(refname)%00%(upstream:short)%00%(objectname)%00%(upstream:track)%00%(upstream:remotename)%00%(upstream:remoteref) refs/heads/bibliografia refs/remotes/bibliografia [3ms]
2024-10-14 17:12:17.807 [info] > git status -z -uall [3ms]
2024-10-14 17:12:17.815 [info] > git for-each-ref --format=%(refname)%00%(upstream:short)%00%(objectname)%00%(upstream:track)%00%(upstream:remotename)%00%(upstream:remoteref) refs/heads/bibliografia refs/remotes/bibliografia [3ms]
2024-10-14 17:12:17.821 [info] > git config --local branch.bibliografia.vscode-merge-base [2ms]
2024-10-14 17:12:17.829 [info] > git for-each-ref --format=%(refname)%00%(upstream:short)%00%(objectname)%00%(upstream:track)%00%(upstream:remotename)%00%(upstream:remoteref) refs/heads/origin/main refs/remotes/origin/main [1ms]
2024-10-14 17:12:36.283 [info] > git config --get commit.template [5ms]
2024-10-14 17:12:36.284 [info] > git for-each-ref --format=%(refname)%00%(upstream:short)%00%(objectname)%00%(upstream:track)%00%(upstream:remotename)%00%(upstream:remoteref) refs/heads/bibliografia refs/remotes/bibliografia [2ms]
2024-10-14 17:12:36.292 [info] > git status -z -uall [5ms]
2024-10-14 17:12:36.299 [info] > git for-each-ref --format=%(refname)%00%(upstream:short)%00%(objectname)%00%(upstream:track)%00%(upstream:remotename)%00%(upstream:remoteref) refs/heads/bibliografia refs/remotes/bibliografia [3ms]
2024-10-14 17:12:36.305 [info] > git config --local branch.bibliografia.vscode-merge-base [2ms]
2024-10-14 17:12:36.312 [info] > git for-each-ref --format=%(refname)%00%(upstream:short)%00%(objectname)%00%(upstream:track)%00%(upstream:remotename)%00%(upstream:remoteref) refs/heads/origin/main refs/remotes/origin/main [1ms]
2024-10-14 17:12:48.401 [info] > git config --get commit.template [6ms]
2024-10-14 17:12:48.402 [info] > git for-each-ref --format=%(refname)%00%(upstream:short)%00%(objectname)%00%(upstream:track)%00%(upstream:remotename)%00%(upstream:remoteref) refs/heads/bibliografia refs/remotes/bibliografia [1ms]
2024-10-14 17:12:48.412 [info] > git status -z -uall [3ms]
2024-10-14 17:12:48.421 [info] > git for-each-ref --format=%(refname)%00%(upstream:short)%00%(objectname)%00%(upstream:track)%00%(upstream:remotename)%00%(upstream:remoteref) refs/heads/bibliografia refs/remotes/bibliografia [3ms]
2024-10-14 17:12:48.433 [info] > git config --local branch.bibliografia.vscode-merge-base [1ms]
2024-10-14 17:12:48.444 [info] > git for-each-ref --format=%(refname)%00%(upstream:short)%00%(objectname)%00%(upstream:track)%00%(upstream:remotename)%00%(upstream:remoteref) refs/heads/origin/main refs/remotes/origin/main [6ms]
2024-10-14 17:12:53.445 [info] > git config --get commit.template [12ms]
2024-10-14 17:12:53.448 [info] > git for-each-ref --format=%(refname)%00%(upstream:short)%00%(objectname)%00%(upstream:track)%00%(upstream:remotename)%00%(upstream:remoteref) refs/heads/bibliografia refs/remotes/bibliografia [4ms]
2024-10-14 17:12:53.464 [info] > git status -z -uall [6ms]
2024-10-14 17:12:53.476 [info] > git for-each-ref --format=%(refname)%00%(upstream:short)%00%(objectname)%00%(upstream:track)%00%(upstream:remotename)%00%(upstream:remoteref) refs/heads/bibliografia refs/remotes/bibliografia [5ms]
2024-10-14 17:12:53.483 [info] > git config --local branch.bibliografia.vscode-merge-base [2ms]
2024-10-14 17:12:53.489 [info] > git for-each-ref --format=%(refname)%00%(upstream:short)%00%(objectname)%00%(upstream:track)%00%(upstream:remotename)%00%(upstream:remoteref) refs/heads/origin/main refs/remotes/origin/main [2ms]
2024-10-14 17:13:03.991 [info] > git config --get commit.template [12ms]
2024-10-14 17:13:03.994 [info] > git for-each-ref --format=%(refname)%00%(upstream:short)%00%(objectname)%00%(upstream:track)%00%(upstream:remotename)%00%(upstream:remoteref) refs/heads/bibliografia refs/remotes/bibliografia [4ms]
2024-10-14 17:13:04.008 [info] > git status -z -uall [4ms]
2024-10-14 17:13:04.021 [info] > git for-each-ref --format=%(refname)%00%(upstream:short)%00%(objectname)%00%(upstream:track)%00%(upstream:remotename)%00%(upstream:remoteref) refs/heads/bibliografia refs/remotes/bibliografia [6ms]
2024-10-14 17:13:04.029 [info] > git config --local branch.bibliografia.vscode-merge-base [1ms]
2024-10-14 17:13:04.034 [info] > git for-each-ref --format=%(refname)%00%(upstream:short)%00%(objectname)%00%(upstream:track)%00%(upstream:remotename)%00%(upstream:remoteref) refs/heads/origin/main refs/remotes/origin/main [1ms]
2024-10-14 17:13:09.030 [info] > git config --get commit.template [5ms]
2024-10-14 17:13:09.032 [info] > git for-each-ref --format=%(refname)%00%(upstream:short)%00%(objectname)%00%(upstream:track)%00%(upstream:remotename)%00%(upstream:remoteref) refs/heads/bibliografia refs/remotes/bibliografia [3ms]
2024-10-14 17:13:09.037 [info] > git status -z -uall [2ms]
2024-10-14 17:13:09.047 [info] > git for-each-ref --format=%(refname)%00%(upstream:short)%00%(objectname)%00%(upstream:track)%00%(upstream:remotename)%00%(upstream:remoteref) refs/heads/bibliografia refs/remotes/bibliografia [3ms]
2024-10-14 17:13:09.052 [info] > git config --local branch.bibliografia.vscode-merge-base [1ms]
2024-10-14 17:13:09.061 [info] > git for-each-ref --format=%(refname)%00%(upstream:short)%00%(objectname)%00%(upstream:track)%00%(upstream:remotename)%00%(upstream:remoteref) refs/heads/origin/main refs/remotes/origin/main [2ms]
2024-10-14 17:13:19.277 [info] > git config --get commit.template [12ms]
2024-10-14 17:13:19.280 [info] > git for-each-ref --format=%(refname)%00%(upstream:short)%00%(objectname)%00%(upstream:track)%00%(upstream:remotename)%00%(upstream:remoteref) refs/heads/bibliografia refs/remotes/bibliografia [4ms]
2024-10-14 17:13:19.295 [info] > git status -z -uall [5ms]
2024-10-14 17:13:19.313 [info] > git for-each-ref --format=%(refname)%00%(upstream:short)%00%(objectname)%00%(upstream:track)%00%(upstream:remotename)%00%(upstream:remoteref) refs/heads/bibliografia refs/remotes/bibliografia [8ms]
2024-10-14 17:13:19.321 [info] > git config --local branch.bibliografia.vscode-merge-base [2ms]
2024-10-14 17:13:19.328 [info] > git for-each-ref --format=%(refname)%00%(upstream:short)%00%(objectname)%00%(upstream:track)%00%(upstream:remotename)%00%(upstream:remoteref) refs/heads/origin/main refs/remotes/origin/main [2ms]
2024-10-14 17:13:25.173 [info] > git config --get commit.template [4ms]
2024-10-14 17:13:25.175 [info] > git for-each-ref --format=%(refname)%00%(upstream:short)%00%(objectname)%00%(upstream:track)%00%(upstream:remotename)%00%(upstream:remoteref) refs/heads/bibliografia refs/remotes/bibliografia [2ms]
2024-10-14 17:13:25.180 [info] > git status -z -uall [2ms]
2024-10-14 17:13:25.187 [info] > git for-each-ref --format=%(refname)%00%(upstream:short)%00%(objectname)%00%(upstream:track)%00%(upstream:remotename)%00%(upstream:remoteref) refs/heads/bibliografia refs/remotes/bibliografia [3ms]
2024-10-14 17:13:25.194 [info] > git config --local branch.bibliografia.vscode-merge-base [2ms]
2024-10-14 17:13:25.200 [info] > git for-each-ref --format=%(refname)%00%(upstream:short)%00%(objectname)%00%(upstream:track)%00%(upstream:remotename)%00%(upstream:remoteref) refs/heads/origin/main refs/remotes/origin/main [3ms]
2024-10-14 17:13:30.212 [info] > git config --get commit.template [9ms]
2024-10-14 17:13:30.216 [info] > git for-each-ref --format=%(refname)%00%(upstream:short)%00%(objectname)%00%(upstream:track)%00%(upstream:remotename)%00%(upstream:remoteref) refs/heads/bibliografia refs/remotes/bibliografia [5ms]
2024-10-14 17:13:30.223 [info] > git status -z -uall [3ms]
2024-10-14 17:13:30.237 [info] > git for-each-ref --format=%(refname)%00%(upstream:short)%00%(objectname)%00%(upstream:track)%00%(upstream:remotename)%00%(upstream:remoteref) refs/heads/bibliografia refs/remotes/bibliografia [9ms]
2024-10-14 17:13:30.254 [info] > git config --local branch.bibliografia.vscode-merge-base [9ms]
2024-10-14 17:13:30.271 [info] > git for-each-ref --format=%(refname)%00%(upstream:short)%00%(objectname)%00%(upstream:track)%00%(upstream:remotename)%00%(upstream:remoteref) refs/heads/origin/main refs/remotes/origin/main [5ms]
2024-10-14 17:13:39.388 [info] > git config --get commit.template [13ms]
2024-10-14 17:13:39.391 [info] > git for-each-ref --format=%(refname)%00%(upstream:short)%00%(objectname)%00%(upstream:track)%00%(upstream:remotename)%00%(upstream:remoteref) refs/heads/bibliografia refs/remotes/bibliografia [4ms]
2024-10-14 17:13:39.406 [info] > git status -z -uall [5ms]
2024-10-14 17:13:39.428 [info] > git for-each-ref --format=%(refname)%00%(upstream:short)%00%(objectname)%00%(upstream:track)%00%(upstream:remotename)%00%(upstream:remoteref) refs/heads/bibliografia refs/remotes/bibliografia [11ms]
2024-10-14 17:13:39.436 [info] > git config --local branch.bibliografia.vscode-merge-base [2ms]
2024-10-14 17:13:39.442 [info] > git for-each-ref --format=%(refname)%00%(upstream:short)%00%(objectname)%00%(upstream:track)%00%(upstream:remotename)%00%(upstream:remoteref) refs/heads/origin/main refs/remotes/origin/main [1ms]
2024-10-14 17:13:49.308 [info] > git for-each-ref --format=%(refname)%00%(upstream:short)%00%(objectname)%00%(upstream:track)%00%(upstream:remotename)%00%(upstream:remoteref) refs/heads/bibliografia refs/remotes/bibliografia [13ms]
2024-10-14 17:13:49.309 [info] > git config --get commit.template [31ms]
2024-10-14 17:13:49.320 [info] > git status -z -uall [2ms]
2024-10-14 17:13:49.333 [info] > git for-each-ref --format=%(refname)%00%(upstream:short)%00%(objectname)%00%(upstream:track)%00%(upstream:remotename)%00%(upstream:remoteref) refs/heads/bibliografia refs/remotes/bibliografia [9ms]
2024-10-14 17:13:49.339 [info] > git config --local branch.bibliografia.vscode-merge-base [1ms]
2024-10-14 17:13:49.346 [info] > git for-each-ref --format=%(refname)%00%(upstream:short)%00%(objectname)%00%(upstream:track)%00%(upstream:remotename)%00%(upstream:remoteref) refs/heads/origin/main refs/remotes/origin/main [2ms]
2024-10-14 17:13:54.359 [info] > git config --get commit.template [13ms]
2024-10-14 17:13:54.362 [info] > git for-each-ref --format=%(refname)%00%(upstream:short)%00%(objectname)%00%(upstream:track)%00%(upstream:remotename)%00%(upstream:remoteref) refs/heads/bibliografia refs/remotes/bibliografia [4ms]
2024-10-14 17:13:54.377 [info] > git status -z -uall [5ms]
2024-10-14 17:13:54.392 [info] > git for-each-ref --format=%(refname)%00%(upstream:short)%00%(objectname)%00%(upstream:track)%00%(upstream:remotename)%00%(upstream:remoteref) refs/heads/bibliografia refs/remotes/bibliografia [7ms]
2024-10-14 17:13:54.400 [info] > git config --local branch.bibliografia.vscode-merge-base [1ms]
2024-10-14 17:13:54.408 [info] > git for-each-ref --format=%(refname)%00%(upstream:short)%00%(objectname)%00%(upstream:track)%00%(upstream:remotename)%00%(upstream:remoteref) refs/heads/origin/main refs/remotes/origin/main [1ms]
2024-10-14 17:14:27.183 [info] > git config --get commit.template [12ms]
2024-10-14 17:14:27.184 [info] > git for-each-ref --format=%(refname)%00%(upstream:short)%00%(objectname)%00%(upstream:track)%00%(upstream:remotename)%00%(upstream:remoteref) refs/heads/main refs/remotes/main [1ms]
2024-10-14 17:14:27.192 [info] > git status -z -uall [4ms]
2024-10-14 17:14:27.206 [info] > git for-each-ref --format=%(refname)%00%(upstream:short)%00%(objectname)%00%(upstream:track)%00%(upstream:remotename)%00%(upstream:remoteref) refs/heads/main refs/remotes/main [5ms]
2024-10-14 17:14:27.216 [info] > git config --local branch.main.vscode-merge-base [4ms]
2024-10-14 17:14:27.216 [warning] [Git][config] git config failed: Failed to execute git
2024-10-14 17:14:27.222 [info] > git reflog main --grep-reflog=branch: Created from *. [2ms]
2024-10-14 17:14:27.230 [info] > git symbolic-ref --short refs/remotes/origin/HEAD [5ms]
2024-10-14 17:14:27.230 [info] fatal: ref refs/remotes/origin/HEAD is not a symbolic ref
2024-10-14 17:14:27.237 [info] > git merge-base refs/heads/main refs/remotes/origin/main [1ms]
2024-10-14 17:14:27.242 [info] > git rev-list --count --left-right refs/heads/main...refs/remotes/origin/main [1ms]
2024-10-14 17:14:27.247 [info] > git diff --name-status -z --diff-filter=ADMR 2b09558d4c4ce19c27342baa63c3cde3b4392741...refs/remotes/origin/main [1ms]
2024-10-14 17:14:28.315 [info] > git ls-files --stage -- /home/pro/Escritorio/libro/ejercicio-git-libro/README.md [7ms]
2024-10-14 17:14:28.326 [info] > git cat-file -s 31ecbbf1d835bfe5db6e7300b776fe226cbfddb4 [2ms]
2024-10-14 17:14:28.337 [info] > git show --textconv :README.md [4ms]
2024-10-14 17:14:37.167 [info] > git config --get commit.template [4ms]
2024-10-14 17:14:37.168 [info] > git for-each-ref --format=%(refname)%00%(upstream:short)%00%(objectname)%00%(upstream:track)%00%(upstream:remotename)%00%(upstream:remoteref) refs/heads/main refs/remotes/main [2ms]
2024-10-14 17:14:37.174 [info] > git status -z -uall [1ms]
2024-10-14 17:14:37.183 [info] > git for-each-ref --format=%(refname)%00%(upstream:short)%00%(objectname)%00%(upstream:track)%00%(upstream:remotename)%00%(upstream:remoteref) refs/heads/main refs/remotes/main [4ms]
2024-10-14 17:14:37.189 [info] > git config --local branch.main.vscode-merge-base [2ms]
2024-10-14 17:14:37.189 [warning] [Git][config] git config failed: Failed to execute git
2024-10-14 17:14:37.194 [info] > git reflog main --grep-reflog=branch: Created from *. [1ms]
2024-10-14 17:14:37.198 [info] > git symbolic-ref --short refs/remotes/origin/HEAD [1ms]
2024-10-14 17:14:37.198 [info] fatal: ref refs/remotes/origin/HEAD is not a symbolic ref
2024-10-14 17:14:42.202 [info] > git config --get commit.template [8ms]
2024-10-14 17:14:42.204 [info] > git for-each-ref --format=%(refname)%00%(upstream:short)%00%(objectname)%00%(upstream:track)%00%(upstream:remotename)%00%(upstream:remoteref) refs/heads/main refs/remotes/main [3ms]
2024-10-14 17:14:42.215 [info] > git status -z -uall [3ms]
2024-10-14 17:14:42.223 [info] > git for-each-ref --format=%(refname)%00%(upstream:short)%00%(objectname)%00%(upstream:track)%00%(upstream:remotename)%00%(upstream:remoteref) refs/heads/main refs/remotes/main [4ms]
2024-10-14 17:14:42.229 [info] > git config --local branch.main.vscode-merge-base [2ms]
2024-10-14 17:14:42.229 [warning] [Git][config] git config failed: Failed to execute git
2024-10-14 17:14:42.237 [info] > git reflog main --grep-reflog=branch: Created from *. [4ms]
2024-10-14 17:14:42.242 [info] > git symbolic-ref --short refs/remotes/origin/HEAD [1ms]
2024-10-14 17:14:42.242 [info] fatal: ref refs/remotes/origin/HEAD is not a symbolic ref
2024-10-14 17:14:47.246 [info] > git config --get commit.template [12ms]
2024-10-14 17:14:47.248 [info] > git for-each-ref --format=%(refname)%00%(upstream:short)%00%(objectname)%00%(upstream:track)%00%(upstream:remotename)%00%(upstream:remoteref) refs/heads/main refs/remotes/main [4ms]
2024-10-14 17:14:47.265 [info] > git status -z -uall [5ms]
2024-10-14 17:14:47.284 [info] > git for-each-ref --format=%(refname)%00%(upstream:short)%00%(objectname)%00%(upstream:track)%00%(upstream:remotename)%00%(upstream:remoteref) refs/heads/main refs/remotes/main [7ms]
2024-10-14 17:14:47.292 [info] > git config --local branch.main.vscode-merge-base [2ms]
2024-10-14 17:14:47.292 [warning] [Git][config] git config failed: Failed to execute git
2024-10-14 17:14:47.299 [info] > git reflog main --grep-reflog=branch: Created from *. [3ms]
2024-10-14 17:14:47.304 [info] > git symbolic-ref --short refs/remotes/origin/HEAD [1ms]
2024-10-14 17:14:47.304 [info] fatal: ref refs/remotes/origin/HEAD is not a symbolic ref
2024-10-14 17:14:53.881 [info] > git config --get commit.template [11ms]
2024-10-14 17:14:53.884 [info] > git for-each-ref --format=%(refname)%00%(upstream:short)%00%(objectname)%00%(upstream:track)%00%(upstream:remotename)%00%(upstream:remoteref) refs/heads/main refs/remotes/main [3ms]
2024-10-14 17:14:53.907 [info] > git status -z -uall [14ms]
2024-10-14 17:14:53.932 [info] > git for-each-ref --format=%(refname)%00%(upstream:short)%00%(objectname)%00%(upstream:track)%00%(upstream:remotename)%00%(upstream:remoteref) refs/heads/main refs/remotes/main [7ms]
2024-10-14 17:14:53.938 [info] > git config --local branch.main.vscode-merge-base [1ms]
2024-10-14 17:14:53.939 [warning] [Git][config] git config failed: Failed to execute git
2024-10-14 17:14:53.944 [info] > git reflog main --grep-reflog=branch: Created from *. [2ms]
2024-10-14 17:14:53.949 [info] > git symbolic-ref --short refs/remotes/origin/HEAD [2ms]
2024-10-14 17:14:53.949 [info] fatal: ref refs/remotes/origin/HEAD is not a symbolic ref
2024-10-14 17:14:58.965 [info] > git config --get commit.template [22ms]
2024-10-14 17:14:58.970 [info] > git for-each-ref --format=%(refname)%00%(upstream:short)%00%(objectname)%00%(upstream:track)%00%(upstream:remotename)%00%(upstream:remoteref) refs/heads/main refs/remotes/main [14ms]
2024-10-14 17:14:58.979 [info] > git status -z -uall [3ms]
2024-10-14 17:14:58.989 [info] > git for-each-ref --format=%(refname)%00%(upstream:short)%00%(objectname)%00%(upstream:track)%00%(upstream:remotename)%00%(upstream:remoteref) refs/heads/main refs/remotes/main [4ms]
2024-10-14 17:14:58.995 [info] > git config --local branch.main.vscode-merge-base [2ms]
2024-10-14 17:14:58.995 [warning] [Git][config] git config failed: Failed to execute git
2024-10-14 17:14:59.002 [info] > git reflog main --grep-reflog=branch: Created from *. [3ms]
2024-10-14 17:14:59.006 [info] > git symbolic-ref --short refs/remotes/origin/HEAD [1ms]
2024-10-14 17:14:59.006 [info] fatal: ref refs/remotes/origin/HEAD is not a symbolic ref
2024-10-14 17:15:04.012 [info] > git config --get commit.template [12ms]
2024-10-14 17:15:04.015 [info] > git for-each-ref --format=%(refname)%00%(upstream:short)%00%(objectname)%00%(upstream:track)%00%(upstream:remotename)%00%(upstream:remoteref) refs/heads/main refs/remotes/main [4ms]
2024-10-14 17:15:04.031 [info] > git status -z -uall [5ms]
2024-10-14 17:15:04.054 [info] > git for-each-ref --format=%(refname)%00%(upstream:short)%00%(objectname)%00%(upstream:track)%00%(upstream:remotename)%00%(upstream:remoteref) refs/heads/main refs/remotes/main [10ms]
2024-10-14 17:15:04.062 [info] > git config --local branch.main.vscode-merge-base [1ms]
2024-10-14 17:15:04.062 [warning] [Git][config] git config failed: Failed to execute git
2024-10-14 17:15:04.070 [info] > git reflog main --grep-reflog=branch: Created from *. [3ms]
2024-10-14 17:15:04.076 [info] > git symbolic-ref --short refs/remotes/origin/HEAD [2ms]
2024-10-14 17:15:04.076 [info] fatal: ref refs/remotes/origin/HEAD is not a symbolic ref
2024-10-14 17:16:23.486 [info] > git config --get commit.template [5ms]
2024-10-14 17:16:23.488 [info] > git for-each-ref --format=%(refname)%00%(upstream:short)%00%(objectname)%00%(upstream:track)%00%(upstream:remotename)%00%(upstream:remoteref) refs/heads/main refs/remotes/main [2ms]
2024-10-14 17:16:23.494 [info] > git status -z -uall [2ms]
2024-10-14 17:16:23.505 [info] > git for-each-ref --format=%(refname)%00%(upstream:short)%00%(objectname)%00%(upstream:track)%00%(upstream:remotename)%00%(upstream:remoteref) refs/heads/main refs/remotes/main [2ms]
2024-10-14 17:16:23.512 [info] > git config --local branch.main.vscode-merge-base [3ms]
2024-10-14 17:16:23.512 [warning] [Git][config] git config failed: Failed to execute git
2024-10-14 17:16:23.518 [info] > git reflog main --grep-reflog=branch: Created from *. [3ms]
2024-10-14 17:16:23.523 [info] > git symbolic-ref --short refs/remotes/origin/HEAD [1ms]
2024-10-14 17:16:23.523 [info] fatal: ref refs/remotes/origin/HEAD is not a symbolic ref
2024-10-14 17:16:33.144 [info] > git config --get commit.template [4ms]
2024-10-14 17:16:33.146 [info] > git for-each-ref --format=%(refname)%00%(upstream:short)%00%(objectname)%00%(upstream:track)%00%(upstream:remotename)%00%(upstream:remoteref) refs/heads/main refs/remotes/main [2ms]
2024-10-14 17:16:33.153 [info] > git status -z -uall [2ms]
2024-10-14 17:16:33.161 [info] > git for-each-ref --format=%(refname)%00%(upstream:short)%00%(objectname)%00%(upstream:track)%00%(upstream:remotename)%00%(upstream:remoteref) refs/heads/main refs/remotes/main [1ms]
2024-10-14 17:16:33.167 [info] > git config --local branch.main.vscode-merge-base [2ms]
2024-10-14 17:16:33.167 [warning] [Git][config] git config failed: Failed to execute git
2024-10-14 17:16:33.172 [info] > git reflog main --grep-reflog=branch: Created from *. [2ms]
2024-10-14 17:16:33.176 [info] > git symbolic-ref --short refs/remotes/origin/HEAD [1ms]
2024-10-14 17:16:33.176 [info] fatal: ref refs/remotes/origin/HEAD is not a symbolic ref
2024-10-14 17:16:43.039 [info] > git config --get commit.template [11ms]
2024-10-14 17:16:43.045 [info] > git for-each-ref --format=%(refname)%00%(upstream:short)%00%(objectname)%00%(upstream:track)%00%(upstream:remotename)%00%(upstream:remoteref) refs/heads/main refs/remotes/main [7ms]
2024-10-14 17:16:43.056 [info] > git status -z -uall [4ms]
2024-10-14 17:16:43.067 [info] > git for-each-ref --format=%(refname)%00%(upstream:short)%00%(objectname)%00%(upstream:track)%00%(upstream:remotename)%00%(upstream:remoteref) refs/heads/main refs/remotes/main [6ms]
2024-10-14 17:16:43.073 [info] > git config --local branch.main.vscode-merge-base [2ms]
2024-10-14 17:16:43.073 [warning] [Git][config] git config failed: Failed to execute git
2024-10-14 17:16:43.082 [info] > git reflog main --grep-reflog=branch: Created from *. [5ms]
2024-10-14 17:16:43.086 [info] > git symbolic-ref --short refs/remotes/origin/HEAD [1ms]
2024-10-14 17:16:43.086 [info] fatal: ref refs/remotes/origin/HEAD is not a symbolic ref
2024-10-14 17:16:48.089 [info] > git config --get commit.template [13ms]
2024-10-14 17:16:48.095 [info] > git for-each-ref --format=%(refname)%00%(upstream:short)%00%(objectname)%00%(upstream:track)%00%(upstream:remotename)%00%(upstream:remoteref) refs/heads/main refs/remotes/main [7ms]
2024-10-14 17:16:48.107 [info] > git status -z -uall [4ms]
2024-10-14 17:16:48.126 [info] > git for-each-ref --format=%(refname)%00%(upstream:short)%00%(objectname)%00%(upstream:track)%00%(upstream:remotename)%00%(upstream:remoteref) refs/heads/main refs/remotes/main [9ms]
2024-10-14 17:16:48.136 [info] > git config --local branch.main.vscode-merge-base [4ms]
2024-10-14 17:16:48.136 [warning] [Git][config] git config failed: Failed to execute git
2024-10-14 17:16:48.143 [info] > git reflog main --grep-reflog=branch: Created from *. [3ms]
2024-10-14 17:16:48.148 [info] > git symbolic-ref --short refs/remotes/origin/HEAD [1ms]
2024-10-14 17:16:48.148 [info] fatal: ref refs/remotes/origin/HEAD is not a symbolic ref
2024-10-14 17:16:57.731 [info] > git config --get commit.template [4ms]
2024-10-14 17:16:57.733 [info] > git for-each-ref --format=%(refname)%00%(upstream:short)%00%(objectname)%00%(upstream:track)%00%(upstream:remotename)%00%(upstream:remoteref) refs/heads/main refs/remotes/main [2ms]
2024-10-14 17:16:57.739 [info] > git status -z -uall [2ms]
2024-10-14 17:16:57.748 [info] > git for-each-ref --format=%(refname)%00%(upstream:short)%00%(objectname)%00%(upstream:track)%00%(upstream:remotename)%00%(upstream:remoteref) refs/heads/main refs/remotes/main [4ms]
2024-10-14 17:16:57.754 [info] > git config --local branch.main.vscode-merge-base [2ms]
2024-10-14 17:16:57.754 [warning] [Git][config] git config failed: Failed to execute git
2024-10-14 17:16:57.759 [info] > git reflog main --grep-reflog=branch: Created from *. [2ms]
2024-10-14 17:16:57.764 [info] > git symbolic-ref --short refs/remotes/origin/HEAD [1ms]
2024-10-14 17:16:57.764 [info] fatal: ref refs/remotes/origin/HEAD is not a symbolic ref
2024-10-14 17:17:02.774 [info] > git config --get commit.template [15ms]
2024-10-14 17:17:02.776 [info] > git for-each-ref --format=%(refname)%00%(upstream:short)%00%(objectname)%00%(upstream:track)%00%(upstream:remotename)%00%(upstream:remoteref) refs/heads/main refs/remotes/main [4ms]
2024-10-14 17:17:02.793 [info] > git status -z -uall [6ms]
2024-10-14 17:17:02.811 [info] > git for-each-ref --format=%(refname)%00%(upstream:short)%00%(objectname)%00%(upstream:track)%00%(upstream:remotename)%00%(upstream:remoteref) refs/heads/main refs/remotes/main [4ms]
2024-10-14 17:17:02.821 [info] > git config --local branch.main.vscode-merge-base [3ms]
2024-10-14 17:17:02.821 [warning] [Git][config] git config failed: Failed to execute git
2024-10-14 17:17:02.829 [info] > git reflog main --grep-reflog=branch: Created from *. [3ms]
2024-10-14 17:17:02.837 [info] > git symbolic-ref --short refs/remotes/origin/HEAD [2ms]
2024-10-14 17:17:02.837 [info] fatal: ref refs/remotes/origin/HEAD is not a symbolic ref
2024-10-14 17:17:19.066 [info] > git config --get commit.template [15ms]
2024-10-14 17:17:19.068 [info] > git for-each-ref --format=%(refname)%00%(upstream:short)%00%(objectname)%00%(upstream:track)%00%(upstream:remotename)%00%(upstream:remoteref) refs/heads/main refs/remotes/main [2ms]
2024-10-14 17:17:19.075 [info] > git status -z -uall [2ms]
2024-10-14 17:17:19.088 [info] > git for-each-ref --format=%(refname)%00%(upstream:short)%00%(objectname)%00%(upstream:track)%00%(upstream:remotename)%00%(upstream:remoteref) refs/heads/main refs/remotes/main [6ms]
2024-10-14 17:17:19.099 [info] > git config --local branch.main.vscode-merge-base [7ms]
2024-10-14 17:17:19.099 [warning] [Git][config] git config failed: Failed to execute git
2024-10-14 17:17:19.109 [info] > git reflog main --grep-reflog=branch: Created from *. [6ms]
2024-10-14 17:17:19.118 [info] > git symbolic-ref --short refs/remotes/origin/HEAD [2ms]
2024-10-14 17:17:19.118 [info] fatal: ref refs/remotes/origin/HEAD is not a symbolic ref
2024-10-14 17:17:24.099 [info] > git config --get commit.template [2ms]
2024-10-14 17:17:24.123 [info] > git for-each-ref --format=%(refname)%00%(upstream:short)%00%(objectname)%00%(upstream:track)%00%(upstream:remotename)%00%(upstream:remoteref) refs/heads/main refs/remotes/main [12ms]
2024-10-14 17:17:24.139 [info] > git status -z -uall [5ms]
2024-10-14 17:17:24.164 [info] > git for-each-ref --format=%(refname)%00%(upstream:short)%00%(objectname)%00%(upstream:track)%00%(upstream:remotename)%00%(upstream:remoteref) refs/heads/main refs/remotes/main [8ms]
2024-10-14 17:17:24.197 [info] > git config --local branch.main.vscode-merge-base [11ms]
2024-10-14 17:17:24.197 [warning] [Git][config] git config failed: Failed to execute git
2024-10-14 17:17:24.217 [info] > git reflog main --grep-reflog=branch: Created from *. [7ms]
2024-10-14 17:17:24.222 [info] > git symbolic-ref --short refs/remotes/origin/HEAD [2ms]
2024-10-14 17:17:24.222 [info] fatal: ref refs/remotes/origin/HEAD is not a symbolic ref
2024-10-14 17:17:29.167 [info] > git config --get commit.template [5ms]
2024-10-14 17:17:29.169 [info] > git for-each-ref --format=%(refname)%00%(upstream:short)%00%(objectname)%00%(upstream:track)%00%(upstream:remotename)%00%(upstream:remoteref) refs/heads/main refs/remotes/main [2ms]
2024-10-14 17:17:29.174 [info] > git status -z -uall [2ms]
2024-10-14 17:17:29.184 [info] > git for-each-ref --format=%(refname)%00%(upstream:short)%00%(objectname)%00%(upstream:track)%00%(upstream:remotename)%00%(upstream:remoteref) refs/heads/main refs/remotes/main [3ms]
2024-10-14 17:17:29.189 [info] > git config --local branch.main.vscode-merge-base [1ms]
2024-10-14 17:17:29.189 [warning] [Git][config] git config failed: Failed to execute git
2024-10-14 17:17:29.198 [info] > git reflog main --grep-reflog=branch: Created from *. [5ms]
2024-10-14 17:17:29.207 [info] > git symbolic-ref --short refs/remotes/origin/HEAD [1ms]
2024-10-14 17:17:29.207 [info] fatal: ref refs/remotes/origin/HEAD is not a symbolic ref
2024-10-14 17:17:33.044 [info] > git config --get commit.template [10ms]
2024-10-14 17:17:33.048 [info] > git for-each-ref --format=%(refname)%00%(upstream:short)%00%(objectname)%00%(upstream:track)%00%(upstream:remotename)%00%(upstream:remoteref) refs/heads/main refs/remotes/main [5ms]
2024-10-14 17:17:33.058 [info] > git status -z -uall [2ms]
2024-10-14 17:17:33.067 [info] > git for-each-ref --format=%(refname)%00%(upstream:short)%00%(objectname)%00%(upstream:track)%00%(upstream:remotename)%00%(upstream:remoteref) refs/heads/main refs/remotes/main [4ms]
2024-10-14 17:17:33.074 [info] > git config --local branch.main.vscode-merge-base [2ms]
2024-10-14 17:17:33.074 [warning] [Git][config] git config failed: Failed to execute git
2024-10-14 17:17:33.082 [info] > git reflog main --grep-reflog=branch: Created from *. [2ms]
2024-10-14 17:17:33.087 [info] > git symbolic-ref --short refs/remotes/origin/HEAD [2ms]
2024-10-14 17:17:33.087 [info] fatal: ref refs/remotes/origin/HEAD is not a symbolic ref
2024-10-14 17:17:34.156 [info] > git ls-files --stage -- /home/pro/Escritorio/libro/ejercicio-git-libro/README.md [1ms]
2024-10-14 17:17:34.162 [info] > git cat-file -s 3fc05180f5a260338ac9a57ad3ec4fdaa84d7276 [1ms]
2024-10-14 17:17:34.171 [info] > git show --textconv :README.md [2ms]
2024-10-14 17:17:34.191 [info] > git config --get commit.template [4ms]
2024-10-14 17:17:34.192 [info] > git for-each-ref --format=%(refname)%00%(upstream:short)%00%(objectname)%00%(upstream:track)%00%(upstream:remotename)%00%(upstream:remoteref) refs/heads/main refs/remotes/main [1ms]
2024-10-14 17:17:34.199 [info] > git status -z -uall [3ms]
2024-10-14 17:17:34.207 [info] > git for-each-ref --format=%(refname)%00%(upstream:short)%00%(objectname)%00%(upstream:track)%00%(upstream:remotename)%00%(upstream:remoteref) refs/heads/main refs/remotes/main [3ms]
2024-10-14 17:17:34.214 [info] > git config --local branch.main.vscode-merge-base [3ms]
2024-10-14 17:17:34.214 [warning] [Git][config] git config failed: Failed to execute git
2024-10-14 17:17:34.226 [info] > git reflog main --grep-reflog=branch: Created from *. [2ms]
2024-10-14 17:17:34.233 [info] > git symbolic-ref --short refs/remotes/origin/HEAD [2ms]
2024-10-14 17:17:34.233 [info] fatal: ref refs/remotes/origin/HEAD is not a symbolic ref
2024-10-14 17:18:10.998 [info] > git config --get commit.template [8ms]
2024-10-14 17:18:11.014 [info] > git for-each-ref --format=%(refname)%00%(upstream:short)%00%(objectname)%00%(upstream:track)%00%(upstream:remotename)%00%(upstream:remoteref) refs/heads/main refs/remotes/main [5ms]
2024-10-14 17:18:11.027 [info] > git status -z -uall [4ms]
2024-10-14 17:18:11.048 [info] > git for-each-ref --format=%(refname)%00%(upstream:short)%00%(objectname)%00%(upstream:track)%00%(upstream:remotename)%00%(upstream:remoteref) refs/heads/main refs/remotes/main [10ms]
2024-10-14 17:18:11.068 [info] > git config --local branch.main.vscode-merge-base [4ms]
2024-10-14 17:18:11.068 [warning] [Git][config] git config failed: Failed to execute git
2024-10-14 17:18:11.118 [info] > git reflog main --grep-reflog=branch: Created from *. [12ms]
2024-10-14 17:18:11.153 [info] > git symbolic-ref --short refs/remotes/origin/HEAD [23ms]
2024-10-14 17:18:11.153 [info] fatal: ref refs/remotes/origin/HEAD is not a symbolic ref
2024-10-14 17:18:16.074 [info] > git for-each-ref --format=%(refname)%00%(upstream:short)%00%(objectname)%00%(upstream:track)%00%(upstream:remotename)%00%(upstream:remoteref) refs/heads/main refs/remotes/main [12ms]
2024-10-14 17:18:16.075 [info] > git config --get commit.template [23ms]
2024-10-14 17:18:16.087 [info] > git status -z -uall [4ms]
2024-10-14 17:18:16.101 [info] > git for-each-ref --format=%(refname)%00%(upstream:short)%00%(objectname)%00%(upstream:track)%00%(upstream:remotename)%00%(upstream:remoteref) refs/heads/main refs/remotes/main [7ms]
2024-10-14 17:18:16.108 [info] > git config --local branch.main.vscode-merge-base [3ms]
2024-10-14 17:18:16.108 [warning] [Git][config] git config failed: Failed to execute git
2024-10-14 17:18:16.115 [info] > git reflog main --grep-reflog=branch: Created from *. [3ms]
2024-10-14 17:18:16.121 [info] > git symbolic-ref --short refs/remotes/origin/HEAD [2ms]
2024-10-14 17:18:16.121 [info] fatal: ref refs/remotes/origin/HEAD is not a symbolic ref
2024-10-14 17:18:23.449 [info] > git config --get commit.template [12ms]
2024-10-14 17:18:23.454 [info] > git for-each-ref --format=%(refname)%00%(upstream:short)%00%(objectname)%00%(upstream:track)%00%(upstream:remotename)%00%(upstream:remoteref) refs/heads/main refs/remotes/main [6ms]
2024-10-14 17:18:23.477 [info] > git status -z -uall [7ms]
2024-10-14 17:18:23.494 [info] > git for-each-ref --format=%(refname)%00%(upstream:short)%00%(objectname)%00%(upstream:track)%00%(upstream:remotename)%00%(upstream:remoteref) refs/heads/main refs/remotes/main [4ms]
2024-10-14 17:18:23.501 [info] > git config --local branch.main.vscode-merge-base [2ms]
2024-10-14 17:18:23.501 [warning] [Git][config] git config failed: Failed to execute git
2024-10-14 17:18:23.508 [info] > git reflog main --grep-reflog=branch: Created from *. [3ms]
2024-10-14 17:18:23.512 [info] > git symbolic-ref --short refs/remotes/origin/HEAD [1ms]
2024-10-14 17:18:23.512 [info] fatal: ref refs/remotes/origin/HEAD is not a symbolic ref
