2024-10-15 16:33:26.397 [error] [/home/pro/.vscode/extensions/shd101wyy.markdown-preview-enhanced-0.8.14]: No se pudo analizar /home/pro/.vscode/extensions/shd101wyy.markdown-preview-enhanced-0.8.14/package.nls.json: Se esperaba un valor.
2024-10-15 16:33:26.398 [warning] [markdown-preview-enhanced]: No se encontró un mensaje para la clave displayName.
2024-10-15 16:33:26.398 [warning] [markdown-preview-enhanced]: No se encontró un mensaje para la clave description.
2024-10-15 16:33:26.398 [warning] [markdown-preview-enhanced]: No se encontró un mensaje para la clave markdown-preview-enhanced.openPreviewToTheSide.title.
2024-10-15 16:33:26.398 [warning] [markdown-preview-enhanced]: No se encontró un mensaje para la clave markdown-preview-enhanced.openPreview.title.
2024-10-15 16:33:26.398 [warning] [markdown-preview-enhanced]: No se encontró un mensaje para la clave markdown-preview-enhanced.toggleScrollSync.title.
2024-10-15 16:33:26.398 [warning] [markdown-preview-enhanced]: No se encontró un mensaje para la clave markdown-preview-enhanced.toggleLiveUpdate.title.
2024-10-15 16:33:26.399 [warning] [markdown-preview-enhanced]: No se encontró un mensaje para la clave markdown-preview-enhanced.toggleBreakOnSingleNewLine.title.
2024-10-15 16:33:26.399 [warning] [markdown-preview-enhanced]: No se encontró un mensaje para la clave markdown-preview-enhanced.openImageHelper.title.
2024-10-15 16:33:26.399 [warning] [markdown-preview-enhanced]: No se encontró un mensaje para la clave markdown-preview-enhanced.runAllCodeChunks.title.
2024-10-15 16:33:26.399 [warning] [markdown-preview-enhanced]: No se encontró un mensaje para la clave markdown-preview-enhanced.runCodeChunk.title.
2024-10-15 16:33:26.399 [warning] [markdown-preview-enhanced]: No se encontró un mensaje para la clave markdown-preview-enhanced.syncPreview.title.
2024-10-15 16:33:26.399 [warning] [markdown-preview-enhanced]: No se encontró un mensaje para la clave markdown-preview-enhanced.customizeCss.title.
2024-10-15 16:33:26.400 [warning] [markdown-preview-enhanced]: No se encontró un mensaje para la clave markdown-preview-enhanced.customizeCssInWorkspace.title.
2024-10-15 16:33:26.400 [warning] [markdown-preview-enhanced]: No se encontró un mensaje para la clave markdown-preview-enhanced.insertNewSlide.title.
2024-10-15 16:33:26.400 [warning] [markdown-preview-enhanced]: No se encontró un mensaje para la clave markdown-preview-enhanced.insertTable.title.
2024-10-15 16:33:26.400 [warning] [markdown-preview-enhanced]: No se encontró un mensaje para la clave markdown-preview-enhanced.insertPagebreak.title.
2024-10-15 16:33:26.400 [warning] [markdown-preview-enhanced]: No se encontró un mensaje para la clave markdown-preview-enhanced.createTOC.title.
2024-10-15 16:33:26.400 [warning] [markdown-preview-enhanced]: No se encontró un mensaje para la clave markdown-preview-enhanced.openConfigScript.title.
2024-10-15 16:33:26.400 [warning] [markdown-preview-enhanced]: No se encontró un mensaje para la clave markdown-preview-enhanced.extendParser.title.
2024-10-15 16:33:26.400 [warning] [markdown-preview-enhanced]: No se encontró un mensaje para la clave markdown-preview-enhanced.customizePreviewHtmlHead.title.
2024-10-15 16:33:26.401 [warning] [markdown-preview-enhanced]: No se encontró un mensaje para la clave markdown-preview-enhanced.openConfigScriptInWorkspace.title.
2024-10-15 16:33:26.406 [warning] [markdown-preview-enhanced]: No se encontró un mensaje para la clave markdown-preview-enhanced.extendParserInWorkspace.title.
2024-10-15 16:33:26.406 [warning] [markdown-preview-enhanced]: No se encontró un mensaje para la clave markdown-preview-enhanced.customizePreviewHtmlHeadInWorkspace.title.
2024-10-15 16:33:26.406 [warning] [markdown-preview-enhanced]: No se encontró un mensaje para la clave markdown-preview-enhanced.showUploadedImages.title.
2024-10-15 16:33:26.406 [warning] [markdown-preview-enhanced]: No se encontró un mensaje para la clave customEditorPreviewDisplayName.
2024-10-15 16:33:27.934 [error] [/home/pro/.vscode/extensions/shd101wyy.markdown-preview-enhanced-0.8.14]: No se pudo analizar /home/pro/.vscode/extensions/shd101wyy.markdown-preview-enhanced-0.8.14/package.nls.json: Se esperaba un valor.
2024-10-15 16:33:27.934 [warning] [markdown-preview-enhanced]: No se encontró un mensaje para la clave displayName.
2024-10-15 16:33:27.934 [warning] [markdown-preview-enhanced]: No se encontró un mensaje para la clave description.
2024-10-15 16:33:27.934 [warning] [markdown-preview-enhanced]: No se encontró un mensaje para la clave markdown-preview-enhanced.openPreviewToTheSide.title.
2024-10-15 16:33:27.934 [warning] [markdown-preview-enhanced]: No se encontró un mensaje para la clave markdown-preview-enhanced.openPreview.title.
2024-10-15 16:33:27.934 [warning] [markdown-preview-enhanced]: No se encontró un mensaje para la clave markdown-preview-enhanced.toggleScrollSync.title.
2024-10-15 16:33:27.934 [warning] [markdown-preview-enhanced]: No se encontró un mensaje para la clave markdown-preview-enhanced.toggleLiveUpdate.title.
2024-10-15 16:33:27.935 [warning] [markdown-preview-enhanced]: No se encontró un mensaje para la clave markdown-preview-enhanced.toggleBreakOnSingleNewLine.title.
2024-10-15 16:33:27.938 [warning] [markdown-preview-enhanced]: No se encontró un mensaje para la clave markdown-preview-enhanced.openImageHelper.title.
2024-10-15 16:33:27.939 [warning] [markdown-preview-enhanced]: No se encontró un mensaje para la clave markdown-preview-enhanced.runAllCodeChunks.title.
2024-10-15 16:33:27.939 [warning] [markdown-preview-enhanced]: No se encontró un mensaje para la clave markdown-preview-enhanced.runCodeChunk.title.
2024-10-15 16:33:27.939 [warning] [markdown-preview-enhanced]: No se encontró un mensaje para la clave markdown-preview-enhanced.syncPreview.title.
2024-10-15 16:33:27.939 [warning] [markdown-preview-enhanced]: No se encontró un mensaje para la clave markdown-preview-enhanced.customizeCss.title.
2024-10-15 16:33:27.940 [warning] [markdown-preview-enhanced]: No se encontró un mensaje para la clave markdown-preview-enhanced.customizeCssInWorkspace.title.
2024-10-15 16:33:27.940 [warning] [markdown-preview-enhanced]: No se encontró un mensaje para la clave markdown-preview-enhanced.insertNewSlide.title.
2024-10-15 16:33:27.940 [warning] [markdown-preview-enhanced]: No se encontró un mensaje para la clave markdown-preview-enhanced.insertTable.title.
2024-10-15 16:33:27.940 [warning] [markdown-preview-enhanced]: No se encontró un mensaje para la clave markdown-preview-enhanced.insertPagebreak.title.
2024-10-15 16:33:27.941 [warning] [markdown-preview-enhanced]: No se encontró un mensaje para la clave markdown-preview-enhanced.createTOC.title.
2024-10-15 16:33:27.942 [warning] [markdown-preview-enhanced]: No se encontró un mensaje para la clave markdown-preview-enhanced.openConfigScript.title.
2024-10-15 16:33:27.942 [warning] [markdown-preview-enhanced]: No se encontró un mensaje para la clave markdown-preview-enhanced.extendParser.title.
2024-10-15 16:33:27.942 [warning] [markdown-preview-enhanced]: No se encontró un mensaje para la clave markdown-preview-enhanced.customizePreviewHtmlHead.title.
2024-10-15 16:33:27.942 [warning] [markdown-preview-enhanced]: No se encontró un mensaje para la clave markdown-preview-enhanced.openConfigScriptInWorkspace.title.
2024-10-15 16:33:27.942 [warning] [markdown-preview-enhanced]: No se encontró un mensaje para la clave markdown-preview-enhanced.extendParserInWorkspace.title.
2024-10-15 16:33:27.942 [warning] [markdown-preview-enhanced]: No se encontró un mensaje para la clave markdown-preview-enhanced.customizePreviewHtmlHeadInWorkspace.title.
2024-10-15 16:33:27.943 [warning] [markdown-preview-enhanced]: No se encontró un mensaje para la clave markdown-preview-enhanced.showUploadedImages.title.
2024-10-15 16:33:27.943 [warning] [markdown-preview-enhanced]: No se encontró un mensaje para la clave customEditorPreviewDisplayName.
2024-10-15 16:33:28.027 [error] [/home/pro/.vscode/extensions/shd101wyy.markdown-preview-enhanced-0.8.14]: No se pudo analizar /home/pro/.vscode/extensions/shd101wyy.markdown-preview-enhanced-0.8.14/package.nls.json: Se esperaba un valor.
2024-10-15 16:33:28.028 [warning] [markdown-preview-enhanced]: No se encontró un mensaje para la clave displayName.
2024-10-15 16:33:28.028 [warning] [markdown-preview-enhanced]: No se encontró un mensaje para la clave description.
2024-10-15 16:33:28.028 [warning] [markdown-preview-enhanced]: No se encontró un mensaje para la clave markdown-preview-enhanced.openPreviewToTheSide.title.
2024-10-15 16:33:28.028 [warning] [markdown-preview-enhanced]: No se encontró un mensaje para la clave markdown-preview-enhanced.openPreview.title.
2024-10-15 16:33:28.028 [warning] [markdown-preview-enhanced]: No se encontró un mensaje para la clave markdown-preview-enhanced.toggleScrollSync.title.
2024-10-15 16:33:28.028 [warning] [markdown-preview-enhanced]: No se encontró un mensaje para la clave markdown-preview-enhanced.toggleLiveUpdate.title.
2024-10-15 16:33:28.028 [warning] [markdown-preview-enhanced]: No se encontró un mensaje para la clave markdown-preview-enhanced.toggleBreakOnSingleNewLine.title.
2024-10-15 16:33:28.029 [warning] [markdown-preview-enhanced]: No se encontró un mensaje para la clave markdown-preview-enhanced.openImageHelper.title.
2024-10-15 16:33:28.029 [warning] [markdown-preview-enhanced]: No se encontró un mensaje para la clave markdown-preview-enhanced.runAllCodeChunks.title.
2024-10-15 16:33:28.029 [warning] [markdown-preview-enhanced]: No se encontró un mensaje para la clave markdown-preview-enhanced.runCodeChunk.title.
2024-10-15 16:33:28.029 [warning] [markdown-preview-enhanced]: No se encontró un mensaje para la clave markdown-preview-enhanced.syncPreview.title.
2024-10-15 16:33:28.029 [warning] [markdown-preview-enhanced]: No se encontró un mensaje para la clave markdown-preview-enhanced.customizeCss.title.
2024-10-15 16:33:28.029 [warning] [markdown-preview-enhanced]: No se encontró un mensaje para la clave markdown-preview-enhanced.customizeCssInWorkspace.title.
2024-10-15 16:33:28.030 [warning] [markdown-preview-enhanced]: No se encontró un mensaje para la clave markdown-preview-enhanced.insertNewSlide.title.
2024-10-15 16:33:28.030 [warning] [markdown-preview-enhanced]: No se encontró un mensaje para la clave markdown-preview-enhanced.insertTable.title.
2024-10-15 16:33:28.030 [warning] [markdown-preview-enhanced]: No se encontró un mensaje para la clave markdown-preview-enhanced.insertPagebreak.title.
2024-10-15 16:33:28.030 [warning] [markdown-preview-enhanced]: No se encontró un mensaje para la clave markdown-preview-enhanced.createTOC.title.
2024-10-15 16:33:28.030 [warning] [markdown-preview-enhanced]: No se encontró un mensaje para la clave markdown-preview-enhanced.openConfigScript.title.
2024-10-15 16:33:28.030 [warning] [markdown-preview-enhanced]: No se encontró un mensaje para la clave markdown-preview-enhanced.extendParser.title.
2024-10-15 16:33:28.030 [warning] [markdown-preview-enhanced]: No se encontró un mensaje para la clave markdown-preview-enhanced.customizePreviewHtmlHead.title.
2024-10-15 16:33:28.030 [warning] [markdown-preview-enhanced]: No se encontró un mensaje para la clave markdown-preview-enhanced.openConfigScriptInWorkspace.title.
2024-10-15 16:33:28.031 [warning] [markdown-preview-enhanced]: No se encontró un mensaje para la clave markdown-preview-enhanced.extendParserInWorkspace.title.
2024-10-15 16:33:28.031 [warning] [markdown-preview-enhanced]: No se encontró un mensaje para la clave markdown-preview-enhanced.customizePreviewHtmlHeadInWorkspace.title.
2024-10-15 16:33:28.031 [warning] [markdown-preview-enhanced]: No se encontró un mensaje para la clave markdown-preview-enhanced.showUploadedImages.title.
2024-10-15 16:33:28.031 [warning] [markdown-preview-enhanced]: No se encontró un mensaje para la clave customEditorPreviewDisplayName.
2024-10-15 16:33:28.816 [error] [/home/pro/.vscode/extensions/shd101wyy.markdown-preview-enhanced-0.8.14]: No se pudo analizar /home/pro/.vscode/extensions/shd101wyy.markdown-preview-enhanced-0.8.14/package.nls.json: Se esperaba un valor.
2024-10-15 16:33:28.817 [warning] [markdown-preview-enhanced]: No se encontró un mensaje para la clave displayName.
2024-10-15 16:33:28.817 [warning] [markdown-preview-enhanced]: No se encontró un mensaje para la clave description.
2024-10-15 16:33:28.817 [warning] [markdown-preview-enhanced]: No se encontró un mensaje para la clave markdown-preview-enhanced.openPreviewToTheSide.title.
2024-10-15 16:33:28.817 [warning] [markdown-preview-enhanced]: No se encontró un mensaje para la clave markdown-preview-enhanced.openPreview.title.
2024-10-15 16:33:28.817 [warning] [markdown-preview-enhanced]: No se encontró un mensaje para la clave markdown-preview-enhanced.toggleScrollSync.title.
2024-10-15 16:33:28.818 [warning] [markdown-preview-enhanced]: No se encontró un mensaje para la clave markdown-preview-enhanced.toggleLiveUpdate.title.
2024-10-15 16:33:28.818 [warning] [markdown-preview-enhanced]: No se encontró un mensaje para la clave markdown-preview-enhanced.toggleBreakOnSingleNewLine.title.
2024-10-15 16:33:28.818 [warning] [markdown-preview-enhanced]: No se encontró un mensaje para la clave markdown-preview-enhanced.openImageHelper.title.
2024-10-15 16:33:28.818 [warning] [markdown-preview-enhanced]: No se encontró un mensaje para la clave markdown-preview-enhanced.runAllCodeChunks.title.
2024-10-15 16:33:28.818 [warning] [markdown-preview-enhanced]: No se encontró un mensaje para la clave markdown-preview-enhanced.runCodeChunk.title.
2024-10-15 16:33:28.818 [warning] [markdown-preview-enhanced]: No se encontró un mensaje para la clave markdown-preview-enhanced.syncPreview.title.
2024-10-15 16:33:28.818 [warning] [markdown-preview-enhanced]: No se encontró un mensaje para la clave markdown-preview-enhanced.customizeCss.title.
2024-10-15 16:33:28.818 [warning] [markdown-preview-enhanced]: No se encontró un mensaje para la clave markdown-preview-enhanced.customizeCssInWorkspace.title.
2024-10-15 16:33:28.818 [warning] [markdown-preview-enhanced]: No se encontró un mensaje para la clave markdown-preview-enhanced.insertNewSlide.title.
2024-10-15 16:33:28.819 [warning] [markdown-preview-enhanced]: No se encontró un mensaje para la clave markdown-preview-enhanced.insertTable.title.
2024-10-15 16:33:28.819 [warning] [markdown-preview-enhanced]: No se encontró un mensaje para la clave markdown-preview-enhanced.insertPagebreak.title.
2024-10-15 16:33:28.819 [warning] [markdown-preview-enhanced]: No se encontró un mensaje para la clave markdown-preview-enhanced.createTOC.title.
2024-10-15 16:33:28.819 [warning] [markdown-preview-enhanced]: No se encontró un mensaje para la clave markdown-preview-enhanced.openConfigScript.title.
2024-10-15 16:33:28.819 [warning] [markdown-preview-enhanced]: No se encontró un mensaje para la clave markdown-preview-enhanced.extendParser.title.
2024-10-15 16:33:28.821 [warning] [markdown-preview-enhanced]: No se encontró un mensaje para la clave markdown-preview-enhanced.customizePreviewHtmlHead.title.
2024-10-15 16:33:28.821 [warning] [markdown-preview-enhanced]: No se encontró un mensaje para la clave markdown-preview-enhanced.openConfigScriptInWorkspace.title.
2024-10-15 16:33:28.821 [warning] [markdown-preview-enhanced]: No se encontró un mensaje para la clave markdown-preview-enhanced.extendParserInWorkspace.title.
2024-10-15 16:33:28.821 [warning] [markdown-preview-enhanced]: No se encontró un mensaje para la clave markdown-preview-enhanced.customizePreviewHtmlHeadInWorkspace.title.
2024-10-15 16:33:28.821 [warning] [markdown-preview-enhanced]: No se encontró un mensaje para la clave markdown-preview-enhanced.showUploadedImages.title.
2024-10-15 16:33:28.821 [warning] [markdown-preview-enhanced]: No se encontró un mensaje para la clave customEditorPreviewDisplayName.
2024-10-15 16:33:29.647 [error] [/home/pro/.vscode/extensions/shd101wyy.markdown-preview-enhanced-0.8.14]: No se pudo analizar /home/pro/.vscode/extensions/shd101wyy.markdown-preview-enhanced-0.8.14/package.nls.json: Se esperaba un valor.
2024-10-15 16:33:29.647 [warning] [markdown-preview-enhanced]: No se encontró un mensaje para la clave displayName.
2024-10-15 16:33:29.647 [warning] [markdown-preview-enhanced]: No se encontró un mensaje para la clave description.
2024-10-15 16:33:29.648 [warning] [markdown-preview-enhanced]: No se encontró un mensaje para la clave markdown-preview-enhanced.openPreviewToTheSide.title.
2024-10-15 16:33:29.648 [warning] [markdown-preview-enhanced]: No se encontró un mensaje para la clave markdown-preview-enhanced.openPreview.title.
2024-10-15 16:33:29.648 [warning] [markdown-preview-enhanced]: No se encontró un mensaje para la clave markdown-preview-enhanced.toggleScrollSync.title.
2024-10-15 16:33:29.648 [warning] [markdown-preview-enhanced]: No se encontró un mensaje para la clave markdown-preview-enhanced.toggleLiveUpdate.title.
2024-10-15 16:33:29.648 [warning] [markdown-preview-enhanced]: No se encontró un mensaje para la clave markdown-preview-enhanced.toggleBreakOnSingleNewLine.title.
2024-10-15 16:33:29.648 [warning] [markdown-preview-enhanced]: No se encontró un mensaje para la clave markdown-preview-enhanced.openImageHelper.title.
2024-10-15 16:33:29.648 [warning] [markdown-preview-enhanced]: No se encontró un mensaje para la clave markdown-preview-enhanced.runAllCodeChunks.title.
2024-10-15 16:33:29.648 [warning] [markdown-preview-enhanced]: No se encontró un mensaje para la clave markdown-preview-enhanced.runCodeChunk.title.
2024-10-15 16:33:29.649 [warning] [markdown-preview-enhanced]: No se encontró un mensaje para la clave markdown-preview-enhanced.syncPreview.title.
2024-10-15 16:33:29.649 [warning] [markdown-preview-enhanced]: No se encontró un mensaje para la clave markdown-preview-enhanced.customizeCss.title.
2024-10-15 16:33:29.649 [warning] [markdown-preview-enhanced]: No se encontró un mensaje para la clave markdown-preview-enhanced.customizeCssInWorkspace.title.
2024-10-15 16:33:29.649 [warning] [markdown-preview-enhanced]: No se encontró un mensaje para la clave markdown-preview-enhanced.insertNewSlide.title.
2024-10-15 16:33:29.649 [warning] [markdown-preview-enhanced]: No se encontró un mensaje para la clave markdown-preview-enhanced.insertTable.title.
2024-10-15 16:33:29.649 [warning] [markdown-preview-enhanced]: No se encontró un mensaje para la clave markdown-preview-enhanced.insertPagebreak.title.
2024-10-15 16:33:29.649 [warning] [markdown-preview-enhanced]: No se encontró un mensaje para la clave markdown-preview-enhanced.createTOC.title.
2024-10-15 16:33:29.653 [warning] [markdown-preview-enhanced]: No se encontró un mensaje para la clave markdown-preview-enhanced.openConfigScript.title.
2024-10-15 16:33:29.654 [warning] [markdown-preview-enhanced]: No se encontró un mensaje para la clave markdown-preview-enhanced.extendParser.title.
2024-10-15 16:33:29.654 [warning] [markdown-preview-enhanced]: No se encontró un mensaje para la clave markdown-preview-enhanced.customizePreviewHtmlHead.title.
2024-10-15 16:33:29.654 [warning] [markdown-preview-enhanced]: No se encontró un mensaje para la clave markdown-preview-enhanced.openConfigScriptInWorkspace.title.
2024-10-15 16:33:29.654 [warning] [markdown-preview-enhanced]: No se encontró un mensaje para la clave markdown-preview-enhanced.extendParserInWorkspace.title.
2024-10-15 16:33:29.654 [warning] [markdown-preview-enhanced]: No se encontró un mensaje para la clave markdown-preview-enhanced.customizePreviewHtmlHeadInWorkspace.title.
2024-10-15 16:33:29.654 [warning] [markdown-preview-enhanced]: No se encontró un mensaje para la clave markdown-preview-enhanced.showUploadedImages.title.
2024-10-15 16:33:29.655 [warning] [markdown-preview-enhanced]: No se encontró un mensaje para la clave customEditorPreviewDisplayName.
2024-10-15 16:33:29.794 [error] [/home/pro/.vscode/extensions/shd101wyy.markdown-preview-enhanced-0.8.14]: No se pudo analizar /home/pro/.vscode/extensions/shd101wyy.markdown-preview-enhanced-0.8.14/package.nls.json: Se esperaba un valor.
2024-10-15 16:33:29.794 [warning] [markdown-preview-enhanced]: No se encontró un mensaje para la clave displayName.
2024-10-15 16:33:29.795 [warning] [markdown-preview-enhanced]: No se encontró un mensaje para la clave description.
2024-10-15 16:33:29.795 [warning] [markdown-preview-enhanced]: No se encontró un mensaje para la clave markdown-preview-enhanced.openPreviewToTheSide.title.
2024-10-15 16:33:29.795 [warning] [markdown-preview-enhanced]: No se encontró un mensaje para la clave markdown-preview-enhanced.openPreview.title.
2024-10-15 16:33:29.795 [warning] [markdown-preview-enhanced]: No se encontró un mensaje para la clave markdown-preview-enhanced.toggleScrollSync.title.
2024-10-15 16:33:29.795 [warning] [markdown-preview-enhanced]: No se encontró un mensaje para la clave markdown-preview-enhanced.toggleLiveUpdate.title.
2024-10-15 16:33:29.795 [warning] [markdown-preview-enhanced]: No se encontró un mensaje para la clave markdown-preview-enhanced.toggleBreakOnSingleNewLine.title.
2024-10-15 16:33:29.795 [warning] [markdown-preview-enhanced]: No se encontró un mensaje para la clave markdown-preview-enhanced.openImageHelper.title.
2024-10-15 16:33:29.795 [warning] [markdown-preview-enhanced]: No se encontró un mensaje para la clave markdown-preview-enhanced.runAllCodeChunks.title.
2024-10-15 16:33:29.795 [warning] [markdown-preview-enhanced]: No se encontró un mensaje para la clave markdown-preview-enhanced.runCodeChunk.title.
2024-10-15 16:33:29.795 [warning] [markdown-preview-enhanced]: No se encontró un mensaje para la clave markdown-preview-enhanced.syncPreview.title.
2024-10-15 16:33:29.796 [warning] [markdown-preview-enhanced]: No se encontró un mensaje para la clave markdown-preview-enhanced.customizeCss.title.
2024-10-15 16:33:29.796 [warning] [markdown-preview-enhanced]: No se encontró un mensaje para la clave markdown-preview-enhanced.customizeCssInWorkspace.title.
2024-10-15 16:33:29.796 [warning] [markdown-preview-enhanced]: No se encontró un mensaje para la clave markdown-preview-enhanced.insertNewSlide.title.
2024-10-15 16:33:29.796 [warning] [markdown-preview-enhanced]: No se encontró un mensaje para la clave markdown-preview-enhanced.insertTable.title.
2024-10-15 16:33:29.796 [warning] [markdown-preview-enhanced]: No se encontró un mensaje para la clave markdown-preview-enhanced.insertPagebreak.title.
2024-10-15 16:33:29.796 [warning] [markdown-preview-enhanced]: No se encontró un mensaje para la clave markdown-preview-enhanced.createTOC.title.
2024-10-15 16:33:29.796 [warning] [markdown-preview-enhanced]: No se encontró un mensaje para la clave markdown-preview-enhanced.openConfigScript.title.
2024-10-15 16:33:29.796 [warning] [markdown-preview-enhanced]: No se encontró un mensaje para la clave markdown-preview-enhanced.extendParser.title.
2024-10-15 16:33:29.796 [warning] [markdown-preview-enhanced]: No se encontró un mensaje para la clave markdown-preview-enhanced.customizePreviewHtmlHead.title.
2024-10-15 16:33:29.796 [warning] [markdown-preview-enhanced]: No se encontró un mensaje para la clave markdown-preview-enhanced.openConfigScriptInWorkspace.title.
2024-10-15 16:33:29.797 [warning] [markdown-preview-enhanced]: No se encontró un mensaje para la clave markdown-preview-enhanced.extendParserInWorkspace.title.
2024-10-15 16:33:29.797 [warning] [markdown-preview-enhanced]: No se encontró un mensaje para la clave markdown-preview-enhanced.customizePreviewHtmlHeadInWorkspace.title.
2024-10-15 16:33:29.797 [warning] [markdown-preview-enhanced]: No se encontró un mensaje para la clave markdown-preview-enhanced.showUploadedImages.title.
2024-10-15 16:33:29.797 [warning] [markdown-preview-enhanced]: No se encontró un mensaje para la clave customEditorPreviewDisplayName.
2024-10-15 16:33:29.960 [error] [/home/pro/.vscode/extensions/shd101wyy.markdown-preview-enhanced-0.8.14]: No se pudo analizar /home/pro/.vscode/extensions/shd101wyy.markdown-preview-enhanced-0.8.14/package.nls.json: Se esperaba un valor.
2024-10-15 16:33:29.960 [warning] [markdown-preview-enhanced]: No se encontró un mensaje para la clave displayName.
2024-10-15 16:33:29.961 [warning] [markdown-preview-enhanced]: No se encontró un mensaje para la clave description.
2024-10-15 16:33:29.961 [warning] [markdown-preview-enhanced]: No se encontró un mensaje para la clave markdown-preview-enhanced.openPreviewToTheSide.title.
2024-10-15 16:33:29.961 [warning] [markdown-preview-enhanced]: No se encontró un mensaje para la clave markdown-preview-enhanced.openPreview.title.
2024-10-15 16:33:29.961 [warning] [markdown-preview-enhanced]: No se encontró un mensaje para la clave markdown-preview-enhanced.toggleScrollSync.title.
2024-10-15 16:33:29.961 [warning] [markdown-preview-enhanced]: No se encontró un mensaje para la clave markdown-preview-enhanced.toggleLiveUpdate.title.
2024-10-15 16:33:29.961 [warning] [markdown-preview-enhanced]: No se encontró un mensaje para la clave markdown-preview-enhanced.toggleBreakOnSingleNewLine.title.
2024-10-15 16:33:29.971 [warning] [markdown-preview-enhanced]: No se encontró un mensaje para la clave markdown-preview-enhanced.openImageHelper.title.
2024-10-15 16:33:29.971 [warning] [markdown-preview-enhanced]: No se encontró un mensaje para la clave markdown-preview-enhanced.runAllCodeChunks.title.
2024-10-15 16:33:29.971 [warning] [markdown-preview-enhanced]: No se encontró un mensaje para la clave markdown-preview-enhanced.runCodeChunk.title.
2024-10-15 16:33:29.972 [warning] [markdown-preview-enhanced]: No se encontró un mensaje para la clave markdown-preview-enhanced.syncPreview.title.
2024-10-15 16:33:29.972 [warning] [markdown-preview-enhanced]: No se encontró un mensaje para la clave markdown-preview-enhanced.customizeCss.title.
2024-10-15 16:33:29.972 [warning] [markdown-preview-enhanced]: No se encontró un mensaje para la clave markdown-preview-enhanced.customizeCssInWorkspace.title.
2024-10-15 16:33:29.973 [warning] [markdown-preview-enhanced]: No se encontró un mensaje para la clave markdown-preview-enhanced.insertNewSlide.title.
2024-10-15 16:33:29.973 [warning] [markdown-preview-enhanced]: No se encontró un mensaje para la clave markdown-preview-enhanced.insertTable.title.
2024-10-15 16:33:29.973 [warning] [markdown-preview-enhanced]: No se encontró un mensaje para la clave markdown-preview-enhanced.insertPagebreak.title.
2024-10-15 16:33:29.973 [warning] [markdown-preview-enhanced]: No se encontró un mensaje para la clave markdown-preview-enhanced.createTOC.title.
2024-10-15 16:33:29.974 [warning] [markdown-preview-enhanced]: No se encontró un mensaje para la clave markdown-preview-enhanced.openConfigScript.title.
2024-10-15 16:33:29.974 [warning] [markdown-preview-enhanced]: No se encontró un mensaje para la clave markdown-preview-enhanced.extendParser.title.
2024-10-15 16:33:29.974 [warning] [markdown-preview-enhanced]: No se encontró un mensaje para la clave markdown-preview-enhanced.customizePreviewHtmlHead.title.
2024-10-15 16:33:29.974 [warning] [markdown-preview-enhanced]: No se encontró un mensaje para la clave markdown-preview-enhanced.openConfigScriptInWorkspace.title.
2024-10-15 16:33:29.975 [warning] [markdown-preview-enhanced]: No se encontró un mensaje para la clave markdown-preview-enhanced.extendParserInWorkspace.title.
2024-10-15 16:33:29.976 [warning] [markdown-preview-enhanced]: No se encontró un mensaje para la clave markdown-preview-enhanced.customizePreviewHtmlHeadInWorkspace.title.
2024-10-15 16:33:29.976 [warning] [markdown-preview-enhanced]: No se encontró un mensaje para la clave markdown-preview-enhanced.showUploadedImages.title.
2024-10-15 16:33:29.976 [warning] [markdown-preview-enhanced]: No se encontró un mensaje para la clave customEditorPreviewDisplayName.
2024-10-15 16:33:30.081 [error] [/home/pro/.vscode/extensions/shd101wyy.markdown-preview-enhanced-0.8.14]: No se pudo analizar /home/pro/.vscode/extensions/shd101wyy.markdown-preview-enhanced-0.8.14/package.nls.json: Se esperaba un valor.
2024-10-15 16:33:30.082 [warning] [markdown-preview-enhanced]: No se encontró un mensaje para la clave displayName.
2024-10-15 16:33:30.082 [warning] [markdown-preview-enhanced]: No se encontró un mensaje para la clave description.
2024-10-15 16:33:30.082 [warning] [markdown-preview-enhanced]: No se encontró un mensaje para la clave markdown-preview-enhanced.openPreviewToTheSide.title.
2024-10-15 16:33:30.082 [warning] [markdown-preview-enhanced]: No se encontró un mensaje para la clave markdown-preview-enhanced.openPreview.title.
2024-10-15 16:33:30.082 [warning] [markdown-preview-enhanced]: No se encontró un mensaje para la clave markdown-preview-enhanced.toggleScrollSync.title.
2024-10-15 16:33:30.082 [warning] [markdown-preview-enhanced]: No se encontró un mensaje para la clave markdown-preview-enhanced.toggleLiveUpdate.title.
2024-10-15 16:33:30.082 [warning] [markdown-preview-enhanced]: No se encontró un mensaje para la clave markdown-preview-enhanced.toggleBreakOnSingleNewLine.title.
2024-10-15 16:33:30.082 [warning] [markdown-preview-enhanced]: No se encontró un mensaje para la clave markdown-preview-enhanced.openImageHelper.title.
2024-10-15 16:33:30.083 [warning] [markdown-preview-enhanced]: No se encontró un mensaje para la clave markdown-preview-enhanced.runAllCodeChunks.title.
2024-10-15 16:33:30.083 [warning] [markdown-preview-enhanced]: No se encontró un mensaje para la clave markdown-preview-enhanced.runCodeChunk.title.
2024-10-15 16:33:30.083 [warning] [markdown-preview-enhanced]: No se encontró un mensaje para la clave markdown-preview-enhanced.syncPreview.title.
2024-10-15 16:33:30.083 [warning] [markdown-preview-enhanced]: No se encontró un mensaje para la clave markdown-preview-enhanced.customizeCss.title.
2024-10-15 16:33:30.083 [warning] [markdown-preview-enhanced]: No se encontró un mensaje para la clave markdown-preview-enhanced.customizeCssInWorkspace.title.
2024-10-15 16:33:30.083 [warning] [markdown-preview-enhanced]: No se encontró un mensaje para la clave markdown-preview-enhanced.insertNewSlide.title.
2024-10-15 16:33:30.083 [warning] [markdown-preview-enhanced]: No se encontró un mensaje para la clave markdown-preview-enhanced.insertTable.title.
2024-10-15 16:33:30.083 [warning] [markdown-preview-enhanced]: No se encontró un mensaje para la clave markdown-preview-enhanced.insertPagebreak.title.
2024-10-15 16:33:30.084 [warning] [markdown-preview-enhanced]: No se encontró un mensaje para la clave markdown-preview-enhanced.createTOC.title.
2024-10-15 16:33:30.085 [warning] [markdown-preview-enhanced]: No se encontró un mensaje para la clave markdown-preview-enhanced.openConfigScript.title.
2024-10-15 16:33:30.085 [warning] [markdown-preview-enhanced]: No se encontró un mensaje para la clave markdown-preview-enhanced.extendParser.title.
2024-10-15 16:33:30.085 [warning] [markdown-preview-enhanced]: No se encontró un mensaje para la clave markdown-preview-enhanced.customizePreviewHtmlHead.title.
2024-10-15 16:33:30.085 [warning] [markdown-preview-enhanced]: No se encontró un mensaje para la clave markdown-preview-enhanced.openConfigScriptInWorkspace.title.
2024-10-15 16:33:30.085 [warning] [markdown-preview-enhanced]: No se encontró un mensaje para la clave markdown-preview-enhanced.extendParserInWorkspace.title.
2024-10-15 16:33:30.086 [warning] [markdown-preview-enhanced]: No se encontró un mensaje para la clave markdown-preview-enhanced.customizePreviewHtmlHeadInWorkspace.title.
2024-10-15 16:33:30.086 [warning] [markdown-preview-enhanced]: No se encontró un mensaje para la clave markdown-preview-enhanced.showUploadedImages.title.
2024-10-15 16:33:30.086 [warning] [markdown-preview-enhanced]: No se encontró un mensaje para la clave customEditorPreviewDisplayName.
2024-10-15 16:33:30.204 [error] [/home/pro/.vscode/extensions/shd101wyy.markdown-preview-enhanced-0.8.14]: No se pudo analizar /home/pro/.vscode/extensions/shd101wyy.markdown-preview-enhanced-0.8.14/package.nls.json: Se esperaba un valor.
2024-10-15 16:33:30.205 [warning] [markdown-preview-enhanced]: No se encontró un mensaje para la clave displayName.
2024-10-15 16:33:30.205 [warning] [markdown-preview-enhanced]: No se encontró un mensaje para la clave description.
2024-10-15 16:33:30.205 [warning] [markdown-preview-enhanced]: No se encontró un mensaje para la clave markdown-preview-enhanced.openPreviewToTheSide.title.
2024-10-15 16:33:30.205 [warning] [markdown-preview-enhanced]: No se encontró un mensaje para la clave markdown-preview-enhanced.openPreview.title.
2024-10-15 16:33:30.205 [warning] [markdown-preview-enhanced]: No se encontró un mensaje para la clave markdown-preview-enhanced.toggleScrollSync.title.
2024-10-15 16:33:30.205 [warning] [markdown-preview-enhanced]: No se encontró un mensaje para la clave markdown-preview-enhanced.toggleLiveUpdate.title.
2024-10-15 16:33:30.205 [warning] [markdown-preview-enhanced]: No se encontró un mensaje para la clave markdown-preview-enhanced.toggleBreakOnSingleNewLine.title.
2024-10-15 16:33:30.206 [warning] [markdown-preview-enhanced]: No se encontró un mensaje para la clave markdown-preview-enhanced.openImageHelper.title.
2024-10-15 16:33:30.206 [warning] [markdown-preview-enhanced]: No se encontró un mensaje para la clave markdown-preview-enhanced.runAllCodeChunks.title.
2024-10-15 16:33:30.206 [warning] [markdown-preview-enhanced]: No se encontró un mensaje para la clave markdown-preview-enhanced.runCodeChunk.title.
2024-10-15 16:33:30.206 [warning] [markdown-preview-enhanced]: No se encontró un mensaje para la clave markdown-preview-enhanced.syncPreview.title.
2024-10-15 16:33:30.206 [warning] [markdown-preview-enhanced]: No se encontró un mensaje para la clave markdown-preview-enhanced.customizeCss.title.
2024-10-15 16:33:30.208 [warning] [markdown-preview-enhanced]: No se encontró un mensaje para la clave markdown-preview-enhanced.customizeCssInWorkspace.title.
2024-10-15 16:33:30.208 [warning] [markdown-preview-enhanced]: No se encontró un mensaje para la clave markdown-preview-enhanced.insertNewSlide.title.
2024-10-15 16:33:30.208 [warning] [markdown-preview-enhanced]: No se encontró un mensaje para la clave markdown-preview-enhanced.insertTable.title.
2024-10-15 16:33:30.208 [warning] [markdown-preview-enhanced]: No se encontró un mensaje para la clave markdown-preview-enhanced.insertPagebreak.title.
2024-10-15 16:33:30.209 [warning] [markdown-preview-enhanced]: No se encontró un mensaje para la clave markdown-preview-enhanced.createTOC.title.
2024-10-15 16:33:30.209 [warning] [markdown-preview-enhanced]: No se encontró un mensaje para la clave markdown-preview-enhanced.openConfigScript.title.
2024-10-15 16:33:30.209 [warning] [markdown-preview-enhanced]: No se encontró un mensaje para la clave markdown-preview-enhanced.extendParser.title.
2024-10-15 16:33:30.209 [warning] [markdown-preview-enhanced]: No se encontró un mensaje para la clave markdown-preview-enhanced.customizePreviewHtmlHead.title.
2024-10-15 16:33:30.209 [warning] [markdown-preview-enhanced]: No se encontró un mensaje para la clave markdown-preview-enhanced.openConfigScriptInWorkspace.title.
2024-10-15 16:33:30.210 [warning] [markdown-preview-enhanced]: No se encontró un mensaje para la clave markdown-preview-enhanced.extendParserInWorkspace.title.
2024-10-15 16:33:30.210 [warning] [markdown-preview-enhanced]: No se encontró un mensaje para la clave markdown-preview-enhanced.customizePreviewHtmlHeadInWorkspace.title.
2024-10-15 16:33:30.210 [warning] [markdown-preview-enhanced]: No se encontró un mensaje para la clave markdown-preview-enhanced.showUploadedImages.title.
2024-10-15 16:33:30.210 [warning] [markdown-preview-enhanced]: No se encontró un mensaje para la clave customEditorPreviewDisplayName.
2024-10-15 16:34:25.710 [error] [/home/pro/.vscode/extensions/shd101wyy.markdown-preview-enhanced-0.8.14]: No se pudo analizar /home/pro/.vscode/extensions/shd101wyy.markdown-preview-enhanced-0.8.14/package.nls.json: Se esperaba un valor.
2024-10-15 16:34:25.710 [warning] [markdown-preview-enhanced]: No se encontró un mensaje para la clave displayName.
2024-10-15 16:34:25.712 [warning] [markdown-preview-enhanced]: No se encontró un mensaje para la clave description.
2024-10-15 16:34:25.713 [warning] [markdown-preview-enhanced]: No se encontró un mensaje para la clave markdown-preview-enhanced.openPreviewToTheSide.title.
2024-10-15 16:34:25.713 [warning] [markdown-preview-enhanced]: No se encontró un mensaje para la clave markdown-preview-enhanced.openPreview.title.
2024-10-15 16:34:25.713 [warning] [markdown-preview-enhanced]: No se encontró un mensaje para la clave markdown-preview-enhanced.toggleScrollSync.title.
2024-10-15 16:34:25.717 [warning] [markdown-preview-enhanced]: No se encontró un mensaje para la clave markdown-preview-enhanced.toggleLiveUpdate.title.
2024-10-15 16:34:25.718 [warning] [markdown-preview-enhanced]: No se encontró un mensaje para la clave markdown-preview-enhanced.toggleBreakOnSingleNewLine.title.
2024-10-15 16:34:25.718 [warning] [markdown-preview-enhanced]: No se encontró un mensaje para la clave markdown-preview-enhanced.openImageHelper.title.
2024-10-15 16:34:25.724 [warning] [markdown-preview-enhanced]: No se encontró un mensaje para la clave markdown-preview-enhanced.runAllCodeChunks.title.
2024-10-15 16:34:25.724 [warning] [markdown-preview-enhanced]: No se encontró un mensaje para la clave markdown-preview-enhanced.runCodeChunk.title.
2024-10-15 16:34:25.724 [warning] [markdown-preview-enhanced]: No se encontró un mensaje para la clave markdown-preview-enhanced.syncPreview.title.
2024-10-15 16:34:25.724 [warning] [markdown-preview-enhanced]: No se encontró un mensaje para la clave markdown-preview-enhanced.customizeCss.title.
2024-10-15 16:34:25.725 [warning] [markdown-preview-enhanced]: No se encontró un mensaje para la clave markdown-preview-enhanced.customizeCssInWorkspace.title.
2024-10-15 16:34:25.725 [warning] [markdown-preview-enhanced]: No se encontró un mensaje para la clave markdown-preview-enhanced.insertNewSlide.title.
2024-10-15 16:34:25.725 [warning] [markdown-preview-enhanced]: No se encontró un mensaje para la clave markdown-preview-enhanced.insertTable.title.
2024-10-15 16:34:25.725 [warning] [markdown-preview-enhanced]: No se encontró un mensaje para la clave markdown-preview-enhanced.insertPagebreak.title.
2024-10-15 16:34:25.725 [warning] [markdown-preview-enhanced]: No se encontró un mensaje para la clave markdown-preview-enhanced.createTOC.title.
2024-10-15 16:34:25.725 [warning] [markdown-preview-enhanced]: No se encontró un mensaje para la clave markdown-preview-enhanced.openConfigScript.title.
2024-10-15 16:34:25.726 [warning] [markdown-preview-enhanced]: No se encontró un mensaje para la clave markdown-preview-enhanced.extendParser.title.
2024-10-15 16:34:25.726 [warning] [markdown-preview-enhanced]: No se encontró un mensaje para la clave markdown-preview-enhanced.customizePreviewHtmlHead.title.
2024-10-15 16:34:25.726 [warning] [markdown-preview-enhanced]: No se encontró un mensaje para la clave markdown-preview-enhanced.openConfigScriptInWorkspace.title.
2024-10-15 16:34:25.726 [warning] [markdown-preview-enhanced]: No se encontró un mensaje para la clave markdown-preview-enhanced.extendParserInWorkspace.title.
2024-10-15 16:34:25.726 [warning] [markdown-preview-enhanced]: No se encontró un mensaje para la clave markdown-preview-enhanced.customizePreviewHtmlHeadInWorkspace.title.
2024-10-15 16:34:25.727 [warning] [markdown-preview-enhanced]: No se encontró un mensaje para la clave markdown-preview-enhanced.showUploadedImages.title.
2024-10-15 16:34:25.727 [warning] [markdown-preview-enhanced]: No se encontró un mensaje para la clave customEditorPreviewDisplayName.
2024-10-15 16:34:26.921 [error] [/home/pro/.vscode/extensions/shd101wyy.markdown-preview-enhanced-0.8.14]: No se pudo analizar /home/pro/.vscode/extensions/shd101wyy.markdown-preview-enhanced-0.8.14/package.nls.json: Se esperaba un valor.
2024-10-15 16:34:26.922 [warning] [markdown-preview-enhanced]: No se encontró un mensaje para la clave displayName.
2024-10-15 16:34:26.922 [warning] [markdown-preview-enhanced]: No se encontró un mensaje para la clave description.
2024-10-15 16:34:26.922 [warning] [markdown-preview-enhanced]: No se encontró un mensaje para la clave markdown-preview-enhanced.openPreviewToTheSide.title.
2024-10-15 16:34:26.922 [warning] [markdown-preview-enhanced]: No se encontró un mensaje para la clave markdown-preview-enhanced.openPreview.title.
2024-10-15 16:34:26.923 [warning] [markdown-preview-enhanced]: No se encontró un mensaje para la clave markdown-preview-enhanced.toggleScrollSync.title.
2024-10-15 16:34:26.923 [warning] [markdown-preview-enhanced]: No se encontró un mensaje para la clave markdown-preview-enhanced.toggleLiveUpdate.title.
2024-10-15 16:34:26.923 [warning] [markdown-preview-enhanced]: No se encontró un mensaje para la clave markdown-preview-enhanced.toggleBreakOnSingleNewLine.title.
2024-10-15 16:34:26.924 [warning] [markdown-preview-enhanced]: No se encontró un mensaje para la clave markdown-preview-enhanced.openImageHelper.title.
2024-10-15 16:34:26.924 [warning] [markdown-preview-enhanced]: No se encontró un mensaje para la clave markdown-preview-enhanced.runAllCodeChunks.title.
2024-10-15 16:34:26.924 [warning] [markdown-preview-enhanced]: No se encontró un mensaje para la clave markdown-preview-enhanced.runCodeChunk.title.
2024-10-15 16:34:26.925 [warning] [markdown-preview-enhanced]: No se encontró un mensaje para la clave markdown-preview-enhanced.syncPreview.title.
2024-10-15 16:34:26.925 [warning] [markdown-preview-enhanced]: No se encontró un mensaje para la clave markdown-preview-enhanced.customizeCss.title.
2024-10-15 16:34:26.925 [warning] [markdown-preview-enhanced]: No se encontró un mensaje para la clave markdown-preview-enhanced.customizeCssInWorkspace.title.
2024-10-15 16:34:26.925 [warning] [markdown-preview-enhanced]: No se encontró un mensaje para la clave markdown-preview-enhanced.insertNewSlide.title.
2024-10-15 16:34:26.926 [warning] [markdown-preview-enhanced]: No se encontró un mensaje para la clave markdown-preview-enhanced.insertTable.title.
2024-10-15 16:34:26.926 [warning] [markdown-preview-enhanced]: No se encontró un mensaje para la clave markdown-preview-enhanced.insertPagebreak.title.
2024-10-15 16:34:26.926 [warning] [markdown-preview-enhanced]: No se encontró un mensaje para la clave markdown-preview-enhanced.createTOC.title.
2024-10-15 16:34:26.926 [warning] [markdown-preview-enhanced]: No se encontró un mensaje para la clave markdown-preview-enhanced.openConfigScript.title.
2024-10-15 16:34:26.927 [warning] [markdown-preview-enhanced]: No se encontró un mensaje para la clave markdown-preview-enhanced.extendParser.title.
2024-10-15 16:34:26.927 [warning] [markdown-preview-enhanced]: No se encontró un mensaje para la clave markdown-preview-enhanced.customizePreviewHtmlHead.title.
2024-10-15 16:34:26.927 [warning] [markdown-preview-enhanced]: No se encontró un mensaje para la clave markdown-preview-enhanced.openConfigScriptInWorkspace.title.
2024-10-15 16:34:26.928 [warning] [markdown-preview-enhanced]: No se encontró un mensaje para la clave markdown-preview-enhanced.extendParserInWorkspace.title.
2024-10-15 16:34:26.928 [warning] [markdown-preview-enhanced]: No se encontró un mensaje para la clave markdown-preview-enhanced.customizePreviewHtmlHeadInWorkspace.title.
2024-10-15 16:34:26.928 [warning] [markdown-preview-enhanced]: No se encontró un mensaje para la clave markdown-preview-enhanced.showUploadedImages.title.
2024-10-15 16:34:26.929 [warning] [markdown-preview-enhanced]: No se encontró un mensaje para la clave customEditorPreviewDisplayName.
2024-10-15 16:34:27.483 [error] [/home/pro/.vscode/extensions/shd101wyy.markdown-preview-enhanced-0.8.14]: No se pudo analizar /home/pro/.vscode/extensions/shd101wyy.markdown-preview-enhanced-0.8.14/package.nls.json: Se esperaba un valor.
2024-10-15 16:34:27.483 [warning] [markdown-preview-enhanced]: No se encontró un mensaje para la clave displayName.
2024-10-15 16:34:27.483 [warning] [markdown-preview-enhanced]: No se encontró un mensaje para la clave description.
2024-10-15 16:34:27.484 [warning] [markdown-preview-enhanced]: No se encontró un mensaje para la clave markdown-preview-enhanced.openPreviewToTheSide.title.
2024-10-15 16:34:27.484 [warning] [markdown-preview-enhanced]: No se encontró un mensaje para la clave markdown-preview-enhanced.openPreview.title.
2024-10-15 16:34:27.484 [warning] [markdown-preview-enhanced]: No se encontró un mensaje para la clave markdown-preview-enhanced.toggleScrollSync.title.
2024-10-15 16:34:27.484 [warning] [markdown-preview-enhanced]: No se encontró un mensaje para la clave markdown-preview-enhanced.toggleLiveUpdate.title.
2024-10-15 16:34:27.485 [warning] [markdown-preview-enhanced]: No se encontró un mensaje para la clave markdown-preview-enhanced.toggleBreakOnSingleNewLine.title.
2024-10-15 16:34:27.485 [warning] [markdown-preview-enhanced]: No se encontró un mensaje para la clave markdown-preview-enhanced.openImageHelper.title.
2024-10-15 16:34:27.486 [warning] [markdown-preview-enhanced]: No se encontró un mensaje para la clave markdown-preview-enhanced.runAllCodeChunks.title.
2024-10-15 16:34:27.486 [warning] [markdown-preview-enhanced]: No se encontró un mensaje para la clave markdown-preview-enhanced.runCodeChunk.title.
2024-10-15 16:34:27.486 [warning] [markdown-preview-enhanced]: No se encontró un mensaje para la clave markdown-preview-enhanced.syncPreview.title.
2024-10-15 16:34:27.486 [warning] [markdown-preview-enhanced]: No se encontró un mensaje para la clave markdown-preview-enhanced.customizeCss.title.
2024-10-15 16:34:27.487 [warning] [markdown-preview-enhanced]: No se encontró un mensaje para la clave markdown-preview-enhanced.customizeCssInWorkspace.title.
2024-10-15 16:34:27.487 [warning] [markdown-preview-enhanced]: No se encontró un mensaje para la clave markdown-preview-enhanced.insertNewSlide.title.
2024-10-15 16:34:27.487 [warning] [markdown-preview-enhanced]: No se encontró un mensaje para la clave markdown-preview-enhanced.insertTable.title.
2024-10-15 16:34:27.488 [warning] [markdown-preview-enhanced]: No se encontró un mensaje para la clave markdown-preview-enhanced.insertPagebreak.title.
2024-10-15 16:34:27.488 [warning] [markdown-preview-enhanced]: No se encontró un mensaje para la clave markdown-preview-enhanced.createTOC.title.
2024-10-15 16:34:27.488 [warning] [markdown-preview-enhanced]: No se encontró un mensaje para la clave markdown-preview-enhanced.openConfigScript.title.
2024-10-15 16:34:27.489 [warning] [markdown-preview-enhanced]: No se encontró un mensaje para la clave markdown-preview-enhanced.extendParser.title.
2024-10-15 16:34:27.489 [warning] [markdown-preview-enhanced]: No se encontró un mensaje para la clave markdown-preview-enhanced.customizePreviewHtmlHead.title.
2024-10-15 16:34:27.489 [warning] [markdown-preview-enhanced]: No se encontró un mensaje para la clave markdown-preview-enhanced.openConfigScriptInWorkspace.title.
2024-10-15 16:34:27.489 [warning] [markdown-preview-enhanced]: No se encontró un mensaje para la clave markdown-preview-enhanced.extendParserInWorkspace.title.
2024-10-15 16:34:27.490 [warning] [markdown-preview-enhanced]: No se encontró un mensaje para la clave markdown-preview-enhanced.customizePreviewHtmlHeadInWorkspace.title.
2024-10-15 16:34:27.490 [warning] [markdown-preview-enhanced]: No se encontró un mensaje para la clave markdown-preview-enhanced.showUploadedImages.title.
2024-10-15 16:34:27.490 [warning] [markdown-preview-enhanced]: No se encontró un mensaje para la clave customEditorPreviewDisplayName.
2024-10-15 16:34:27.851 [error] [/home/pro/.vscode/extensions/shd101wyy.markdown-preview-enhanced-0.8.14]: No se pudo analizar /home/pro/.vscode/extensions/shd101wyy.markdown-preview-enhanced-0.8.14/package.nls.json: Se esperaba un valor.
2024-10-15 16:34:27.851 [warning] [markdown-preview-enhanced]: No se encontró un mensaje para la clave displayName.
2024-10-15 16:34:27.851 [warning] [markdown-preview-enhanced]: No se encontró un mensaje para la clave description.
2024-10-15 16:34:27.852 [warning] [markdown-preview-enhanced]: No se encontró un mensaje para la clave markdown-preview-enhanced.openPreviewToTheSide.title.
2024-10-15 16:34:27.852 [warning] [markdown-preview-enhanced]: No se encontró un mensaje para la clave markdown-preview-enhanced.openPreview.title.
2024-10-15 16:34:27.852 [warning] [markdown-preview-enhanced]: No se encontró un mensaje para la clave markdown-preview-enhanced.toggleScrollSync.title.
2024-10-15 16:34:27.852 [warning] [markdown-preview-enhanced]: No se encontró un mensaje para la clave markdown-preview-enhanced.toggleLiveUpdate.title.
2024-10-15 16:34:27.852 [warning] [markdown-preview-enhanced]: No se encontró un mensaje para la clave markdown-preview-enhanced.toggleBreakOnSingleNewLine.title.
2024-10-15 16:34:27.852 [warning] [markdown-preview-enhanced]: No se encontró un mensaje para la clave markdown-preview-enhanced.openImageHelper.title.
2024-10-15 16:34:27.852 [warning] [markdown-preview-enhanced]: No se encontró un mensaje para la clave markdown-preview-enhanced.runAllCodeChunks.title.
2024-10-15 16:34:27.852 [warning] [markdown-preview-enhanced]: No se encontró un mensaje para la clave markdown-preview-enhanced.runCodeChunk.title.
2024-10-15 16:34:27.852 [warning] [markdown-preview-enhanced]: No se encontró un mensaje para la clave markdown-preview-enhanced.syncPreview.title.
2024-10-15 16:34:27.853 [warning] [markdown-preview-enhanced]: No se encontró un mensaje para la clave markdown-preview-enhanced.customizeCss.title.
2024-10-15 16:34:27.853 [warning] [markdown-preview-enhanced]: No se encontró un mensaje para la clave markdown-preview-enhanced.customizeCssInWorkspace.title.
2024-10-15 16:34:27.853 [warning] [markdown-preview-enhanced]: No se encontró un mensaje para la clave markdown-preview-enhanced.insertNewSlide.title.
2024-10-15 16:34:27.853 [warning] [markdown-preview-enhanced]: No se encontró un mensaje para la clave markdown-preview-enhanced.insertTable.title.
2024-10-15 16:34:27.853 [warning] [markdown-preview-enhanced]: No se encontró un mensaje para la clave markdown-preview-enhanced.insertPagebreak.title.
2024-10-15 16:34:27.853 [warning] [markdown-preview-enhanced]: No se encontró un mensaje para la clave markdown-preview-enhanced.createTOC.title.
2024-10-15 16:34:27.854 [warning] [markdown-preview-enhanced]: No se encontró un mensaje para la clave markdown-preview-enhanced.openConfigScript.title.
2024-10-15 16:34:27.854 [warning] [markdown-preview-enhanced]: No se encontró un mensaje para la clave markdown-preview-enhanced.extendParser.title.
2024-10-15 16:34:27.854 [warning] [markdown-preview-enhanced]: No se encontró un mensaje para la clave markdown-preview-enhanced.customizePreviewHtmlHead.title.
2024-10-15 16:34:27.854 [warning] [markdown-preview-enhanced]: No se encontró un mensaje para la clave markdown-preview-enhanced.openConfigScriptInWorkspace.title.
2024-10-15 16:34:27.854 [warning] [markdown-preview-enhanced]: No se encontró un mensaje para la clave markdown-preview-enhanced.extendParserInWorkspace.title.
2024-10-15 16:34:27.854 [warning] [markdown-preview-enhanced]: No se encontró un mensaje para la clave markdown-preview-enhanced.customizePreviewHtmlHeadInWorkspace.title.
2024-10-15 16:34:27.854 [warning] [markdown-preview-enhanced]: No se encontró un mensaje para la clave markdown-preview-enhanced.showUploadedImages.title.
2024-10-15 16:34:27.854 [warning] [markdown-preview-enhanced]: No se encontró un mensaje para la clave customEditorPreviewDisplayName.
2024-10-15 16:34:28.057 [error] [/home/pro/.vscode/extensions/shd101wyy.markdown-preview-enhanced-0.8.14]: No se pudo analizar /home/pro/.vscode/extensions/shd101wyy.markdown-preview-enhanced-0.8.14/package.nls.json: Se esperaba un valor.
2024-10-15 16:34:28.057 [warning] [markdown-preview-enhanced]: No se encontró un mensaje para la clave displayName.
2024-10-15 16:34:28.057 [warning] [markdown-preview-enhanced]: No se encontró un mensaje para la clave description.
2024-10-15 16:34:28.057 [warning] [markdown-preview-enhanced]: No se encontró un mensaje para la clave markdown-preview-enhanced.openPreviewToTheSide.title.
2024-10-15 16:34:28.057 [warning] [markdown-preview-enhanced]: No se encontró un mensaje para la clave markdown-preview-enhanced.openPreview.title.
2024-10-15 16:34:28.057 [warning] [markdown-preview-enhanced]: No se encontró un mensaje para la clave markdown-preview-enhanced.toggleScrollSync.title.
2024-10-15 16:34:28.058 [warning] [markdown-preview-enhanced]: No se encontró un mensaje para la clave markdown-preview-enhanced.toggleLiveUpdate.title.
2024-10-15 16:34:28.058 [warning] [markdown-preview-enhanced]: No se encontró un mensaje para la clave markdown-preview-enhanced.toggleBreakOnSingleNewLine.title.
2024-10-15 16:34:28.058 [warning] [markdown-preview-enhanced]: No se encontró un mensaje para la clave markdown-preview-enhanced.openImageHelper.title.
2024-10-15 16:34:28.062 [warning] [markdown-preview-enhanced]: No se encontró un mensaje para la clave markdown-preview-enhanced.runAllCodeChunks.title.
2024-10-15 16:34:28.062 [warning] [markdown-preview-enhanced]: No se encontró un mensaje para la clave markdown-preview-enhanced.runCodeChunk.title.
2024-10-15 16:34:28.062 [warning] [markdown-preview-enhanced]: No se encontró un mensaje para la clave markdown-preview-enhanced.syncPreview.title.
2024-10-15 16:34:28.062 [warning] [markdown-preview-enhanced]: No se encontró un mensaje para la clave markdown-preview-enhanced.customizeCss.title.
2024-10-15 16:34:28.062 [warning] [markdown-preview-enhanced]: No se encontró un mensaje para la clave markdown-preview-enhanced.customizeCssInWorkspace.title.
2024-10-15 16:34:28.063 [warning] [markdown-preview-enhanced]: No se encontró un mensaje para la clave markdown-preview-enhanced.insertNewSlide.title.
2024-10-15 16:34:28.063 [warning] [markdown-preview-enhanced]: No se encontró un mensaje para la clave markdown-preview-enhanced.insertTable.title.
2024-10-15 16:34:28.063 [warning] [markdown-preview-enhanced]: No se encontró un mensaje para la clave markdown-preview-enhanced.insertPagebreak.title.
2024-10-15 16:34:28.063 [warning] [markdown-preview-enhanced]: No se encontró un mensaje para la clave markdown-preview-enhanced.createTOC.title.
2024-10-15 16:34:28.063 [warning] [markdown-preview-enhanced]: No se encontró un mensaje para la clave markdown-preview-enhanced.openConfigScript.title.
2024-10-15 16:34:28.063 [warning] [markdown-preview-enhanced]: No se encontró un mensaje para la clave markdown-preview-enhanced.extendParser.title.
2024-10-15 16:34:28.063 [warning] [markdown-preview-enhanced]: No se encontró un mensaje para la clave markdown-preview-enhanced.customizePreviewHtmlHead.title.
2024-10-15 16:34:28.063 [warning] [markdown-preview-enhanced]: No se encontró un mensaje para la clave markdown-preview-enhanced.openConfigScriptInWorkspace.title.
2024-10-15 16:34:28.063 [warning] [markdown-preview-enhanced]: No se encontró un mensaje para la clave markdown-preview-enhanced.extendParserInWorkspace.title.
2024-10-15 16:34:28.063 [warning] [markdown-preview-enhanced]: No se encontró un mensaje para la clave markdown-preview-enhanced.customizePreviewHtmlHeadInWorkspace.title.
2024-10-15 16:34:28.064 [warning] [markdown-preview-enhanced]: No se encontró un mensaje para la clave markdown-preview-enhanced.showUploadedImages.title.
2024-10-15 16:34:28.064 [warning] [markdown-preview-enhanced]: No se encontró un mensaje para la clave customEditorPreviewDisplayName.
2024-10-15 16:34:28.487 [error] [/home/pro/.vscode/extensions/shd101wyy.markdown-preview-enhanced-0.8.14]: No se pudo analizar /home/pro/.vscode/extensions/shd101wyy.markdown-preview-enhanced-0.8.14/package.nls.json: Se esperaba un valor.
2024-10-15 16:34:28.489 [warning] [markdown-preview-enhanced]: No se encontró un mensaje para la clave displayName.
2024-10-15 16:34:28.490 [warning] [markdown-preview-enhanced]: No se encontró un mensaje para la clave description.
2024-10-15 16:34:28.490 [warning] [markdown-preview-enhanced]: No se encontró un mensaje para la clave markdown-preview-enhanced.openPreviewToTheSide.title.
2024-10-15 16:34:28.490 [warning] [markdown-preview-enhanced]: No se encontró un mensaje para la clave markdown-preview-enhanced.openPreview.title.
2024-10-15 16:34:28.490 [warning] [markdown-preview-enhanced]: No se encontró un mensaje para la clave markdown-preview-enhanced.toggleScrollSync.title.
2024-10-15 16:34:28.491 [warning] [markdown-preview-enhanced]: No se encontró un mensaje para la clave markdown-preview-enhanced.toggleLiveUpdate.title.
2024-10-15 16:34:28.491 [warning] [markdown-preview-enhanced]: No se encontró un mensaje para la clave markdown-preview-enhanced.toggleBreakOnSingleNewLine.title.
2024-10-15 16:34:28.491 [warning] [markdown-preview-enhanced]: No se encontró un mensaje para la clave markdown-preview-enhanced.openImageHelper.title.
2024-10-15 16:34:28.491 [warning] [markdown-preview-enhanced]: No se encontró un mensaje para la clave markdown-preview-enhanced.runAllCodeChunks.title.
2024-10-15 16:34:28.492 [warning] [markdown-preview-enhanced]: No se encontró un mensaje para la clave markdown-preview-enhanced.runCodeChunk.title.
2024-10-15 16:34:28.492 [warning] [markdown-preview-enhanced]: No se encontró un mensaje para la clave markdown-preview-enhanced.syncPreview.title.
2024-10-15 16:34:28.492 [warning] [markdown-preview-enhanced]: No se encontró un mensaje para la clave markdown-preview-enhanced.customizeCss.title.
2024-10-15 16:34:28.492 [warning] [markdown-preview-enhanced]: No se encontró un mensaje para la clave markdown-preview-enhanced.customizeCssInWorkspace.title.
2024-10-15 16:34:28.493 [warning] [markdown-preview-enhanced]: No se encontró un mensaje para la clave markdown-preview-enhanced.insertNewSlide.title.
2024-10-15 16:34:28.493 [warning] [markdown-preview-enhanced]: No se encontró un mensaje para la clave markdown-preview-enhanced.insertTable.title.
2024-10-15 16:34:28.502 [warning] [markdown-preview-enhanced]: No se encontró un mensaje para la clave markdown-preview-enhanced.insertPagebreak.title.
2024-10-15 16:34:28.503 [warning] [markdown-preview-enhanced]: No se encontró un mensaje para la clave markdown-preview-enhanced.createTOC.title.
2024-10-15 16:34:28.503 [warning] [markdown-preview-enhanced]: No se encontró un mensaje para la clave markdown-preview-enhanced.openConfigScript.title.
2024-10-15 16:34:28.503 [warning] [markdown-preview-enhanced]: No se encontró un mensaje para la clave markdown-preview-enhanced.extendParser.title.
2024-10-15 16:34:28.503 [warning] [markdown-preview-enhanced]: No se encontró un mensaje para la clave markdown-preview-enhanced.customizePreviewHtmlHead.title.
2024-10-15 16:34:28.503 [warning] [markdown-preview-enhanced]: No se encontró un mensaje para la clave markdown-preview-enhanced.openConfigScriptInWorkspace.title.
2024-10-15 16:34:28.503 [warning] [markdown-preview-enhanced]: No se encontró un mensaje para la clave markdown-preview-enhanced.extendParserInWorkspace.title.
2024-10-15 16:34:28.504 [warning] [markdown-preview-enhanced]: No se encontró un mensaje para la clave markdown-preview-enhanced.customizePreviewHtmlHeadInWorkspace.title.
2024-10-15 16:34:28.504 [warning] [markdown-preview-enhanced]: No se encontró un mensaje para la clave markdown-preview-enhanced.showUploadedImages.title.
2024-10-15 16:34:28.504 [warning] [markdown-preview-enhanced]: No se encontró un mensaje para la clave customEditorPreviewDisplayName.
2024-10-15 16:34:28.941 [error] [/home/pro/.vscode/extensions/shd101wyy.markdown-preview-enhanced-0.8.14]: No se pudo analizar /home/pro/.vscode/extensions/shd101wyy.markdown-preview-enhanced-0.8.14/package.nls.json: Se esperaba un valor.
2024-10-15 16:34:28.941 [warning] [markdown-preview-enhanced]: No se encontró un mensaje para la clave displayName.
2024-10-15 16:34:28.941 [warning] [markdown-preview-enhanced]: No se encontró un mensaje para la clave description.
2024-10-15 16:34:28.942 [warning] [markdown-preview-enhanced]: No se encontró un mensaje para la clave markdown-preview-enhanced.openPreviewToTheSide.title.
2024-10-15 16:34:28.943 [warning] [markdown-preview-enhanced]: No se encontró un mensaje para la clave markdown-preview-enhanced.openPreview.title.
2024-10-15 16:34:28.944 [warning] [markdown-preview-enhanced]: No se encontró un mensaje para la clave markdown-preview-enhanced.toggleScrollSync.title.
2024-10-15 16:34:28.944 [warning] [markdown-preview-enhanced]: No se encontró un mensaje para la clave markdown-preview-enhanced.toggleLiveUpdate.title.
2024-10-15 16:34:28.944 [warning] [markdown-preview-enhanced]: No se encontró un mensaje para la clave markdown-preview-enhanced.toggleBreakOnSingleNewLine.title.
2024-10-15 16:34:28.944 [warning] [markdown-preview-enhanced]: No se encontró un mensaje para la clave markdown-preview-enhanced.openImageHelper.title.
2024-10-15 16:34:28.947 [warning] [markdown-preview-enhanced]: No se encontró un mensaje para la clave markdown-preview-enhanced.runAllCodeChunks.title.
2024-10-15 16:34:28.949 [warning] [markdown-preview-enhanced]: No se encontró un mensaje para la clave markdown-preview-enhanced.runCodeChunk.title.
2024-10-15 16:34:28.950 [warning] [markdown-preview-enhanced]: No se encontró un mensaje para la clave markdown-preview-enhanced.syncPreview.title.
2024-10-15 16:34:28.951 [warning] [markdown-preview-enhanced]: No se encontró un mensaje para la clave markdown-preview-enhanced.customizeCss.title.
2024-10-15 16:34:28.951 [warning] [markdown-preview-enhanced]: No se encontró un mensaje para la clave markdown-preview-enhanced.customizeCssInWorkspace.title.
2024-10-15 16:34:28.951 [warning] [markdown-preview-enhanced]: No se encontró un mensaje para la clave markdown-preview-enhanced.insertNewSlide.title.
2024-10-15 16:34:28.951 [warning] [markdown-preview-enhanced]: No se encontró un mensaje para la clave markdown-preview-enhanced.insertTable.title.
2024-10-15 16:34:28.952 [warning] [markdown-preview-enhanced]: No se encontró un mensaje para la clave markdown-preview-enhanced.insertPagebreak.title.
2024-10-15 16:34:28.952 [warning] [markdown-preview-enhanced]: No se encontró un mensaje para la clave markdown-preview-enhanced.createTOC.title.
2024-10-15 16:34:28.952 [warning] [markdown-preview-enhanced]: No se encontró un mensaje para la clave markdown-preview-enhanced.openConfigScript.title.
2024-10-15 16:34:28.952 [warning] [markdown-preview-enhanced]: No se encontró un mensaje para la clave markdown-preview-enhanced.extendParser.title.
2024-10-15 16:34:28.956 [warning] [markdown-preview-enhanced]: No se encontró un mensaje para la clave markdown-preview-enhanced.customizePreviewHtmlHead.title.
2024-10-15 16:34:28.957 [warning] [markdown-preview-enhanced]: No se encontró un mensaje para la clave markdown-preview-enhanced.openConfigScriptInWorkspace.title.
2024-10-15 16:34:28.957 [warning] [markdown-preview-enhanced]: No se encontró un mensaje para la clave markdown-preview-enhanced.extendParserInWorkspace.title.
2024-10-15 16:34:28.957 [warning] [markdown-preview-enhanced]: No se encontró un mensaje para la clave markdown-preview-enhanced.customizePreviewHtmlHeadInWorkspace.title.
2024-10-15 16:34:28.957 [warning] [markdown-preview-enhanced]: No se encontró un mensaje para la clave markdown-preview-enhanced.showUploadedImages.title.
2024-10-15 16:34:28.957 [warning] [markdown-preview-enhanced]: No se encontró un mensaje para la clave customEditorPreviewDisplayName.
2024-10-15 16:34:29.137 [error] [/home/pro/.vscode/extensions/shd101wyy.markdown-preview-enhanced-0.8.14]: No se pudo analizar /home/pro/.vscode/extensions/shd101wyy.markdown-preview-enhanced-0.8.14/package.nls.json: Se esperaba un valor.
2024-10-15 16:34:29.137 [warning] [markdown-preview-enhanced]: No se encontró un mensaje para la clave displayName.
2024-10-15 16:34:29.137 [warning] [markdown-preview-enhanced]: No se encontró un mensaje para la clave description.
2024-10-15 16:34:29.137 [warning] [markdown-preview-enhanced]: No se encontró un mensaje para la clave markdown-preview-enhanced.openPreviewToTheSide.title.
2024-10-15 16:34:29.138 [warning] [markdown-preview-enhanced]: No se encontró un mensaje para la clave markdown-preview-enhanced.openPreview.title.
2024-10-15 16:34:29.138 [warning] [markdown-preview-enhanced]: No se encontró un mensaje para la clave markdown-preview-enhanced.toggleScrollSync.title.
2024-10-15 16:34:29.138 [warning] [markdown-preview-enhanced]: No se encontró un mensaje para la clave markdown-preview-enhanced.toggleLiveUpdate.title.
2024-10-15 16:34:29.138 [warning] [markdown-preview-enhanced]: No se encontró un mensaje para la clave markdown-preview-enhanced.toggleBreakOnSingleNewLine.title.
2024-10-15 16:34:29.138 [warning] [markdown-preview-enhanced]: No se encontró un mensaje para la clave markdown-preview-enhanced.openImageHelper.title.
2024-10-15 16:34:29.138 [warning] [markdown-preview-enhanced]: No se encontró un mensaje para la clave markdown-preview-enhanced.runAllCodeChunks.title.
2024-10-15 16:34:29.138 [warning] [markdown-preview-enhanced]: No se encontró un mensaje para la clave markdown-preview-enhanced.runCodeChunk.title.
2024-10-15 16:34:29.139 [warning] [markdown-preview-enhanced]: No se encontró un mensaje para la clave markdown-preview-enhanced.syncPreview.title.
2024-10-15 16:34:29.139 [warning] [markdown-preview-enhanced]: No se encontró un mensaje para la clave markdown-preview-enhanced.customizeCss.title.
2024-10-15 16:34:29.139 [warning] [markdown-preview-enhanced]: No se encontró un mensaje para la clave markdown-preview-enhanced.customizeCssInWorkspace.title.
2024-10-15 16:34:29.139 [warning] [markdown-preview-enhanced]: No se encontró un mensaje para la clave markdown-preview-enhanced.insertNewSlide.title.
2024-10-15 16:34:29.139 [warning] [markdown-preview-enhanced]: No se encontró un mensaje para la clave markdown-preview-enhanced.insertTable.title.
2024-10-15 16:34:29.140 [warning] [markdown-preview-enhanced]: No se encontró un mensaje para la clave markdown-preview-enhanced.insertPagebreak.title.
2024-10-15 16:34:29.140 [warning] [markdown-preview-enhanced]: No se encontró un mensaje para la clave markdown-preview-enhanced.createTOC.title.
2024-10-15 16:34:29.140 [warning] [markdown-preview-enhanced]: No se encontró un mensaje para la clave markdown-preview-enhanced.openConfigScript.title.
2024-10-15 16:34:29.144 [warning] [markdown-preview-enhanced]: No se encontró un mensaje para la clave markdown-preview-enhanced.extendParser.title.
2024-10-15 16:34:29.145 [warning] [markdown-preview-enhanced]: No se encontró un mensaje para la clave markdown-preview-enhanced.customizePreviewHtmlHead.title.
2024-10-15 16:34:29.146 [warning] [markdown-preview-enhanced]: No se encontró un mensaje para la clave markdown-preview-enhanced.openConfigScriptInWorkspace.title.
2024-10-15 16:34:29.146 [warning] [markdown-preview-enhanced]: No se encontró un mensaje para la clave markdown-preview-enhanced.extendParserInWorkspace.title.
2024-10-15 16:34:29.146 [warning] [markdown-preview-enhanced]: No se encontró un mensaje para la clave markdown-preview-enhanced.customizePreviewHtmlHeadInWorkspace.title.
2024-10-15 16:34:29.146 [warning] [markdown-preview-enhanced]: No se encontró un mensaje para la clave markdown-preview-enhanced.showUploadedImages.title.
2024-10-15 16:34:29.146 [warning] [markdown-preview-enhanced]: No se encontró un mensaje para la clave customEditorPreviewDisplayName.
2024-10-15 16:34:29.297 [error] [/home/pro/.vscode/extensions/shd101wyy.markdown-preview-enhanced-0.8.14]: No se pudo analizar /home/pro/.vscode/extensions/shd101wyy.markdown-preview-enhanced-0.8.14/package.nls.json: Se esperaba un valor.
2024-10-15 16:34:29.298 [warning] [markdown-preview-enhanced]: No se encontró un mensaje para la clave displayName.
2024-10-15 16:34:29.298 [warning] [markdown-preview-enhanced]: No se encontró un mensaje para la clave description.
2024-10-15 16:34:29.298 [warning] [markdown-preview-enhanced]: No se encontró un mensaje para la clave markdown-preview-enhanced.openPreviewToTheSide.title.
2024-10-15 16:34:29.299 [warning] [markdown-preview-enhanced]: No se encontró un mensaje para la clave markdown-preview-enhanced.openPreview.title.
2024-10-15 16:34:29.301 [warning] [markdown-preview-enhanced]: No se encontró un mensaje para la clave markdown-preview-enhanced.toggleScrollSync.title.
2024-10-15 16:34:29.302 [warning] [markdown-preview-enhanced]: No se encontró un mensaje para la clave markdown-preview-enhanced.toggleLiveUpdate.title.
2024-10-15 16:34:29.302 [warning] [markdown-preview-enhanced]: No se encontró un mensaje para la clave markdown-preview-enhanced.toggleBreakOnSingleNewLine.title.
2024-10-15 16:34:29.302 [warning] [markdown-preview-enhanced]: No se encontró un mensaje para la clave markdown-preview-enhanced.openImageHelper.title.
2024-10-15 16:34:29.302 [warning] [markdown-preview-enhanced]: No se encontró un mensaje para la clave markdown-preview-enhanced.runAllCodeChunks.title.
2024-10-15 16:34:29.302 [warning] [markdown-preview-enhanced]: No se encontró un mensaje para la clave markdown-preview-enhanced.runCodeChunk.title.
2024-10-15 16:34:29.302 [warning] [markdown-preview-enhanced]: No se encontró un mensaje para la clave markdown-preview-enhanced.syncPreview.title.
2024-10-15 16:34:29.302 [warning] [markdown-preview-enhanced]: No se encontró un mensaje para la clave markdown-preview-enhanced.customizeCss.title.
2024-10-15 16:34:29.302 [warning] [markdown-preview-enhanced]: No se encontró un mensaje para la clave markdown-preview-enhanced.customizeCssInWorkspace.title.
2024-10-15 16:34:29.302 [warning] [markdown-preview-enhanced]: No se encontró un mensaje para la clave markdown-preview-enhanced.insertNewSlide.title.
2024-10-15 16:34:29.303 [warning] [markdown-preview-enhanced]: No se encontró un mensaje para la clave markdown-preview-enhanced.insertTable.title.
2024-10-15 16:34:29.303 [warning] [markdown-preview-enhanced]: No se encontró un mensaje para la clave markdown-preview-enhanced.insertPagebreak.title.
2024-10-15 16:34:29.303 [warning] [markdown-preview-enhanced]: No se encontró un mensaje para la clave markdown-preview-enhanced.createTOC.title.
2024-10-15 16:34:29.304 [warning] [markdown-preview-enhanced]: No se encontró un mensaje para la clave markdown-preview-enhanced.openConfigScript.title.
2024-10-15 16:34:29.304 [warning] [markdown-preview-enhanced]: No se encontró un mensaje para la clave markdown-preview-enhanced.extendParser.title.
2024-10-15 16:34:29.304 [warning] [markdown-preview-enhanced]: No se encontró un mensaje para la clave markdown-preview-enhanced.customizePreviewHtmlHead.title.
2024-10-15 16:34:29.304 [warning] [markdown-preview-enhanced]: No se encontró un mensaje para la clave markdown-preview-enhanced.openConfigScriptInWorkspace.title.
2024-10-15 16:34:29.304 [warning] [markdown-preview-enhanced]: No se encontró un mensaje para la clave markdown-preview-enhanced.extendParserInWorkspace.title.
2024-10-15 16:34:29.304 [warning] [markdown-preview-enhanced]: No se encontró un mensaje para la clave markdown-preview-enhanced.customizePreviewHtmlHeadInWorkspace.title.
2024-10-15 16:34:29.304 [warning] [markdown-preview-enhanced]: No se encontró un mensaje para la clave markdown-preview-enhanced.showUploadedImages.title.
2024-10-15 16:34:29.304 [warning] [markdown-preview-enhanced]: No se encontró un mensaje para la clave customEditorPreviewDisplayName.
2024-10-15 16:34:34.054 [error] [/home/pro/.vscode/extensions/shd101wyy.markdown-preview-enhanced-0.8.14]: No se pudo analizar /home/pro/.vscode/extensions/shd101wyy.markdown-preview-enhanced-0.8.14/package.nls.json: Se esperaba un valor.
2024-10-15 16:34:34.056 [warning] [markdown-preview-enhanced]: No se encontró un mensaje para la clave displayName.
2024-10-15 16:34:34.056 [warning] [markdown-preview-enhanced]: No se encontró un mensaje para la clave description.
2024-10-15 16:34:34.057 [warning] [markdown-preview-enhanced]: No se encontró un mensaje para la clave markdown-preview-enhanced.openPreviewToTheSide.title.
2024-10-15 16:34:34.057 [warning] [markdown-preview-enhanced]: No se encontró un mensaje para la clave markdown-preview-enhanced.openPreview.title.
2024-10-15 16:34:34.057 [warning] [markdown-preview-enhanced]: No se encontró un mensaje para la clave markdown-preview-enhanced.toggleScrollSync.title.
2024-10-15 16:34:34.057 [warning] [markdown-preview-enhanced]: No se encontró un mensaje para la clave markdown-preview-enhanced.toggleLiveUpdate.title.
2024-10-15 16:34:34.057 [warning] [markdown-preview-enhanced]: No se encontró un mensaje para la clave markdown-preview-enhanced.toggleBreakOnSingleNewLine.title.
2024-10-15 16:34:34.058 [warning] [markdown-preview-enhanced]: No se encontró un mensaje para la clave markdown-preview-enhanced.openImageHelper.title.
2024-10-15 16:34:34.059 [warning] [markdown-preview-enhanced]: No se encontró un mensaje para la clave markdown-preview-enhanced.runAllCodeChunks.title.
2024-10-15 16:34:34.060 [warning] [markdown-preview-enhanced]: No se encontró un mensaje para la clave markdown-preview-enhanced.runCodeChunk.title.
2024-10-15 16:34:34.060 [warning] [markdown-preview-enhanced]: No se encontró un mensaje para la clave markdown-preview-enhanced.syncPreview.title.
2024-10-15 16:34:34.060 [warning] [markdown-preview-enhanced]: No se encontró un mensaje para la clave markdown-preview-enhanced.customizeCss.title.
2024-10-15 16:34:34.061 [warning] [markdown-preview-enhanced]: No se encontró un mensaje para la clave markdown-preview-enhanced.customizeCssInWorkspace.title.
2024-10-15 16:34:34.061 [warning] [markdown-preview-enhanced]: No se encontró un mensaje para la clave markdown-preview-enhanced.insertNewSlide.title.
2024-10-15 16:34:34.061 [warning] [markdown-preview-enhanced]: No se encontró un mensaje para la clave markdown-preview-enhanced.insertTable.title.
2024-10-15 16:34:34.061 [warning] [markdown-preview-enhanced]: No se encontró un mensaje para la clave markdown-preview-enhanced.insertPagebreak.title.
2024-10-15 16:34:34.062 [warning] [markdown-preview-enhanced]: No se encontró un mensaje para la clave markdown-preview-enhanced.createTOC.title.
2024-10-15 16:34:34.062 [warning] [markdown-preview-enhanced]: No se encontró un mensaje para la clave markdown-preview-enhanced.openConfigScript.title.
2024-10-15 16:34:34.062 [warning] [markdown-preview-enhanced]: No se encontró un mensaje para la clave markdown-preview-enhanced.extendParser.title.
2024-10-15 16:34:34.066 [warning] [markdown-preview-enhanced]: No se encontró un mensaje para la clave markdown-preview-enhanced.customizePreviewHtmlHead.title.
2024-10-15 16:34:34.069 [warning] [markdown-preview-enhanced]: No se encontró un mensaje para la clave markdown-preview-enhanced.openConfigScriptInWorkspace.title.
2024-10-15 16:34:34.070 [warning] [markdown-preview-enhanced]: No se encontró un mensaje para la clave markdown-preview-enhanced.extendParserInWorkspace.title.
2024-10-15 16:34:34.070 [warning] [markdown-preview-enhanced]: No se encontró un mensaje para la clave markdown-preview-enhanced.customizePreviewHtmlHeadInWorkspace.title.
2024-10-15 16:34:34.070 [warning] [markdown-preview-enhanced]: No se encontró un mensaje para la clave markdown-preview-enhanced.showUploadedImages.title.
2024-10-15 16:34:34.078 [warning] [markdown-preview-enhanced]: No se encontró un mensaje para la clave customEditorPreviewDisplayName.
2024-10-15 16:34:34.293 [error] [/home/pro/.vscode/extensions/shd101wyy.markdown-preview-enhanced-0.8.14]: No se pudo analizar /home/pro/.vscode/extensions/shd101wyy.markdown-preview-enhanced-0.8.14/package.nls.json: Se esperaba un valor.
2024-10-15 16:34:34.296 [warning] [markdown-preview-enhanced]: No se encontró un mensaje para la clave displayName.
2024-10-15 16:34:34.296 [warning] [markdown-preview-enhanced]: No se encontró un mensaje para la clave description.
2024-10-15 16:34:34.296 [warning] [markdown-preview-enhanced]: No se encontró un mensaje para la clave markdown-preview-enhanced.openPreviewToTheSide.title.
2024-10-15 16:34:34.296 [warning] [markdown-preview-enhanced]: No se encontró un mensaje para la clave markdown-preview-enhanced.openPreview.title.
2024-10-15 16:34:34.296 [warning] [markdown-preview-enhanced]: No se encontró un mensaje para la clave markdown-preview-enhanced.toggleScrollSync.title.
2024-10-15 16:34:34.296 [warning] [markdown-preview-enhanced]: No se encontró un mensaje para la clave markdown-preview-enhanced.toggleLiveUpdate.title.
2024-10-15 16:34:34.296 [warning] [markdown-preview-enhanced]: No se encontró un mensaje para la clave markdown-preview-enhanced.toggleBreakOnSingleNewLine.title.
2024-10-15 16:34:34.296 [warning] [markdown-preview-enhanced]: No se encontró un mensaje para la clave markdown-preview-enhanced.openImageHelper.title.
2024-10-15 16:34:34.296 [warning] [markdown-preview-enhanced]: No se encontró un mensaje para la clave markdown-preview-enhanced.runAllCodeChunks.title.
2024-10-15 16:34:34.296 [warning] [markdown-preview-enhanced]: No se encontró un mensaje para la clave markdown-preview-enhanced.runCodeChunk.title.
2024-10-15 16:34:34.297 [warning] [markdown-preview-enhanced]: No se encontró un mensaje para la clave markdown-preview-enhanced.syncPreview.title.
2024-10-15 16:34:34.297 [warning] [markdown-preview-enhanced]: No se encontró un mensaje para la clave markdown-preview-enhanced.customizeCss.title.
2024-10-15 16:34:34.297 [warning] [markdown-preview-enhanced]: No se encontró un mensaje para la clave markdown-preview-enhanced.customizeCssInWorkspace.title.
2024-10-15 16:34:34.297 [warning] [markdown-preview-enhanced]: No se encontró un mensaje para la clave markdown-preview-enhanced.insertNewSlide.title.
2024-10-15 16:34:34.297 [warning] [markdown-preview-enhanced]: No se encontró un mensaje para la clave markdown-preview-enhanced.insertTable.title.
2024-10-15 16:34:34.297 [warning] [markdown-preview-enhanced]: No se encontró un mensaje para la clave markdown-preview-enhanced.insertPagebreak.title.
2024-10-15 16:34:34.297 [warning] [markdown-preview-enhanced]: No se encontró un mensaje para la clave markdown-preview-enhanced.createTOC.title.
2024-10-15 16:34:34.297 [warning] [markdown-preview-enhanced]: No se encontró un mensaje para la clave markdown-preview-enhanced.openConfigScript.title.
2024-10-15 16:34:34.298 [warning] [markdown-preview-enhanced]: No se encontró un mensaje para la clave markdown-preview-enhanced.extendParser.title.
2024-10-15 16:34:34.298 [warning] [markdown-preview-enhanced]: No se encontró un mensaje para la clave markdown-preview-enhanced.customizePreviewHtmlHead.title.
2024-10-15 16:34:34.298 [warning] [markdown-preview-enhanced]: No se encontró un mensaje para la clave markdown-preview-enhanced.openConfigScriptInWorkspace.title.
2024-10-15 16:34:34.298 [warning] [markdown-preview-enhanced]: No se encontró un mensaje para la clave markdown-preview-enhanced.extendParserInWorkspace.title.
2024-10-15 16:34:34.298 [warning] [markdown-preview-enhanced]: No se encontró un mensaje para la clave markdown-preview-enhanced.customizePreviewHtmlHeadInWorkspace.title.
2024-10-15 16:34:34.299 [warning] [markdown-preview-enhanced]: No se encontró un mensaje para la clave markdown-preview-enhanced.showUploadedImages.title.
2024-10-15 16:34:34.299 [warning] [markdown-preview-enhanced]: No se encontró un mensaje para la clave customEditorPreviewDisplayName.
2024-10-15 16:34:52.884 [error] [/home/pro/.vscode/extensions/shd101wyy.markdown-preview-enhanced-0.8.14]: No se pudo analizar /home/pro/.vscode/extensions/shd101wyy.markdown-preview-enhanced-0.8.14/package.nls.json: Se esperaba un valor.
2024-10-15 16:34:52.884 [warning] [markdown-preview-enhanced]: No se encontró un mensaje para la clave displayName.
2024-10-15 16:34:52.884 [warning] [markdown-preview-enhanced]: No se encontró un mensaje para la clave description.
2024-10-15 16:34:52.884 [warning] [markdown-preview-enhanced]: No se encontró un mensaje para la clave markdown-preview-enhanced.openPreviewToTheSide.title.
2024-10-15 16:34:52.885 [warning] [markdown-preview-enhanced]: No se encontró un mensaje para la clave markdown-preview-enhanced.openPreview.title.
2024-10-15 16:34:52.885 [warning] [markdown-preview-enhanced]: No se encontró un mensaje para la clave markdown-preview-enhanced.toggleScrollSync.title.
2024-10-15 16:34:52.885 [warning] [markdown-preview-enhanced]: No se encontró un mensaje para la clave markdown-preview-enhanced.toggleLiveUpdate.title.
2024-10-15 16:34:52.885 [warning] [markdown-preview-enhanced]: No se encontró un mensaje para la clave markdown-preview-enhanced.toggleBreakOnSingleNewLine.title.
2024-10-15 16:34:52.885 [warning] [markdown-preview-enhanced]: No se encontró un mensaje para la clave markdown-preview-enhanced.openImageHelper.title.
2024-10-15 16:34:52.885 [warning] [markdown-preview-enhanced]: No se encontró un mensaje para la clave markdown-preview-enhanced.runAllCodeChunks.title.
2024-10-15 16:34:52.885 [warning] [markdown-preview-enhanced]: No se encontró un mensaje para la clave markdown-preview-enhanced.runCodeChunk.title.
2024-10-15 16:34:52.885 [warning] [markdown-preview-enhanced]: No se encontró un mensaje para la clave markdown-preview-enhanced.syncPreview.title.
2024-10-15 16:34:52.885 [warning] [markdown-preview-enhanced]: No se encontró un mensaje para la clave markdown-preview-enhanced.customizeCss.title.
2024-10-15 16:34:52.886 [warning] [markdown-preview-enhanced]: No se encontró un mensaje para la clave markdown-preview-enhanced.customizeCssInWorkspace.title.
2024-10-15 16:34:52.886 [warning] [markdown-preview-enhanced]: No se encontró un mensaje para la clave markdown-preview-enhanced.insertNewSlide.title.
2024-10-15 16:34:52.886 [warning] [markdown-preview-enhanced]: No se encontró un mensaje para la clave markdown-preview-enhanced.insertTable.title.
2024-10-15 16:34:52.886 [warning] [markdown-preview-enhanced]: No se encontró un mensaje para la clave markdown-preview-enhanced.insertPagebreak.title.
2024-10-15 16:34:52.898 [warning] [markdown-preview-enhanced]: No se encontró un mensaje para la clave markdown-preview-enhanced.createTOC.title.
2024-10-15 16:34:52.899 [warning] [markdown-preview-enhanced]: No se encontró un mensaje para la clave markdown-preview-enhanced.openConfigScript.title.
2024-10-15 16:34:52.899 [warning] [markdown-preview-enhanced]: No se encontró un mensaje para la clave markdown-preview-enhanced.extendParser.title.
2024-10-15 16:34:52.899 [warning] [markdown-preview-enhanced]: No se encontró un mensaje para la clave markdown-preview-enhanced.customizePreviewHtmlHead.title.
2024-10-15 16:34:52.899 [warning] [markdown-preview-enhanced]: No se encontró un mensaje para la clave markdown-preview-enhanced.openConfigScriptInWorkspace.title.
2024-10-15 16:34:52.900 [warning] [markdown-preview-enhanced]: No se encontró un mensaje para la clave markdown-preview-enhanced.extendParserInWorkspace.title.
2024-10-15 16:34:52.900 [warning] [markdown-preview-enhanced]: No se encontró un mensaje para la clave markdown-preview-enhanced.customizePreviewHtmlHeadInWorkspace.title.
2024-10-15 16:34:52.901 [warning] [markdown-preview-enhanced]: No se encontró un mensaje para la clave markdown-preview-enhanced.showUploadedImages.title.
2024-10-15 16:34:52.901 [warning] [markdown-preview-enhanced]: No se encontró un mensaje para la clave customEditorPreviewDisplayName.
2024-10-15 16:35:27.679 [error] [/home/pro/.vscode/extensions/shd101wyy.markdown-preview-enhanced-0.8.14]: No se pudo analizar /home/pro/.vscode/extensions/shd101wyy.markdown-preview-enhanced-0.8.14/package.nls.json: Se esperaba un valor.
2024-10-15 16:35:27.680 [warning] [markdown-preview-enhanced]: No se encontró un mensaje para la clave displayName.
2024-10-15 16:35:27.680 [warning] [markdown-preview-enhanced]: No se encontró un mensaje para la clave description.
2024-10-15 16:35:27.680 [warning] [markdown-preview-enhanced]: No se encontró un mensaje para la clave markdown-preview-enhanced.openPreviewToTheSide.title.
2024-10-15 16:35:27.680 [warning] [markdown-preview-enhanced]: No se encontró un mensaje para la clave markdown-preview-enhanced.openPreview.title.
2024-10-15 16:35:27.681 [warning] [markdown-preview-enhanced]: No se encontró un mensaje para la clave markdown-preview-enhanced.toggleScrollSync.title.
2024-10-15 16:35:27.681 [warning] [markdown-preview-enhanced]: No se encontró un mensaje para la clave markdown-preview-enhanced.toggleLiveUpdate.title.
2024-10-15 16:35:27.682 [warning] [markdown-preview-enhanced]: No se encontró un mensaje para la clave markdown-preview-enhanced.toggleBreakOnSingleNewLine.title.
2024-10-15 16:35:27.682 [warning] [markdown-preview-enhanced]: No se encontró un mensaje para la clave markdown-preview-enhanced.openImageHelper.title.
2024-10-15 16:35:27.682 [warning] [markdown-preview-enhanced]: No se encontró un mensaje para la clave markdown-preview-enhanced.runAllCodeChunks.title.
2024-10-15 16:35:27.682 [warning] [markdown-preview-enhanced]: No se encontró un mensaje para la clave markdown-preview-enhanced.runCodeChunk.title.
2024-10-15 16:35:27.682 [warning] [markdown-preview-enhanced]: No se encontró un mensaje para la clave markdown-preview-enhanced.syncPreview.title.
2024-10-15 16:35:27.682 [warning] [markdown-preview-enhanced]: No se encontró un mensaje para la clave markdown-preview-enhanced.customizeCss.title.
2024-10-15 16:35:27.682 [warning] [markdown-preview-enhanced]: No se encontró un mensaje para la clave markdown-preview-enhanced.customizeCssInWorkspace.title.
2024-10-15 16:35:27.683 [warning] [markdown-preview-enhanced]: No se encontró un mensaje para la clave markdown-preview-enhanced.insertNewSlide.title.
2024-10-15 16:35:27.683 [warning] [markdown-preview-enhanced]: No se encontró un mensaje para la clave markdown-preview-enhanced.insertTable.title.
2024-10-15 16:35:27.683 [warning] [markdown-preview-enhanced]: No se encontró un mensaje para la clave markdown-preview-enhanced.insertPagebreak.title.
2024-10-15 16:35:27.683 [warning] [markdown-preview-enhanced]: No se encontró un mensaje para la clave markdown-preview-enhanced.createTOC.title.
2024-10-15 16:35:27.684 [warning] [markdown-preview-enhanced]: No se encontró un mensaje para la clave markdown-preview-enhanced.openConfigScript.title.
2024-10-15 16:35:27.684 [warning] [markdown-preview-enhanced]: No se encontró un mensaje para la clave markdown-preview-enhanced.extendParser.title.
2024-10-15 16:35:27.684 [warning] [markdown-preview-enhanced]: No se encontró un mensaje para la clave markdown-preview-enhanced.customizePreviewHtmlHead.title.
2024-10-15 16:35:27.684 [warning] [markdown-preview-enhanced]: No se encontró un mensaje para la clave markdown-preview-enhanced.openConfigScriptInWorkspace.title.
2024-10-15 16:35:27.685 [warning] [markdown-preview-enhanced]: No se encontró un mensaje para la clave markdown-preview-enhanced.extendParserInWorkspace.title.
2024-10-15 16:35:27.685 [warning] [markdown-preview-enhanced]: No se encontró un mensaje para la clave markdown-preview-enhanced.customizePreviewHtmlHeadInWorkspace.title.
2024-10-15 16:35:27.685 [warning] [markdown-preview-enhanced]: No se encontró un mensaje para la clave markdown-preview-enhanced.showUploadedImages.title.
2024-10-15 16:35:27.685 [warning] [markdown-preview-enhanced]: No se encontró un mensaje para la clave customEditorPreviewDisplayName.
2024-10-15 16:35:43.686 [info] Getting Manifest... intellsmi.comment-translate
2024-10-15 16:35:43.696 [info] Installing extension: intellsmi.comment-translate {"isMachineScoped":false,"installPreReleaseVersion":false,"pinned":false,"profileLocation":{"$mid":1,"external":"vscode-userdata:/home/pro/.vscode/extensions/extensions.json","path":"/home/pro/.vscode/extensions/extensions.json","scheme":"vscode-userdata"},"installOnlyNewlyAddedFromExtensionPack":true,"isApplicationScoped":false,"productVersion":{"version":"1.93.1","date":"2024-09-11T17:20:05.685Z"}}
2024-10-15 16:35:43.838 [error] [/home/pro/.vscode/extensions/shd101wyy.markdown-preview-enhanced-0.8.14]: No se pudo analizar /home/pro/.vscode/extensions/shd101wyy.markdown-preview-enhanced-0.8.14/package.nls.json: Se esperaba un valor.
2024-10-15 16:35:43.838 [warning] [markdown-preview-enhanced]: No se encontró un mensaje para la clave displayName.
2024-10-15 16:35:43.838 [warning] [markdown-preview-enhanced]: No se encontró un mensaje para la clave description.
2024-10-15 16:35:43.839 [warning] [markdown-preview-enhanced]: No se encontró un mensaje para la clave markdown-preview-enhanced.openPreviewToTheSide.title.
2024-10-15 16:35:43.839 [warning] [markdown-preview-enhanced]: No se encontró un mensaje para la clave markdown-preview-enhanced.openPreview.title.
2024-10-15 16:35:43.839 [warning] [markdown-preview-enhanced]: No se encontró un mensaje para la clave markdown-preview-enhanced.toggleScrollSync.title.
2024-10-15 16:35:43.839 [warning] [markdown-preview-enhanced]: No se encontró un mensaje para la clave markdown-preview-enhanced.toggleLiveUpdate.title.
2024-10-15 16:35:43.839 [warning] [markdown-preview-enhanced]: No se encontró un mensaje para la clave markdown-preview-enhanced.toggleBreakOnSingleNewLine.title.
2024-10-15 16:35:43.840 [warning] [markdown-preview-enhanced]: No se encontró un mensaje para la clave markdown-preview-enhanced.openImageHelper.title.
2024-10-15 16:35:43.840 [warning] [markdown-preview-enhanced]: No se encontró un mensaje para la clave markdown-preview-enhanced.runAllCodeChunks.title.
2024-10-15 16:35:43.840 [warning] [markdown-preview-enhanced]: No se encontró un mensaje para la clave markdown-preview-enhanced.runCodeChunk.title.
2024-10-15 16:35:43.840 [warning] [markdown-preview-enhanced]: No se encontró un mensaje para la clave markdown-preview-enhanced.syncPreview.title.
2024-10-15 16:35:43.840 [warning] [markdown-preview-enhanced]: No se encontró un mensaje para la clave markdown-preview-enhanced.customizeCss.title.
2024-10-15 16:35:43.841 [warning] [markdown-preview-enhanced]: No se encontró un mensaje para la clave markdown-preview-enhanced.customizeCssInWorkspace.title.
2024-10-15 16:35:43.841 [warning] [markdown-preview-enhanced]: No se encontró un mensaje para la clave markdown-preview-enhanced.insertNewSlide.title.
2024-10-15 16:35:43.841 [warning] [markdown-preview-enhanced]: No se encontró un mensaje para la clave markdown-preview-enhanced.insertTable.title.
2024-10-15 16:35:43.841 [warning] [markdown-preview-enhanced]: No se encontró un mensaje para la clave markdown-preview-enhanced.insertPagebreak.title.
2024-10-15 16:35:43.841 [warning] [markdown-preview-enhanced]: No se encontró un mensaje para la clave markdown-preview-enhanced.createTOC.title.
2024-10-15 16:35:43.841 [warning] [markdown-preview-enhanced]: No se encontró un mensaje para la clave markdown-preview-enhanced.openConfigScript.title.
2024-10-15 16:35:43.841 [warning] [markdown-preview-enhanced]: No se encontró un mensaje para la clave markdown-preview-enhanced.extendParser.title.
2024-10-15 16:35:43.841 [warning] [markdown-preview-enhanced]: No se encontró un mensaje para la clave markdown-preview-enhanced.customizePreviewHtmlHead.title.
2024-10-15 16:35:43.841 [warning] [markdown-preview-enhanced]: No se encontró un mensaje para la clave markdown-preview-enhanced.openConfigScriptInWorkspace.title.
2024-10-15 16:35:43.841 [warning] [markdown-preview-enhanced]: No se encontró un mensaje para la clave markdown-preview-enhanced.extendParserInWorkspace.title.
2024-10-15 16:35:43.842 [warning] [markdown-preview-enhanced]: No se encontró un mensaje para la clave markdown-preview-enhanced.customizePreviewHtmlHeadInWorkspace.title.
2024-10-15 16:35:43.842 [warning] [markdown-preview-enhanced]: No se encontró un mensaje para la clave markdown-preview-enhanced.showUploadedImages.title.
2024-10-15 16:35:43.842 [warning] [markdown-preview-enhanced]: No se encontró un mensaje para la clave customEditorPreviewDisplayName.
2024-10-15 16:35:43.937 [error] [/home/pro/.vscode/extensions/shd101wyy.markdown-preview-enhanced-0.8.14]: No se pudo analizar /home/pro/.vscode/extensions/shd101wyy.markdown-preview-enhanced-0.8.14/package.nls.json: Se esperaba un valor.
2024-10-15 16:35:43.938 [warning] [markdown-preview-enhanced]: No se encontró un mensaje para la clave displayName.
2024-10-15 16:35:43.938 [warning] [markdown-preview-enhanced]: No se encontró un mensaje para la clave description.
2024-10-15 16:35:43.938 [warning] [markdown-preview-enhanced]: No se encontró un mensaje para la clave markdown-preview-enhanced.openPreviewToTheSide.title.
2024-10-15 16:35:43.938 [warning] [markdown-preview-enhanced]: No se encontró un mensaje para la clave markdown-preview-enhanced.openPreview.title.
2024-10-15 16:35:43.939 [warning] [markdown-preview-enhanced]: No se encontró un mensaje para la clave markdown-preview-enhanced.toggleScrollSync.title.
2024-10-15 16:35:43.939 [warning] [markdown-preview-enhanced]: No se encontró un mensaje para la clave markdown-preview-enhanced.toggleLiveUpdate.title.
2024-10-15 16:35:43.939 [warning] [markdown-preview-enhanced]: No se encontró un mensaje para la clave markdown-preview-enhanced.toggleBreakOnSingleNewLine.title.
2024-10-15 16:35:43.939 [warning] [markdown-preview-enhanced]: No se encontró un mensaje para la clave markdown-preview-enhanced.openImageHelper.title.
2024-10-15 16:35:43.939 [warning] [markdown-preview-enhanced]: No se encontró un mensaje para la clave markdown-preview-enhanced.runAllCodeChunks.title.
2024-10-15 16:35:43.940 [warning] [markdown-preview-enhanced]: No se encontró un mensaje para la clave markdown-preview-enhanced.runCodeChunk.title.
2024-10-15 16:35:43.940 [warning] [markdown-preview-enhanced]: No se encontró un mensaje para la clave markdown-preview-enhanced.syncPreview.title.
2024-10-15 16:35:43.940 [warning] [markdown-preview-enhanced]: No se encontró un mensaje para la clave markdown-preview-enhanced.customizeCss.title.
2024-10-15 16:35:43.941 [warning] [markdown-preview-enhanced]: No se encontró un mensaje para la clave markdown-preview-enhanced.customizeCssInWorkspace.title.
2024-10-15 16:35:43.941 [warning] [markdown-preview-enhanced]: No se encontró un mensaje para la clave markdown-preview-enhanced.insertNewSlide.title.
2024-10-15 16:35:43.941 [warning] [markdown-preview-enhanced]: No se encontró un mensaje para la clave markdown-preview-enhanced.insertTable.title.
2024-10-15 16:35:43.941 [warning] [markdown-preview-enhanced]: No se encontró un mensaje para la clave markdown-preview-enhanced.insertPagebreak.title.
2024-10-15 16:35:43.942 [warning] [markdown-preview-enhanced]: No se encontró un mensaje para la clave markdown-preview-enhanced.createTOC.title.
2024-10-15 16:35:43.942 [warning] [markdown-preview-enhanced]: No se encontró un mensaje para la clave markdown-preview-enhanced.openConfigScript.title.
2024-10-15 16:35:43.942 [warning] [markdown-preview-enhanced]: No se encontró un mensaje para la clave markdown-preview-enhanced.extendParser.title.
2024-10-15 16:35:43.942 [warning] [markdown-preview-enhanced]: No se encontró un mensaje para la clave markdown-preview-enhanced.customizePreviewHtmlHead.title.
2024-10-15 16:35:43.943 [warning] [markdown-preview-enhanced]: No se encontró un mensaje para la clave markdown-preview-enhanced.openConfigScriptInWorkspace.title.
2024-10-15 16:35:43.943 [warning] [markdown-preview-enhanced]: No se encontró un mensaje para la clave markdown-preview-enhanced.extendParserInWorkspace.title.
2024-10-15 16:35:43.943 [warning] [markdown-preview-enhanced]: No se encontró un mensaje para la clave markdown-preview-enhanced.customizePreviewHtmlHeadInWorkspace.title.
2024-10-15 16:35:43.943 [warning] [markdown-preview-enhanced]: No se encontró un mensaje para la clave markdown-preview-enhanced.showUploadedImages.title.
2024-10-15 16:35:43.944 [warning] [markdown-preview-enhanced]: No se encontró un mensaje para la clave customEditorPreviewDisplayName.
2024-10-15 16:35:44.007 [error] [/home/pro/.vscode/extensions/shd101wyy.markdown-preview-enhanced-0.8.14]: No se pudo analizar /home/pro/.vscode/extensions/shd101wyy.markdown-preview-enhanced-0.8.14/package.nls.json: Se esperaba un valor.
2024-10-15 16:35:44.007 [warning] [markdown-preview-enhanced]: No se encontró un mensaje para la clave displayName.
2024-10-15 16:35:44.007 [warning] [markdown-preview-enhanced]: No se encontró un mensaje para la clave description.
2024-10-15 16:35:44.008 [warning] [markdown-preview-enhanced]: No se encontró un mensaje para la clave markdown-preview-enhanced.openPreviewToTheSide.title.
2024-10-15 16:35:44.008 [warning] [markdown-preview-enhanced]: No se encontró un mensaje para la clave markdown-preview-enhanced.openPreview.title.
2024-10-15 16:35:44.008 [warning] [markdown-preview-enhanced]: No se encontró un mensaje para la clave markdown-preview-enhanced.toggleScrollSync.title.
2024-10-15 16:35:44.008 [warning] [markdown-preview-enhanced]: No se encontró un mensaje para la clave markdown-preview-enhanced.toggleLiveUpdate.title.
2024-10-15 16:35:44.009 [warning] [markdown-preview-enhanced]: No se encontró un mensaje para la clave markdown-preview-enhanced.toggleBreakOnSingleNewLine.title.
2024-10-15 16:35:44.009 [warning] [markdown-preview-enhanced]: No se encontró un mensaje para la clave markdown-preview-enhanced.openImageHelper.title.
2024-10-15 16:35:44.009 [warning] [markdown-preview-enhanced]: No se encontró un mensaje para la clave markdown-preview-enhanced.runAllCodeChunks.title.
2024-10-15 16:35:44.009 [warning] [markdown-preview-enhanced]: No se encontró un mensaje para la clave markdown-preview-enhanced.runCodeChunk.title.
2024-10-15 16:35:44.010 [warning] [markdown-preview-enhanced]: No se encontró un mensaje para la clave markdown-preview-enhanced.syncPreview.title.
2024-10-15 16:35:44.010 [warning] [markdown-preview-enhanced]: No se encontró un mensaje para la clave markdown-preview-enhanced.customizeCss.title.
2024-10-15 16:35:44.010 [warning] [markdown-preview-enhanced]: No se encontró un mensaje para la clave markdown-preview-enhanced.customizeCssInWorkspace.title.
2024-10-15 16:35:44.010 [warning] [markdown-preview-enhanced]: No se encontró un mensaje para la clave markdown-preview-enhanced.insertNewSlide.title.
2024-10-15 16:35:44.011 [warning] [markdown-preview-enhanced]: No se encontró un mensaje para la clave markdown-preview-enhanced.insertTable.title.
2024-10-15 16:35:44.011 [warning] [markdown-preview-enhanced]: No se encontró un mensaje para la clave markdown-preview-enhanced.insertPagebreak.title.
2024-10-15 16:35:44.011 [warning] [markdown-preview-enhanced]: No se encontró un mensaje para la clave markdown-preview-enhanced.createTOC.title.
2024-10-15 16:35:44.011 [warning] [markdown-preview-enhanced]: No se encontró un mensaje para la clave markdown-preview-enhanced.openConfigScript.title.
2024-10-15 16:35:44.012 [warning] [markdown-preview-enhanced]: No se encontró un mensaje para la clave markdown-preview-enhanced.extendParser.title.
2024-10-15 16:35:44.012 [warning] [markdown-preview-enhanced]: No se encontró un mensaje para la clave markdown-preview-enhanced.customizePreviewHtmlHead.title.
2024-10-15 16:35:44.012 [warning] [markdown-preview-enhanced]: No se encontró un mensaje para la clave markdown-preview-enhanced.openConfigScriptInWorkspace.title.
2024-10-15 16:35:44.012 [warning] [markdown-preview-enhanced]: No se encontró un mensaje para la clave markdown-preview-enhanced.extendParserInWorkspace.title.
2024-10-15 16:35:44.012 [warning] [markdown-preview-enhanced]: No se encontró un mensaje para la clave markdown-preview-enhanced.customizePreviewHtmlHeadInWorkspace.title.
2024-10-15 16:35:44.013 [warning] [markdown-preview-enhanced]: No se encontró un mensaje para la clave markdown-preview-enhanced.showUploadedImages.title.
2024-10-15 16:35:44.013 [warning] [markdown-preview-enhanced]: No se encontró un mensaje para la clave customEditorPreviewDisplayName.
2024-10-15 16:35:52.079 [info] Extension signature verification result for intellsmi.comment-translate: Success. Executed: true. Duration: 6338ms.
2024-10-15 16:35:53.119 [info] Extracted extension to file:///home/pro/.vscode/extensions/intellsmi.comment-translate-3.0.0: intellsmi.comment-translate
2024-10-15 16:35:53.458 [info] Renamed to /home/pro/.vscode/extensions/intellsmi.comment-translate-3.0.0
2024-10-15 16:35:53.986 [error] [/home/pro/.vscode/extensions/shd101wyy.markdown-preview-enhanced-0.8.14]: No se pudo analizar /home/pro/.vscode/extensions/shd101wyy.markdown-preview-enhanced-0.8.14/package.nls.json: Se esperaba un valor.
2024-10-15 16:35:53.987 [warning] [markdown-preview-enhanced]: No se encontró un mensaje para la clave displayName.
2024-10-15 16:35:53.987 [warning] [markdown-preview-enhanced]: No se encontró un mensaje para la clave description.
2024-10-15 16:35:53.988 [warning] [markdown-preview-enhanced]: No se encontró un mensaje para la clave markdown-preview-enhanced.openPreviewToTheSide.title.
2024-10-15 16:35:53.988 [warning] [markdown-preview-enhanced]: No se encontró un mensaje para la clave markdown-preview-enhanced.openPreview.title.
2024-10-15 16:35:53.988 [warning] [markdown-preview-enhanced]: No se encontró un mensaje para la clave markdown-preview-enhanced.toggleScrollSync.title.
2024-10-15 16:35:53.988 [warning] [markdown-preview-enhanced]: No se encontró un mensaje para la clave markdown-preview-enhanced.toggleLiveUpdate.title.
2024-10-15 16:35:53.988 [warning] [markdown-preview-enhanced]: No se encontró un mensaje para la clave markdown-preview-enhanced.toggleBreakOnSingleNewLine.title.
2024-10-15 16:35:53.988 [warning] [markdown-preview-enhanced]: No se encontró un mensaje para la clave markdown-preview-enhanced.openImageHelper.title.
2024-10-15 16:35:53.988 [warning] [markdown-preview-enhanced]: No se encontró un mensaje para la clave markdown-preview-enhanced.runAllCodeChunks.title.
2024-10-15 16:35:53.989 [warning] [markdown-preview-enhanced]: No se encontró un mensaje para la clave markdown-preview-enhanced.runCodeChunk.title.
2024-10-15 16:35:53.989 [warning] [markdown-preview-enhanced]: No se encontró un mensaje para la clave markdown-preview-enhanced.syncPreview.title.
2024-10-15 16:35:53.989 [warning] [markdown-preview-enhanced]: No se encontró un mensaje para la clave markdown-preview-enhanced.customizeCss.title.
2024-10-15 16:35:53.989 [warning] [markdown-preview-enhanced]: No se encontró un mensaje para la clave markdown-preview-enhanced.customizeCssInWorkspace.title.
2024-10-15 16:35:53.989 [warning] [markdown-preview-enhanced]: No se encontró un mensaje para la clave markdown-preview-enhanced.insertNewSlide.title.
2024-10-15 16:35:53.989 [warning] [markdown-preview-enhanced]: No se encontró un mensaje para la clave markdown-preview-enhanced.insertTable.title.
2024-10-15 16:35:53.989 [warning] [markdown-preview-enhanced]: No se encontró un mensaje para la clave markdown-preview-enhanced.insertPagebreak.title.
2024-10-15 16:35:53.990 [warning] [markdown-preview-enhanced]: No se encontró un mensaje para la clave markdown-preview-enhanced.createTOC.title.
2024-10-15 16:35:53.990 [warning] [markdown-preview-enhanced]: No se encontró un mensaje para la clave markdown-preview-enhanced.openConfigScript.title.
2024-10-15 16:35:53.990 [warning] [markdown-preview-enhanced]: No se encontró un mensaje para la clave markdown-preview-enhanced.extendParser.title.
2024-10-15 16:35:53.990 [warning] [markdown-preview-enhanced]: No se encontró un mensaje para la clave markdown-preview-enhanced.customizePreviewHtmlHead.title.
2024-10-15 16:35:53.990 [warning] [markdown-preview-enhanced]: No se encontró un mensaje para la clave markdown-preview-enhanced.openConfigScriptInWorkspace.title.
2024-10-15 16:35:53.990 [warning] [markdown-preview-enhanced]: No se encontró un mensaje para la clave markdown-preview-enhanced.extendParserInWorkspace.title.
2024-10-15 16:35:53.990 [warning] [markdown-preview-enhanced]: No se encontró un mensaje para la clave markdown-preview-enhanced.customizePreviewHtmlHeadInWorkspace.title.
2024-10-15 16:35:53.991 [warning] [markdown-preview-enhanced]: No se encontró un mensaje para la clave markdown-preview-enhanced.showUploadedImages.title.
2024-10-15 16:35:53.991 [warning] [markdown-preview-enhanced]: No se encontró un mensaje para la clave customEditorPreviewDisplayName.
2024-10-15 16:35:53.998 [info] Extension installed successfully: intellsmi.comment-translate vscode-userdata:/home/pro/.vscode/extensions/extensions.json
2024-10-15 16:39:11.443 [error] [/home/pro/.vscode/extensions/shd101wyy.markdown-preview-enhanced-0.8.14]: No se pudo analizar /home/pro/.vscode/extensions/shd101wyy.markdown-preview-enhanced-0.8.14/package.nls.json: Se esperaba un valor.
2024-10-15 16:39:11.467 [warning] [markdown-preview-enhanced]: No se encontró un mensaje para la clave displayName.
2024-10-15 16:39:11.468 [warning] [markdown-preview-enhanced]: No se encontró un mensaje para la clave description.
2024-10-15 16:39:11.468 [warning] [markdown-preview-enhanced]: No se encontró un mensaje para la clave markdown-preview-enhanced.openPreviewToTheSide.title.
2024-10-15 16:39:11.468 [warning] [markdown-preview-enhanced]: No se encontró un mensaje para la clave markdown-preview-enhanced.openPreview.title.
2024-10-15 16:39:11.468 [warning] [markdown-preview-enhanced]: No se encontró un mensaje para la clave markdown-preview-enhanced.toggleScrollSync.title.
2024-10-15 16:39:11.468 [warning] [markdown-preview-enhanced]: No se encontró un mensaje para la clave markdown-preview-enhanced.toggleLiveUpdate.title.
2024-10-15 16:39:11.469 [warning] [markdown-preview-enhanced]: No se encontró un mensaje para la clave markdown-preview-enhanced.toggleBreakOnSingleNewLine.title.
2024-10-15 16:39:11.469 [warning] [markdown-preview-enhanced]: No se encontró un mensaje para la clave markdown-preview-enhanced.openImageHelper.title.
2024-10-15 16:39:11.469 [warning] [markdown-preview-enhanced]: No se encontró un mensaje para la clave markdown-preview-enhanced.runAllCodeChunks.title.
2024-10-15 16:39:11.470 [warning] [markdown-preview-enhanced]: No se encontró un mensaje para la clave markdown-preview-enhanced.runCodeChunk.title.
2024-10-15 16:39:11.470 [warning] [markdown-preview-enhanced]: No se encontró un mensaje para la clave markdown-preview-enhanced.syncPreview.title.
2024-10-15 16:39:11.470 [warning] [markdown-preview-enhanced]: No se encontró un mensaje para la clave markdown-preview-enhanced.customizeCss.title.
2024-10-15 16:39:11.470 [warning] [markdown-preview-enhanced]: No se encontró un mensaje para la clave markdown-preview-enhanced.customizeCssInWorkspace.title.
2024-10-15 16:39:11.470 [warning] [markdown-preview-enhanced]: No se encontró un mensaje para la clave markdown-preview-enhanced.insertNewSlide.title.
2024-10-15 16:39:11.470 [warning] [markdown-preview-enhanced]: No se encontró un mensaje para la clave markdown-preview-enhanced.insertTable.title.
2024-10-15 16:39:11.470 [warning] [markdown-preview-enhanced]: No se encontró un mensaje para la clave markdown-preview-enhanced.insertPagebreak.title.
2024-10-15 16:39:11.471 [warning] [markdown-preview-enhanced]: No se encontró un mensaje para la clave markdown-preview-enhanced.createTOC.title.
2024-10-15 16:39:11.471 [warning] [markdown-preview-enhanced]: No se encontró un mensaje para la clave markdown-preview-enhanced.openConfigScript.title.
2024-10-15 16:39:11.471 [warning] [markdown-preview-enhanced]: No se encontró un mensaje para la clave markdown-preview-enhanced.extendParser.title.
2024-10-15 16:39:11.471 [warning] [markdown-preview-enhanced]: No se encontró un mensaje para la clave markdown-preview-enhanced.customizePreviewHtmlHead.title.
2024-10-15 16:39:11.471 [warning] [markdown-preview-enhanced]: No se encontró un mensaje para la clave markdown-preview-enhanced.openConfigScriptInWorkspace.title.
2024-10-15 16:39:11.471 [warning] [markdown-preview-enhanced]: No se encontró un mensaje para la clave markdown-preview-enhanced.extendParserInWorkspace.title.
2024-10-15 16:39:11.471 [warning] [markdown-preview-enhanced]: No se encontró un mensaje para la clave markdown-preview-enhanced.customizePreviewHtmlHeadInWorkspace.title.
2024-10-15 16:39:11.472 [warning] [markdown-preview-enhanced]: No se encontró un mensaje para la clave markdown-preview-enhanced.showUploadedImages.title.
2024-10-15 16:39:11.472 [warning] [markdown-preview-enhanced]: No se encontró un mensaje para la clave customEditorPreviewDisplayName.
2024-10-15 16:39:34.254 [error] [/home/pro/.vscode/extensions/shd101wyy.markdown-preview-enhanced-0.8.14]: No se pudo analizar /home/pro/.vscode/extensions/shd101wyy.markdown-preview-enhanced-0.8.14/package.nls.json: Se esperaba un valor.
2024-10-15 16:39:34.254 [warning] [markdown-preview-enhanced]: No se encontró un mensaje para la clave displayName.
2024-10-15 16:39:34.254 [warning] [markdown-preview-enhanced]: No se encontró un mensaje para la clave description.
2024-10-15 16:39:34.254 [warning] [markdown-preview-enhanced]: No se encontró un mensaje para la clave markdown-preview-enhanced.openPreviewToTheSide.title.
2024-10-15 16:39:34.254 [warning] [markdown-preview-enhanced]: No se encontró un mensaje para la clave markdown-preview-enhanced.openPreview.title.
2024-10-15 16:39:34.254 [warning] [markdown-preview-enhanced]: No se encontró un mensaje para la clave markdown-preview-enhanced.toggleScrollSync.title.
2024-10-15 16:39:34.254 [warning] [markdown-preview-enhanced]: No se encontró un mensaje para la clave markdown-preview-enhanced.toggleLiveUpdate.title.
2024-10-15 16:39:34.254 [warning] [markdown-preview-enhanced]: No se encontró un mensaje para la clave markdown-preview-enhanced.toggleBreakOnSingleNewLine.title.
2024-10-15 16:39:34.254 [warning] [markdown-preview-enhanced]: No se encontró un mensaje para la clave markdown-preview-enhanced.openImageHelper.title.
2024-10-15 16:39:34.255 [warning] [markdown-preview-enhanced]: No se encontró un mensaje para la clave markdown-preview-enhanced.runAllCodeChunks.title.
2024-10-15 16:39:34.255 [warning] [markdown-preview-enhanced]: No se encontró un mensaje para la clave markdown-preview-enhanced.runCodeChunk.title.
2024-10-15 16:39:34.255 [warning] [markdown-preview-enhanced]: No se encontró un mensaje para la clave markdown-preview-enhanced.syncPreview.title.
2024-10-15 16:39:34.255 [warning] [markdown-preview-enhanced]: No se encontró un mensaje para la clave markdown-preview-enhanced.customizeCss.title.
2024-10-15 16:39:34.255 [warning] [markdown-preview-enhanced]: No se encontró un mensaje para la clave markdown-preview-enhanced.customizeCssInWorkspace.title.
2024-10-15 16:39:34.255 [warning] [markdown-preview-enhanced]: No se encontró un mensaje para la clave markdown-preview-enhanced.insertNewSlide.title.
2024-10-15 16:39:34.255 [warning] [markdown-preview-enhanced]: No se encontró un mensaje para la clave markdown-preview-enhanced.insertTable.title.
2024-10-15 16:39:34.255 [warning] [markdown-preview-enhanced]: No se encontró un mensaje para la clave markdown-preview-enhanced.insertPagebreak.title.
2024-10-15 16:39:34.255 [warning] [markdown-preview-enhanced]: No se encontró un mensaje para la clave markdown-preview-enhanced.createTOC.title.
2024-10-15 16:39:34.256 [warning] [markdown-preview-enhanced]: No se encontró un mensaje para la clave markdown-preview-enhanced.openConfigScript.title.
2024-10-15 16:39:34.256 [warning] [markdown-preview-enhanced]: No se encontró un mensaje para la clave markdown-preview-enhanced.extendParser.title.
2024-10-15 16:39:34.256 [warning] [markdown-preview-enhanced]: No se encontró un mensaje para la clave markdown-preview-enhanced.customizePreviewHtmlHead.title.
2024-10-15 16:39:34.256 [warning] [markdown-preview-enhanced]: No se encontró un mensaje para la clave markdown-preview-enhanced.openConfigScriptInWorkspace.title.
2024-10-15 16:39:34.256 [warning] [markdown-preview-enhanced]: No se encontró un mensaje para la clave markdown-preview-enhanced.extendParserInWorkspace.title.
2024-10-15 16:39:34.256 [warning] [markdown-preview-enhanced]: No se encontró un mensaje para la clave markdown-preview-enhanced.customizePreviewHtmlHeadInWorkspace.title.
2024-10-15 16:39:34.256 [warning] [markdown-preview-enhanced]: No se encontró un mensaje para la clave markdown-preview-enhanced.showUploadedImages.title.
2024-10-15 16:39:34.256 [warning] [markdown-preview-enhanced]: No se encontró un mensaje para la clave customEditorPreviewDisplayName.
2024-10-15 16:40:14.845 [error] [/home/pro/.vscode/extensions/shd101wyy.markdown-preview-enhanced-0.8.14]: No se pudo analizar /home/pro/.vscode/extensions/shd101wyy.markdown-preview-enhanced-0.8.14/package.nls.json: Se esperaba un valor.
2024-10-15 16:40:14.845 [warning] [markdown-preview-enhanced]: No se encontró un mensaje para la clave displayName.
2024-10-15 16:40:14.846 [warning] [markdown-preview-enhanced]: No se encontró un mensaje para la clave description.
2024-10-15 16:40:14.846 [warning] [markdown-preview-enhanced]: No se encontró un mensaje para la clave markdown-preview-enhanced.openPreviewToTheSide.title.
2024-10-15 16:40:14.846 [warning] [markdown-preview-enhanced]: No se encontró un mensaje para la clave markdown-preview-enhanced.openPreview.title.
2024-10-15 16:40:14.848 [warning] [markdown-preview-enhanced]: No se encontró un mensaje para la clave markdown-preview-enhanced.toggleScrollSync.title.
2024-10-15 16:40:14.848 [warning] [markdown-preview-enhanced]: No se encontró un mensaje para la clave markdown-preview-enhanced.toggleLiveUpdate.title.
2024-10-15 16:40:14.848 [warning] [markdown-preview-enhanced]: No se encontró un mensaje para la clave markdown-preview-enhanced.toggleBreakOnSingleNewLine.title.
2024-10-15 16:40:14.848 [warning] [markdown-preview-enhanced]: No se encontró un mensaje para la clave markdown-preview-enhanced.openImageHelper.title.
2024-10-15 16:40:14.848 [warning] [markdown-preview-enhanced]: No se encontró un mensaje para la clave markdown-preview-enhanced.runAllCodeChunks.title.
2024-10-15 16:40:14.848 [warning] [markdown-preview-enhanced]: No se encontró un mensaje para la clave markdown-preview-enhanced.runCodeChunk.title.
2024-10-15 16:40:14.848 [warning] [markdown-preview-enhanced]: No se encontró un mensaje para la clave markdown-preview-enhanced.syncPreview.title.
2024-10-15 16:40:14.848 [warning] [markdown-preview-enhanced]: No se encontró un mensaje para la clave markdown-preview-enhanced.customizeCss.title.
2024-10-15 16:40:14.848 [warning] [markdown-preview-enhanced]: No se encontró un mensaje para la clave markdown-preview-enhanced.customizeCssInWorkspace.title.
2024-10-15 16:40:14.849 [warning] [markdown-preview-enhanced]: No se encontró un mensaje para la clave markdown-preview-enhanced.insertNewSlide.title.
2024-10-15 16:40:14.849 [warning] [markdown-preview-enhanced]: No se encontró un mensaje para la clave markdown-preview-enhanced.insertTable.title.
2024-10-15 16:40:14.849 [warning] [markdown-preview-enhanced]: No se encontró un mensaje para la clave markdown-preview-enhanced.insertPagebreak.title.
2024-10-15 16:40:14.849 [warning] [markdown-preview-enhanced]: No se encontró un mensaje para la clave markdown-preview-enhanced.createTOC.title.
2024-10-15 16:40:14.849 [warning] [markdown-preview-enhanced]: No se encontró un mensaje para la clave markdown-preview-enhanced.openConfigScript.title.
2024-10-15 16:40:14.849 [warning] [markdown-preview-enhanced]: No se encontró un mensaje para la clave markdown-preview-enhanced.extendParser.title.
2024-10-15 16:40:14.849 [warning] [markdown-preview-enhanced]: No se encontró un mensaje para la clave markdown-preview-enhanced.customizePreviewHtmlHead.title.
2024-10-15 16:40:14.849 [warning] [markdown-preview-enhanced]: No se encontró un mensaje para la clave markdown-preview-enhanced.openConfigScriptInWorkspace.title.
2024-10-15 16:40:14.850 [warning] [markdown-preview-enhanced]: No se encontró un mensaje para la clave markdown-preview-enhanced.extendParserInWorkspace.title.
2024-10-15 16:40:14.850 [warning] [markdown-preview-enhanced]: No se encontró un mensaje para la clave markdown-preview-enhanced.customizePreviewHtmlHeadInWorkspace.title.
2024-10-15 16:40:14.850 [warning] [markdown-preview-enhanced]: No se encontró un mensaje para la clave markdown-preview-enhanced.showUploadedImages.title.
2024-10-15 16:40:14.850 [warning] [markdown-preview-enhanced]: No se encontró un mensaje para la clave customEditorPreviewDisplayName.
2024-10-15 16:40:14.876 [error] [/home/pro/.vscode/extensions/shd101wyy.markdown-preview-enhanced-0.8.14]: No se pudo analizar /home/pro/.vscode/extensions/shd101wyy.markdown-preview-enhanced-0.8.14/package.nls.json: Se esperaba un valor.
2024-10-15 16:40:14.877 [warning] [markdown-preview-enhanced]: No se encontró un mensaje para la clave displayName.
2024-10-15 16:40:14.877 [warning] [markdown-preview-enhanced]: No se encontró un mensaje para la clave description.
2024-10-15 16:40:14.877 [warning] [markdown-preview-enhanced]: No se encontró un mensaje para la clave markdown-preview-enhanced.openPreviewToTheSide.title.
2024-10-15 16:40:14.877 [warning] [markdown-preview-enhanced]: No se encontró un mensaje para la clave markdown-preview-enhanced.openPreview.title.
2024-10-15 16:40:14.878 [warning] [markdown-preview-enhanced]: No se encontró un mensaje para la clave markdown-preview-enhanced.toggleScrollSync.title.
2024-10-15 16:40:14.878 [warning] [markdown-preview-enhanced]: No se encontró un mensaje para la clave markdown-preview-enhanced.toggleLiveUpdate.title.
2024-10-15 16:40:14.878 [warning] [markdown-preview-enhanced]: No se encontró un mensaje para la clave markdown-preview-enhanced.toggleBreakOnSingleNewLine.title.
2024-10-15 16:40:14.879 [warning] [markdown-preview-enhanced]: No se encontró un mensaje para la clave markdown-preview-enhanced.openImageHelper.title.
2024-10-15 16:40:14.879 [warning] [markdown-preview-enhanced]: No se encontró un mensaje para la clave markdown-preview-enhanced.runAllCodeChunks.title.
2024-10-15 16:40:14.879 [warning] [markdown-preview-enhanced]: No se encontró un mensaje para la clave markdown-preview-enhanced.runCodeChunk.title.
2024-10-15 16:40:14.879 [warning] [markdown-preview-enhanced]: No se encontró un mensaje para la clave markdown-preview-enhanced.syncPreview.title.
2024-10-15 16:40:14.879 [warning] [markdown-preview-enhanced]: No se encontró un mensaje para la clave markdown-preview-enhanced.customizeCss.title.
2024-10-15 16:40:14.879 [warning] [markdown-preview-enhanced]: No se encontró un mensaje para la clave markdown-preview-enhanced.customizeCssInWorkspace.title.
2024-10-15 16:40:14.879 [warning] [markdown-preview-enhanced]: No se encontró un mensaje para la clave markdown-preview-enhanced.insertNewSlide.title.
2024-10-15 16:40:14.880 [warning] [markdown-preview-enhanced]: No se encontró un mensaje para la clave markdown-preview-enhanced.insertTable.title.
2024-10-15 16:40:14.880 [warning] [markdown-preview-enhanced]: No se encontró un mensaje para la clave markdown-preview-enhanced.insertPagebreak.title.
2024-10-15 16:40:14.880 [warning] [markdown-preview-enhanced]: No se encontró un mensaje para la clave markdown-preview-enhanced.createTOC.title.
2024-10-15 16:40:14.880 [warning] [markdown-preview-enhanced]: No se encontró un mensaje para la clave markdown-preview-enhanced.openConfigScript.title.
2024-10-15 16:40:14.880 [warning] [markdown-preview-enhanced]: No se encontró un mensaje para la clave markdown-preview-enhanced.extendParser.title.
2024-10-15 16:40:14.880 [warning] [markdown-preview-enhanced]: No se encontró un mensaje para la clave markdown-preview-enhanced.customizePreviewHtmlHead.title.
2024-10-15 16:40:14.881 [warning] [markdown-preview-enhanced]: No se encontró un mensaje para la clave markdown-preview-enhanced.openConfigScriptInWorkspace.title.
2024-10-15 16:40:14.881 [warning] [markdown-preview-enhanced]: No se encontró un mensaje para la clave markdown-preview-enhanced.extendParserInWorkspace.title.
2024-10-15 16:40:14.881 [warning] [markdown-preview-enhanced]: No se encontró un mensaje para la clave markdown-preview-enhanced.customizePreviewHtmlHeadInWorkspace.title.
2024-10-15 16:40:14.881 [warning] [markdown-preview-enhanced]: No se encontró un mensaje para la clave markdown-preview-enhanced.showUploadedImages.title.
2024-10-15 16:40:14.881 [warning] [markdown-preview-enhanced]: No se encontró un mensaje para la clave customEditorPreviewDisplayName.
2024-10-15 16:40:16.075 [error] [/home/pro/.vscode/extensions/shd101wyy.markdown-preview-enhanced-0.8.14]: No se pudo analizar /home/pro/.vscode/extensions/shd101wyy.markdown-preview-enhanced-0.8.14/package.nls.json: Se esperaba un valor.
2024-10-15 16:40:16.075 [warning] [markdown-preview-enhanced]: No se encontró un mensaje para la clave displayName.
2024-10-15 16:40:16.076 [warning] [markdown-preview-enhanced]: No se encontró un mensaje para la clave description.
2024-10-15 16:40:16.076 [warning] [markdown-preview-enhanced]: No se encontró un mensaje para la clave markdown-preview-enhanced.openPreviewToTheSide.title.
2024-10-15 16:40:16.076 [warning] [markdown-preview-enhanced]: No se encontró un mensaje para la clave markdown-preview-enhanced.openPreview.title.
2024-10-15 16:40:16.076 [warning] [markdown-preview-enhanced]: No se encontró un mensaje para la clave markdown-preview-enhanced.toggleScrollSync.title.
2024-10-15 16:40:16.077 [warning] [markdown-preview-enhanced]: No se encontró un mensaje para la clave markdown-preview-enhanced.toggleLiveUpdate.title.
2024-10-15 16:40:16.077 [warning] [markdown-preview-enhanced]: No se encontró un mensaje para la clave markdown-preview-enhanced.toggleBreakOnSingleNewLine.title.
2024-10-15 16:40:16.077 [warning] [markdown-preview-enhanced]: No se encontró un mensaje para la clave markdown-preview-enhanced.openImageHelper.title.
2024-10-15 16:40:16.077 [warning] [markdown-preview-enhanced]: No se encontró un mensaje para la clave markdown-preview-enhanced.runAllCodeChunks.title.
2024-10-15 16:40:16.078 [warning] [markdown-preview-enhanced]: No se encontró un mensaje para la clave markdown-preview-enhanced.runCodeChunk.title.
2024-10-15 16:40:16.078 [warning] [markdown-preview-enhanced]: No se encontró un mensaje para la clave markdown-preview-enhanced.syncPreview.title.
2024-10-15 16:40:16.078 [warning] [markdown-preview-enhanced]: No se encontró un mensaje para la clave markdown-preview-enhanced.customizeCss.title.
2024-10-15 16:40:16.079 [warning] [markdown-preview-enhanced]: No se encontró un mensaje para la clave markdown-preview-enhanced.customizeCssInWorkspace.title.
2024-10-15 16:40:16.080 [warning] [markdown-preview-enhanced]: No se encontró un mensaje para la clave markdown-preview-enhanced.insertNewSlide.title.
2024-10-15 16:40:16.080 [warning] [markdown-preview-enhanced]: No se encontró un mensaje para la clave markdown-preview-enhanced.insertTable.title.
2024-10-15 16:40:16.080 [warning] [markdown-preview-enhanced]: No se encontró un mensaje para la clave markdown-preview-enhanced.insertPagebreak.title.
2024-10-15 16:40:16.081 [warning] [markdown-preview-enhanced]: No se encontró un mensaje para la clave markdown-preview-enhanced.createTOC.title.
2024-10-15 16:40:16.081 [warning] [markdown-preview-enhanced]: No se encontró un mensaje para la clave markdown-preview-enhanced.openConfigScript.title.
2024-10-15 16:40:16.081 [warning] [markdown-preview-enhanced]: No se encontró un mensaje para la clave markdown-preview-enhanced.extendParser.title.
2024-10-15 16:40:16.082 [warning] [markdown-preview-enhanced]: No se encontró un mensaje para la clave markdown-preview-enhanced.customizePreviewHtmlHead.title.
2024-10-15 16:40:16.082 [warning] [markdown-preview-enhanced]: No se encontró un mensaje para la clave markdown-preview-enhanced.openConfigScriptInWorkspace.title.
2024-10-15 16:40:16.082 [warning] [markdown-preview-enhanced]: No se encontró un mensaje para la clave markdown-preview-enhanced.extendParserInWorkspace.title.
2024-10-15 16:40:16.082 [warning] [markdown-preview-enhanced]: No se encontró un mensaje para la clave markdown-preview-enhanced.customizePreviewHtmlHeadInWorkspace.title.
2024-10-15 16:40:16.082 [warning] [markdown-preview-enhanced]: No se encontró un mensaje para la clave markdown-preview-enhanced.showUploadedImages.title.
2024-10-15 16:40:16.083 [warning] [markdown-preview-enhanced]: No se encontró un mensaje para la clave customEditorPreviewDisplayName.
2024-10-15 16:40:26.615 [error] [/home/pro/.vscode/extensions/shd101wyy.markdown-preview-enhanced-0.8.14]: No se pudo analizar /home/pro/.vscode/extensions/shd101wyy.markdown-preview-enhanced-0.8.14/package.nls.json: Se esperaba un valor.
2024-10-15 16:40:26.615 [warning] [markdown-preview-enhanced]: No se encontró un mensaje para la clave displayName.
2024-10-15 16:40:26.615 [warning] [markdown-preview-enhanced]: No se encontró un mensaje para la clave description.
2024-10-15 16:40:26.616 [warning] [markdown-preview-enhanced]: No se encontró un mensaje para la clave markdown-preview-enhanced.openPreviewToTheSide.title.
2024-10-15 16:40:26.616 [warning] [markdown-preview-enhanced]: No se encontró un mensaje para la clave markdown-preview-enhanced.openPreview.title.
2024-10-15 16:40:26.616 [warning] [markdown-preview-enhanced]: No se encontró un mensaje para la clave markdown-preview-enhanced.toggleScrollSync.title.
2024-10-15 16:40:26.617 [warning] [markdown-preview-enhanced]: No se encontró un mensaje para la clave markdown-preview-enhanced.toggleLiveUpdate.title.
2024-10-15 16:40:26.617 [warning] [markdown-preview-enhanced]: No se encontró un mensaje para la clave markdown-preview-enhanced.toggleBreakOnSingleNewLine.title.
2024-10-15 16:40:26.617 [warning] [markdown-preview-enhanced]: No se encontró un mensaje para la clave markdown-preview-enhanced.openImageHelper.title.
2024-10-15 16:40:26.617 [warning] [markdown-preview-enhanced]: No se encontró un mensaje para la clave markdown-preview-enhanced.runAllCodeChunks.title.
2024-10-15 16:40:26.618 [warning] [markdown-preview-enhanced]: No se encontró un mensaje para la clave markdown-preview-enhanced.runCodeChunk.title.
2024-10-15 16:40:26.618 [warning] [markdown-preview-enhanced]: No se encontró un mensaje para la clave markdown-preview-enhanced.syncPreview.title.
2024-10-15 16:40:26.618 [warning] [markdown-preview-enhanced]: No se encontró un mensaje para la clave markdown-preview-enhanced.customizeCss.title.
2024-10-15 16:40:26.618 [warning] [markdown-preview-enhanced]: No se encontró un mensaje para la clave markdown-preview-enhanced.customizeCssInWorkspace.title.
2024-10-15 16:40:26.618 [warning] [markdown-preview-enhanced]: No se encontró un mensaje para la clave markdown-preview-enhanced.insertNewSlide.title.
2024-10-15 16:40:26.619 [warning] [markdown-preview-enhanced]: No se encontró un mensaje para la clave markdown-preview-enhanced.insertTable.title.
2024-10-15 16:40:26.619 [warning] [markdown-preview-enhanced]: No se encontró un mensaje para la clave markdown-preview-enhanced.insertPagebreak.title.
2024-10-15 16:40:26.619 [warning] [markdown-preview-enhanced]: No se encontró un mensaje para la clave markdown-preview-enhanced.createTOC.title.
2024-10-15 16:40:26.619 [warning] [markdown-preview-enhanced]: No se encontró un mensaje para la clave markdown-preview-enhanced.openConfigScript.title.
2024-10-15 16:40:26.620 [warning] [markdown-preview-enhanced]: No se encontró un mensaje para la clave markdown-preview-enhanced.extendParser.title.
2024-10-15 16:40:26.622 [warning] [markdown-preview-enhanced]: No se encontró un mensaje para la clave markdown-preview-enhanced.customizePreviewHtmlHead.title.
2024-10-15 16:40:26.624 [warning] [markdown-preview-enhanced]: No se encontró un mensaje para la clave markdown-preview-enhanced.openConfigScriptInWorkspace.title.
2024-10-15 16:40:26.625 [warning] [markdown-preview-enhanced]: No se encontró un mensaje para la clave markdown-preview-enhanced.extendParserInWorkspace.title.
2024-10-15 16:40:26.625 [warning] [markdown-preview-enhanced]: No se encontró un mensaje para la clave markdown-preview-enhanced.customizePreviewHtmlHeadInWorkspace.title.
2024-10-15 16:40:26.625 [warning] [markdown-preview-enhanced]: No se encontró un mensaje para la clave markdown-preview-enhanced.showUploadedImages.title.
2024-10-15 16:40:26.625 [warning] [markdown-preview-enhanced]: No se encontró un mensaje para la clave customEditorPreviewDisplayName.
2024-10-15 16:40:27.596 [info] Getting Manifest... blackboxapp.blackbox
2024-10-15 16:40:27.596 [info] Getting Manifest... github.remotehub
2024-10-15 16:40:27.596 [info] Getting Manifest... dotjoshjohnson.xml
2024-10-15 16:40:27.596 [info] Getting Manifest... ecmel.vscode-html-css
2024-10-15 16:40:27.596 [info] Getting Manifest... esbenp.prettier-vscode
2024-10-15 16:40:27.596 [info] Getting Manifest... tomoki1207.pdf
2024-10-15 16:40:27.597 [info] Getting Manifest... formulahendry.auto-rename-tag
2024-10-15 16:40:27.597 [info] Getting Manifest... lonedev.ia-vscode
2024-10-15 16:40:27.597 [info] Getting Manifest... wallabyjs.quokka-vscode
2024-10-15 16:40:27.597 [info] Getting Manifest... ms-vscode.azure-repos
2024-10-15 16:40:27.597 [info] Getting Manifest... redhat.vscode-yaml
2024-10-15 16:40:27.597 [info] Getting Manifest... silasnevstad.gpthelper
2024-10-15 16:40:27.597 [info] Getting Manifest... ms-vscode.remote-explorer
2024-10-15 16:40:27.597 [info] Getting Manifest... ms-vscode.remote-server
2024-10-15 16:40:27.602 [info] Getting Manifest... ms-vscode.remote-repositories
2024-10-15 16:40:27.602 [info] Getting Manifest... ms-vscode.live-server
2024-10-15 16:40:27.602 [info] Getting Manifest... redhat.vscode-xml
2024-10-15 16:40:27.759 [info] Installing extension: blackboxapp.blackbox {"isMachineScoped":false,"donotIncludePackAndDependencies":true,"installGivenVersion":false,"pinned":false,"installPreReleaseVersion":false,"profileLocation":{"$mid":1,"external":"vscode-userdata:/home/pro/.vscode/extensions/extensions.json","path":"/home/pro/.vscode/extensions/extensions.json","scheme":"vscode-userdata"},"isApplicationScoped":false,"context":{"skipWalkthrough":true,"extensionInstallSource":"settingsSync"},"installOnlyNewlyAddedFromExtensionPack":true,"productVersion":{"version":"1.93.1","date":"2024-09-11T17:20:05.685Z"}}
2024-10-15 16:40:27.759 [info] Installing extension: ms-vscode.remote-server {"isMachineScoped":false,"donotIncludePackAndDependencies":true,"installGivenVersion":false,"pinned":false,"installPreReleaseVersion":false,"profileLocation":{"$mid":1,"external":"vscode-userdata:/home/pro/.vscode/extensions/extensions.json","path":"/home/pro/.vscode/extensions/extensions.json","scheme":"vscode-userdata"},"isApplicationScoped":false,"context":{"skipWalkthrough":true,"extensionInstallSource":"settingsSync"},"installOnlyNewlyAddedFromExtensionPack":true,"productVersion":{"version":"1.93.1","date":"2024-09-11T17:20:05.685Z"}}
2024-10-15 16:40:27.759 [info] Installing extension: ms-vscode.remote-repositories {"isMachineScoped":false,"donotIncludePackAndDependencies":true,"installGivenVersion":false,"pinned":false,"installPreReleaseVersion":false,"profileLocation":{"$mid":1,"external":"vscode-userdata:/home/pro/.vscode/extensions/extensions.json","path":"/home/pro/.vscode/extensions/extensions.json","scheme":"vscode-userdata"},"isApplicationScoped":false,"context":{"skipWalkthrough":true,"extensionInstallSource":"settingsSync"},"installOnlyNewlyAddedFromExtensionPack":true,"productVersion":{"version":"1.93.1","date":"2024-09-11T17:20:05.685Z"}}
2024-10-15 16:40:27.761 [info] Installing extension: ms-vscode.azure-repos {"isMachineScoped":false,"donotIncludePackAndDependencies":true,"installGivenVersion":false,"pinned":false,"installPreReleaseVersion":false,"profileLocation":{"$mid":1,"external":"vscode-userdata:/home/pro/.vscode/extensions/extensions.json","path":"/home/pro/.vscode/extensions/extensions.json","scheme":"vscode-userdata"},"isApplicationScoped":false,"context":{"skipWalkthrough":true,"extensionInstallSource":"settingsSync"},"installOnlyNewlyAddedFromExtensionPack":true,"productVersion":{"version":"1.93.1","date":"2024-09-11T17:20:05.685Z"}}
2024-10-15 16:40:27.761 [info] Installing extension: ms-vscode.remote-explorer {"isMachineScoped":false,"donotIncludePackAndDependencies":true,"installGivenVersion":false,"pinned":false,"installPreReleaseVersion":false,"profileLocation":{"$mid":1,"external":"vscode-userdata:/home/pro/.vscode/extensions/extensions.json","path":"/home/pro/.vscode/extensions/extensions.json","scheme":"vscode-userdata"},"isApplicationScoped":false,"context":{"skipWalkthrough":true,"extensionInstallSource":"settingsSync"},"installOnlyNewlyAddedFromExtensionPack":true,"productVersion":{"version":"1.93.1","date":"2024-09-11T17:20:05.685Z"}}
2024-10-15 16:40:27.770 [info] Installing extension: github.remotehub {"isMachineScoped":false,"donotIncludePackAndDependencies":true,"installGivenVersion":false,"pinned":false,"installPreReleaseVersion":false,"profileLocation":{"$mid":1,"external":"vscode-userdata:/home/pro/.vscode/extensions/extensions.json","path":"/home/pro/.vscode/extensions/extensions.json","scheme":"vscode-userdata"},"isApplicationScoped":false,"context":{"skipWalkthrough":true,"extensionInstallSource":"settingsSync"},"installOnlyNewlyAddedFromExtensionPack":true,"productVersion":{"version":"1.93.1","date":"2024-09-11T17:20:05.685Z"}}
2024-10-15 16:40:27.771 [info] Installing extension: ms-vscode.live-server {"isMachineScoped":false,"donotIncludePackAndDependencies":true,"installGivenVersion":false,"pinned":false,"installPreReleaseVersion":false,"profileLocation":{"$mid":1,"external":"vscode-userdata:/home/pro/.vscode/extensions/extensions.json","path":"/home/pro/.vscode/extensions/extensions.json","scheme":"vscode-userdata"},"isApplicationScoped":false,"context":{"skipWalkthrough":true,"extensionInstallSource":"settingsSync"},"installOnlyNewlyAddedFromExtensionPack":true,"productVersion":{"version":"1.93.1","date":"2024-09-11T17:20:05.685Z"}}
2024-10-15 16:40:27.773 [info] Installing extension: ecmel.vscode-html-css {"isMachineScoped":false,"donotIncludePackAndDependencies":true,"installGivenVersion":false,"pinned":false,"installPreReleaseVersion":false,"profileLocation":{"$mid":1,"external":"vscode-userdata:/home/pro/.vscode/extensions/extensions.json","path":"/home/pro/.vscode/extensions/extensions.json","scheme":"vscode-userdata"},"isApplicationScoped":false,"context":{"skipWalkthrough":true,"extensionInstallSource":"settingsSync"},"installOnlyNewlyAddedFromExtensionPack":true,"productVersion":{"version":"1.93.1","date":"2024-09-11T17:20:05.685Z"}}
2024-10-15 16:40:27.774 [info] Installing extension: tomoki1207.pdf {"isMachineScoped":false,"donotIncludePackAndDependencies":true,"installGivenVersion":false,"pinned":false,"installPreReleaseVersion":false,"profileLocation":{"$mid":1,"external":"vscode-userdata:/home/pro/.vscode/extensions/extensions.json","path":"/home/pro/.vscode/extensions/extensions.json","scheme":"vscode-userdata"},"isApplicationScoped":false,"context":{"skipWalkthrough":true,"extensionInstallSource":"settingsSync"},"installOnlyNewlyAddedFromExtensionPack":true,"productVersion":{"version":"1.93.1","date":"2024-09-11T17:20:05.685Z"}}
2024-10-15 16:40:27.774 [info] Installing extension: esbenp.prettier-vscode {"isMachineScoped":false,"donotIncludePackAndDependencies":true,"installGivenVersion":false,"pinned":false,"installPreReleaseVersion":false,"profileLocation":{"$mid":1,"external":"vscode-userdata:/home/pro/.vscode/extensions/extensions.json","path":"/home/pro/.vscode/extensions/extensions.json","scheme":"vscode-userdata"},"isApplicationScoped":false,"context":{"skipWalkthrough":true,"extensionInstallSource":"settingsSync"},"installOnlyNewlyAddedFromExtensionPack":true,"productVersion":{"version":"1.93.1","date":"2024-09-11T17:20:05.685Z"}}
2024-10-15 16:40:27.774 [info] Installing extension: dotjoshjohnson.xml {"isMachineScoped":false,"donotIncludePackAndDependencies":true,"installGivenVersion":false,"pinned":false,"installPreReleaseVersion":false,"profileLocation":{"$mid":1,"external":"vscode-userdata:/home/pro/.vscode/extensions/extensions.json","path":"/home/pro/.vscode/extensions/extensions.json","scheme":"vscode-userdata"},"isApplicationScoped":false,"context":{"skipWalkthrough":true,"extensionInstallSource":"settingsSync"},"installOnlyNewlyAddedFromExtensionPack":true,"productVersion":{"version":"1.93.1","date":"2024-09-11T17:20:05.685Z"}}
2024-10-15 16:40:27.774 [info] Installing extension: lonedev.ia-vscode {"isMachineScoped":false,"donotIncludePackAndDependencies":true,"installGivenVersion":false,"pinned":false,"installPreReleaseVersion":false,"profileLocation":{"$mid":1,"external":"vscode-userdata:/home/pro/.vscode/extensions/extensions.json","path":"/home/pro/.vscode/extensions/extensions.json","scheme":"vscode-userdata"},"isApplicationScoped":false,"context":{"skipWalkthrough":true,"extensionInstallSource":"settingsSync"},"installOnlyNewlyAddedFromExtensionPack":true,"productVersion":{"version":"1.93.1","date":"2024-09-11T17:20:05.685Z"}}
2024-10-15 16:40:27.774 [info] Installing extension: wallabyjs.quokka-vscode {"isMachineScoped":false,"donotIncludePackAndDependencies":true,"installGivenVersion":false,"pinned":false,"installPreReleaseVersion":false,"profileLocation":{"$mid":1,"external":"vscode-userdata:/home/pro/.vscode/extensions/extensions.json","path":"/home/pro/.vscode/extensions/extensions.json","scheme":"vscode-userdata"},"isApplicationScoped":false,"context":{"skipWalkthrough":true,"extensionInstallSource":"settingsSync"},"installOnlyNewlyAddedFromExtensionPack":true,"productVersion":{"version":"1.93.1","date":"2024-09-11T17:20:05.685Z"}}
2024-10-15 16:40:27.774 [info] Installing extension: formulahendry.auto-rename-tag {"isMachineScoped":false,"donotIncludePackAndDependencies":true,"installGivenVersion":false,"pinned":false,"installPreReleaseVersion":false,"profileLocation":{"$mid":1,"external":"vscode-userdata:/home/pro/.vscode/extensions/extensions.json","path":"/home/pro/.vscode/extensions/extensions.json","scheme":"vscode-userdata"},"isApplicationScoped":false,"context":{"skipWalkthrough":true,"extensionInstallSource":"settingsSync"},"installOnlyNewlyAddedFromExtensionPack":true,"productVersion":{"version":"1.93.1","date":"2024-09-11T17:20:05.685Z"}}
2024-10-15 16:40:27.775 [info] Installing extension: redhat.vscode-yaml {"isMachineScoped":false,"donotIncludePackAndDependencies":true,"installGivenVersion":false,"pinned":false,"installPreReleaseVersion":false,"profileLocation":{"$mid":1,"external":"vscode-userdata:/home/pro/.vscode/extensions/extensions.json","path":"/home/pro/.vscode/extensions/extensions.json","scheme":"vscode-userdata"},"isApplicationScoped":false,"context":{"skipWalkthrough":true,"extensionInstallSource":"settingsSync"},"installOnlyNewlyAddedFromExtensionPack":true,"productVersion":{"version":"1.93.1","date":"2024-09-11T17:20:05.685Z"}}
2024-10-15 16:40:27.775 [info] Installing extension: redhat.vscode-xml {"isMachineScoped":false,"donotIncludePackAndDependencies":true,"installGivenVersion":false,"pinned":false,"installPreReleaseVersion":false,"profileLocation":{"$mid":1,"external":"vscode-userdata:/home/pro/.vscode/extensions/extensions.json","path":"/home/pro/.vscode/extensions/extensions.json","scheme":"vscode-userdata"},"isApplicationScoped":false,"context":{"skipWalkthrough":true,"extensionInstallSource":"settingsSync"},"installOnlyNewlyAddedFromExtensionPack":true,"productVersion":{"version":"1.93.1","date":"2024-09-11T17:20:05.685Z"}}
2024-10-15 16:40:27.775 [info] Installing extension: silasnevstad.gpthelper {"isMachineScoped":false,"donotIncludePackAndDependencies":true,"installGivenVersion":false,"pinned":false,"installPreReleaseVersion":false,"profileLocation":{"$mid":1,"external":"vscode-userdata:/home/pro/.vscode/extensions/extensions.json","path":"/home/pro/.vscode/extensions/extensions.json","scheme":"vscode-userdata"},"isApplicationScoped":false,"context":{"skipWalkthrough":true,"extensionInstallSource":"settingsSync"},"installOnlyNewlyAddedFromExtensionPack":true,"productVersion":{"version":"1.93.1","date":"2024-09-11T17:20:05.685Z"}}
2024-10-15 16:40:27.775 [info] Installing the extension without checking dependencies and pack blackboxapp.blackbox
2024-10-15 16:40:27.775 [info] Installing the extension without checking dependencies and pack ms-vscode.remote-server
2024-10-15 16:40:27.775 [info] Installing the extension without checking dependencies and pack ms-vscode.remote-repositories
2024-10-15 16:40:27.775 [info] Installing the extension without checking dependencies and pack ms-vscode.azure-repos
2024-10-15 16:40:27.776 [info] Installing the extension without checking dependencies and pack ms-vscode.remote-explorer
2024-10-15 16:40:27.776 [info] Installing the extension without checking dependencies and pack github.remotehub
2024-10-15 16:40:27.776 [info] Installing the extension without checking dependencies and pack ms-vscode.live-server
2024-10-15 16:40:27.776 [info] Installing the extension without checking dependencies and pack ecmel.vscode-html-css
2024-10-15 16:40:27.776 [info] Installing the extension without checking dependencies and pack tomoki1207.pdf
2024-10-15 16:40:27.776 [info] Installing the extension without checking dependencies and pack esbenp.prettier-vscode
2024-10-15 16:40:27.777 [info] Installing the extension without checking dependencies and pack dotjoshjohnson.xml
2024-10-15 16:40:27.777 [info] Installing the extension without checking dependencies and pack lonedev.ia-vscode
2024-10-15 16:40:27.777 [info] Installing the extension without checking dependencies and pack wallabyjs.quokka-vscode
2024-10-15 16:40:27.777 [info] Installing the extension without checking dependencies and pack formulahendry.auto-rename-tag
2024-10-15 16:40:27.777 [info] Installing the extension without checking dependencies and pack redhat.vscode-yaml
2024-10-15 16:40:27.778 [info] Installing the extension without checking dependencies and pack redhat.vscode-xml
2024-10-15 16:40:27.778 [info] Installing the extension without checking dependencies and pack silasnevstad.gpthelper
2024-10-15 16:40:27.841 [error] [/home/pro/.vscode/extensions/shd101wyy.markdown-preview-enhanced-0.8.14]: No se pudo analizar /home/pro/.vscode/extensions/shd101wyy.markdown-preview-enhanced-0.8.14/package.nls.json: Se esperaba un valor.
2024-10-15 16:40:27.842 [warning] [markdown-preview-enhanced]: No se encontró un mensaje para la clave displayName.
2024-10-15 16:40:27.842 [warning] [markdown-preview-enhanced]: No se encontró un mensaje para la clave description.
2024-10-15 16:40:27.843 [warning] [markdown-preview-enhanced]: No se encontró un mensaje para la clave markdown-preview-enhanced.openPreviewToTheSide.title.
2024-10-15 16:40:27.843 [warning] [markdown-preview-enhanced]: No se encontró un mensaje para la clave markdown-preview-enhanced.openPreview.title.
2024-10-15 16:40:27.843 [warning] [markdown-preview-enhanced]: No se encontró un mensaje para la clave markdown-preview-enhanced.toggleScrollSync.title.
2024-10-15 16:40:27.844 [warning] [markdown-preview-enhanced]: No se encontró un mensaje para la clave markdown-preview-enhanced.toggleLiveUpdate.title.
2024-10-15 16:40:27.844 [warning] [markdown-preview-enhanced]: No se encontró un mensaje para la clave markdown-preview-enhanced.toggleBreakOnSingleNewLine.title.
2024-10-15 16:40:27.844 [warning] [markdown-preview-enhanced]: No se encontró un mensaje para la clave markdown-preview-enhanced.openImageHelper.title.
2024-10-15 16:40:27.844 [warning] [markdown-preview-enhanced]: No se encontró un mensaje para la clave markdown-preview-enhanced.runAllCodeChunks.title.
2024-10-15 16:40:27.844 [warning] [markdown-preview-enhanced]: No se encontró un mensaje para la clave markdown-preview-enhanced.runCodeChunk.title.
2024-10-15 16:40:27.844 [warning] [markdown-preview-enhanced]: No se encontró un mensaje para la clave markdown-preview-enhanced.syncPreview.title.
2024-10-15 16:40:27.844 [warning] [markdown-preview-enhanced]: No se encontró un mensaje para la clave markdown-preview-enhanced.customizeCss.title.
2024-10-15 16:40:27.844 [warning] [markdown-preview-enhanced]: No se encontró un mensaje para la clave markdown-preview-enhanced.customizeCssInWorkspace.title.
2024-10-15 16:40:27.844 [warning] [markdown-preview-enhanced]: No se encontró un mensaje para la clave markdown-preview-enhanced.insertNewSlide.title.
2024-10-15 16:40:27.844 [warning] [markdown-preview-enhanced]: No se encontró un mensaje para la clave markdown-preview-enhanced.insertTable.title.
2024-10-15 16:40:27.845 [warning] [markdown-preview-enhanced]: No se encontró un mensaje para la clave markdown-preview-enhanced.insertPagebreak.title.
2024-10-15 16:40:27.845 [warning] [markdown-preview-enhanced]: No se encontró un mensaje para la clave markdown-preview-enhanced.createTOC.title.
2024-10-15 16:40:27.845 [warning] [markdown-preview-enhanced]: No se encontró un mensaje para la clave markdown-preview-enhanced.openConfigScript.title.
2024-10-15 16:40:27.845 [warning] [markdown-preview-enhanced]: No se encontró un mensaje para la clave markdown-preview-enhanced.extendParser.title.
2024-10-15 16:40:27.845 [warning] [markdown-preview-enhanced]: No se encontró un mensaje para la clave markdown-preview-enhanced.customizePreviewHtmlHead.title.
2024-10-15 16:40:27.845 [warning] [markdown-preview-enhanced]: No se encontró un mensaje para la clave markdown-preview-enhanced.openConfigScriptInWorkspace.title.
2024-10-15 16:40:27.845 [warning] [markdown-preview-enhanced]: No se encontró un mensaje para la clave markdown-preview-enhanced.extendParserInWorkspace.title.
2024-10-15 16:40:27.845 [warning] [markdown-preview-enhanced]: No se encontró un mensaje para la clave markdown-preview-enhanced.customizePreviewHtmlHeadInWorkspace.title.
2024-10-15 16:40:27.845 [warning] [markdown-preview-enhanced]: No se encontró un mensaje para la clave markdown-preview-enhanced.showUploadedImages.title.
2024-10-15 16:40:27.847 [warning] [markdown-preview-enhanced]: No se encontró un mensaje para la clave customEditorPreviewDisplayName.
2024-10-15 16:40:51.059 [info] Extension signature verification result for dotjoshjohnson.xml: Success. Executed: true. Duration: 17076ms.
2024-10-15 16:40:51.251 [info] Extension signature verification result for ecmel.vscode-html-css: Success. Executed: true. Duration: 17234ms.
2024-10-15 16:40:51.299 [info] Extension signature verification result for ms-vscode.remote-explorer: Success. Executed: true. Duration: 17468ms.
2024-10-15 16:40:51.541 [info] Extension signature verification result for github.remotehub: Success. Executed: true. Duration: 17679ms.
2024-10-15 16:40:51.586 [info] Extension signature verification result for esbenp.prettier-vscode: Success. Executed: true. Duration: 17089ms.
2024-10-15 16:40:51.675 [info] Extension signature verification result for formulahendry.auto-rename-tag: Success. Executed: true. Duration: 17131ms.
2024-10-15 16:40:51.682 [info] Extracted extension to file:///home/pro/.vscode/extensions/ecmel.vscode-html-css-2.0.10: ecmel.vscode-html-css
2024-10-15 16:40:51.863 [info] Extension signature verification result for tomoki1207.pdf: Success. Executed: true. Duration: 17348ms.
2024-10-15 16:40:51.939 [info] Renamed to /home/pro/.vscode/extensions/ecmel.vscode-html-css-2.0.10
2024-10-15 16:40:51.976 [info] Extension signature verification result for ms-vscode.remote-repositories: Success. Executed: true. Duration: 17968ms.
2024-10-15 16:40:52.022 [info] Extension signature verification result for ms-vscode.live-server: Success. Executed: true. Duration: 18328ms.
2024-10-15 16:40:52.043 [info] Extension signature verification result for ms-vscode.remote-server: Success. Executed: true. Duration: 18176ms.
2024-10-15 16:40:52.054 [info] Extension signature verification result for ms-vscode.azure-repos: Success. Executed: true. Duration: 17504ms.
2024-10-15 16:40:52.569 [error] [/home/pro/.vscode/extensions/shd101wyy.markdown-preview-enhanced-0.8.14]: No se pudo analizar /home/pro/.vscode/extensions/shd101wyy.markdown-preview-enhanced-0.8.14/package.nls.json: Se esperaba un valor.
2024-10-15 16:40:52.578 [warning] [markdown-preview-enhanced]: No se encontró un mensaje para la clave displayName.
2024-10-15 16:40:52.578 [warning] [markdown-preview-enhanced]: No se encontró un mensaje para la clave description.
2024-10-15 16:40:52.579 [warning] [markdown-preview-enhanced]: No se encontró un mensaje para la clave markdown-preview-enhanced.openPreviewToTheSide.title.
2024-10-15 16:40:52.579 [warning] [markdown-preview-enhanced]: No se encontró un mensaje para la clave markdown-preview-enhanced.openPreview.title.
2024-10-15 16:40:52.579 [warning] [markdown-preview-enhanced]: No se encontró un mensaje para la clave markdown-preview-enhanced.toggleScrollSync.title.
2024-10-15 16:40:52.579 [warning] [markdown-preview-enhanced]: No se encontró un mensaje para la clave markdown-preview-enhanced.toggleLiveUpdate.title.
2024-10-15 16:40:52.580 [warning] [markdown-preview-enhanced]: No se encontró un mensaje para la clave markdown-preview-enhanced.toggleBreakOnSingleNewLine.title.
2024-10-15 16:40:52.580 [warning] [markdown-preview-enhanced]: No se encontró un mensaje para la clave markdown-preview-enhanced.openImageHelper.title.
2024-10-15 16:40:52.580 [warning] [markdown-preview-enhanced]: No se encontró un mensaje para la clave markdown-preview-enhanced.runAllCodeChunks.title.
2024-10-15 16:40:52.581 [warning] [markdown-preview-enhanced]: No se encontró un mensaje para la clave markdown-preview-enhanced.runCodeChunk.title.
2024-10-15 16:40:52.581 [warning] [markdown-preview-enhanced]: No se encontró un mensaje para la clave markdown-preview-enhanced.syncPreview.title.
2024-10-15 16:40:52.582 [warning] [markdown-preview-enhanced]: No se encontró un mensaje para la clave markdown-preview-enhanced.customizeCss.title.
2024-10-15 16:40:52.582 [warning] [markdown-preview-enhanced]: No se encontró un mensaje para la clave markdown-preview-enhanced.customizeCssInWorkspace.title.
2024-10-15 16:40:52.585 [warning] [markdown-preview-enhanced]: No se encontró un mensaje para la clave markdown-preview-enhanced.insertNewSlide.title.
2024-10-15 16:40:52.586 [warning] [markdown-preview-enhanced]: No se encontró un mensaje para la clave markdown-preview-enhanced.insertTable.title.
2024-10-15 16:40:52.586 [warning] [markdown-preview-enhanced]: No se encontró un mensaje para la clave markdown-preview-enhanced.insertPagebreak.title.
2024-10-15 16:40:52.590 [warning] [markdown-preview-enhanced]: No se encontró un mensaje para la clave markdown-preview-enhanced.createTOC.title.
2024-10-15 16:40:52.594 [warning] [markdown-preview-enhanced]: No se encontró un mensaje para la clave markdown-preview-enhanced.openConfigScript.title.
2024-10-15 16:40:52.597 [warning] [markdown-preview-enhanced]: No se encontró un mensaje para la clave markdown-preview-enhanced.extendParser.title.
2024-10-15 16:40:52.597 [warning] [markdown-preview-enhanced]: No se encontró un mensaje para la clave markdown-preview-enhanced.customizePreviewHtmlHead.title.
2024-10-15 16:40:52.603 [warning] [markdown-preview-enhanced]: No se encontró un mensaje para la clave markdown-preview-enhanced.openConfigScriptInWorkspace.title.
2024-10-15 16:40:52.603 [warning] [markdown-preview-enhanced]: No se encontró un mensaje para la clave markdown-preview-enhanced.extendParserInWorkspace.title.
2024-10-15 16:40:52.603 [warning] [markdown-preview-enhanced]: No se encontró un mensaje para la clave markdown-preview-enhanced.customizePreviewHtmlHeadInWorkspace.title.
2024-10-15 16:40:52.607 [warning] [markdown-preview-enhanced]: No se encontró un mensaje para la clave markdown-preview-enhanced.showUploadedImages.title.
2024-10-15 16:40:52.608 [warning] [markdown-preview-enhanced]: No se encontró un mensaje para la clave customEditorPreviewDisplayName.
2024-10-15 16:40:53.229 [info] Extension signature verification result for blackboxapp.blackbox: Success. Executed: true. Duration: 18581ms.
2024-10-15 16:40:53.622 [info] Extracted extension to file:///home/pro/.vscode/extensions/ms-vscode.remote-explorer-0.4.3: ms-vscode.remote-explorer
2024-10-15 16:40:53.624 [info] Extracted extension to file:///home/pro/.vscode/extensions/formulahendry.auto-rename-tag-0.1.10: formulahendry.auto-rename-tag
2024-10-15 16:40:53.831 [info] Renamed to /home/pro/.vscode/extensions/ms-vscode.remote-explorer-0.4.3
2024-10-15 16:40:53.948 [info] Renamed to /home/pro/.vscode/extensions/formulahendry.auto-rename-tag-0.1.10
2024-10-15 16:40:54.232 [error] [/home/pro/.vscode/extensions/shd101wyy.markdown-preview-enhanced-0.8.14]: No se pudo analizar /home/pro/.vscode/extensions/shd101wyy.markdown-preview-enhanced-0.8.14/package.nls.json: Se esperaba un valor.
2024-10-15 16:40:54.232 [warning] [markdown-preview-enhanced]: No se encontró un mensaje para la clave displayName.
2024-10-15 16:40:54.232 [warning] [markdown-preview-enhanced]: No se encontró un mensaje para la clave description.
2024-10-15 16:40:54.232 [warning] [markdown-preview-enhanced]: No se encontró un mensaje para la clave markdown-preview-enhanced.openPreviewToTheSide.title.
2024-10-15 16:40:54.232 [warning] [markdown-preview-enhanced]: No se encontró un mensaje para la clave markdown-preview-enhanced.openPreview.title.
2024-10-15 16:40:54.232 [warning] [markdown-preview-enhanced]: No se encontró un mensaje para la clave markdown-preview-enhanced.toggleScrollSync.title.
2024-10-15 16:40:54.232 [warning] [markdown-preview-enhanced]: No se encontró un mensaje para la clave markdown-preview-enhanced.toggleLiveUpdate.title.
2024-10-15 16:40:54.234 [warning] [markdown-preview-enhanced]: No se encontró un mensaje para la clave markdown-preview-enhanced.toggleBreakOnSingleNewLine.title.
2024-10-15 16:40:54.235 [warning] [markdown-preview-enhanced]: No se encontró un mensaje para la clave markdown-preview-enhanced.openImageHelper.title.
2024-10-15 16:40:54.235 [warning] [markdown-preview-enhanced]: No se encontró un mensaje para la clave markdown-preview-enhanced.runAllCodeChunks.title.
2024-10-15 16:40:54.235 [warning] [markdown-preview-enhanced]: No se encontró un mensaje para la clave markdown-preview-enhanced.runCodeChunk.title.
2024-10-15 16:40:54.235 [warning] [markdown-preview-enhanced]: No se encontró un mensaje para la clave markdown-preview-enhanced.syncPreview.title.
2024-10-15 16:40:54.235 [warning] [markdown-preview-enhanced]: No se encontró un mensaje para la clave markdown-preview-enhanced.customizeCss.title.
2024-10-15 16:40:54.235 [warning] [markdown-preview-enhanced]: No se encontró un mensaje para la clave markdown-preview-enhanced.customizeCssInWorkspace.title.
2024-10-15 16:40:54.235 [warning] [markdown-preview-enhanced]: No se encontró un mensaje para la clave markdown-preview-enhanced.insertNewSlide.title.
2024-10-15 16:40:54.235 [warning] [markdown-preview-enhanced]: No se encontró un mensaje para la clave markdown-preview-enhanced.insertTable.title.
2024-10-15 16:40:54.235 [warning] [markdown-preview-enhanced]: No se encontró un mensaje para la clave markdown-preview-enhanced.insertPagebreak.title.
2024-10-15 16:40:54.237 [warning] [markdown-preview-enhanced]: No se encontró un mensaje para la clave markdown-preview-enhanced.createTOC.title.
2024-10-15 16:40:54.237 [warning] [markdown-preview-enhanced]: No se encontró un mensaje para la clave markdown-preview-enhanced.openConfigScript.title.
2024-10-15 16:40:54.237 [warning] [markdown-preview-enhanced]: No se encontró un mensaje para la clave markdown-preview-enhanced.extendParser.title.
2024-10-15 16:40:54.237 [warning] [markdown-preview-enhanced]: No se encontró un mensaje para la clave markdown-preview-enhanced.customizePreviewHtmlHead.title.
2024-10-15 16:40:54.237 [warning] [markdown-preview-enhanced]: No se encontró un mensaje para la clave markdown-preview-enhanced.openConfigScriptInWorkspace.title.
2024-10-15 16:40:54.237 [warning] [markdown-preview-enhanced]: No se encontró un mensaje para la clave markdown-preview-enhanced.extendParserInWorkspace.title.
2024-10-15 16:40:54.237 [warning] [markdown-preview-enhanced]: No se encontró un mensaje para la clave markdown-preview-enhanced.customizePreviewHtmlHeadInWorkspace.title.
2024-10-15 16:40:54.238 [warning] [markdown-preview-enhanced]: No se encontró un mensaje para la clave markdown-preview-enhanced.showUploadedImages.title.
2024-10-15 16:40:54.238 [warning] [markdown-preview-enhanced]: No se encontró un mensaje para la clave customEditorPreviewDisplayName.
2024-10-15 16:40:54.312 [info] Extension signature verification result for lonedev.ia-vscode: Success. Executed: true. Duration: 16245ms.
2024-10-15 16:40:54.559 [error] [/home/pro/.vscode/extensions/shd101wyy.markdown-preview-enhanced-0.8.14]: No se pudo analizar /home/pro/.vscode/extensions/shd101wyy.markdown-preview-enhanced-0.8.14/package.nls.json: Se esperaba un valor.
2024-10-15 16:40:54.561 [warning] [markdown-preview-enhanced]: No se encontró un mensaje para la clave displayName.
2024-10-15 16:40:54.561 [warning] [markdown-preview-enhanced]: No se encontró un mensaje para la clave description.
2024-10-15 16:40:54.562 [warning] [markdown-preview-enhanced]: No se encontró un mensaje para la clave markdown-preview-enhanced.openPreviewToTheSide.title.
2024-10-15 16:40:54.562 [warning] [markdown-preview-enhanced]: No se encontró un mensaje para la clave markdown-preview-enhanced.openPreview.title.
2024-10-15 16:40:54.563 [warning] [markdown-preview-enhanced]: No se encontró un mensaje para la clave markdown-preview-enhanced.toggleScrollSync.title.
2024-10-15 16:40:54.563 [warning] [markdown-preview-enhanced]: No se encontró un mensaje para la clave markdown-preview-enhanced.toggleLiveUpdate.title.
2024-10-15 16:40:54.563 [warning] [markdown-preview-enhanced]: No se encontró un mensaje para la clave markdown-preview-enhanced.toggleBreakOnSingleNewLine.title.
2024-10-15 16:40:54.563 [warning] [markdown-preview-enhanced]: No se encontró un mensaje para la clave markdown-preview-enhanced.openImageHelper.title.
2024-10-15 16:40:54.564 [warning] [markdown-preview-enhanced]: No se encontró un mensaje para la clave markdown-preview-enhanced.runAllCodeChunks.title.
2024-10-15 16:40:54.564 [warning] [markdown-preview-enhanced]: No se encontró un mensaje para la clave markdown-preview-enhanced.runCodeChunk.title.
2024-10-15 16:40:54.564 [warning] [markdown-preview-enhanced]: No se encontró un mensaje para la clave markdown-preview-enhanced.syncPreview.title.
2024-10-15 16:40:54.564 [warning] [markdown-preview-enhanced]: No se encontró un mensaje para la clave markdown-preview-enhanced.customizeCss.title.
2024-10-15 16:40:54.564 [warning] [markdown-preview-enhanced]: No se encontró un mensaje para la clave markdown-preview-enhanced.customizeCssInWorkspace.title.
2024-10-15 16:40:54.564 [warning] [markdown-preview-enhanced]: No se encontró un mensaje para la clave markdown-preview-enhanced.insertNewSlide.title.
2024-10-15 16:40:54.564 [warning] [markdown-preview-enhanced]: No se encontró un mensaje para la clave markdown-preview-enhanced.insertTable.title.
2024-10-15 16:40:54.565 [warning] [markdown-preview-enhanced]: No se encontró un mensaje para la clave markdown-preview-enhanced.insertPagebreak.title.
2024-10-15 16:40:54.566 [warning] [markdown-preview-enhanced]: No se encontró un mensaje para la clave markdown-preview-enhanced.createTOC.title.
2024-10-15 16:40:54.566 [warning] [markdown-preview-enhanced]: No se encontró un mensaje para la clave markdown-preview-enhanced.openConfigScript.title.
2024-10-15 16:40:54.566 [warning] [markdown-preview-enhanced]: No se encontró un mensaje para la clave markdown-preview-enhanced.extendParser.title.
2024-10-15 16:40:54.566 [warning] [markdown-preview-enhanced]: No se encontró un mensaje para la clave markdown-preview-enhanced.customizePreviewHtmlHead.title.
2024-10-15 16:40:54.566 [warning] [markdown-preview-enhanced]: No se encontró un mensaje para la clave markdown-preview-enhanced.openConfigScriptInWorkspace.title.
2024-10-15 16:40:54.566 [warning] [markdown-preview-enhanced]: No se encontró un mensaje para la clave markdown-preview-enhanced.extendParserInWorkspace.title.
2024-10-15 16:40:54.567 [warning] [markdown-preview-enhanced]: No se encontró un mensaje para la clave markdown-preview-enhanced.customizePreviewHtmlHeadInWorkspace.title.
2024-10-15 16:40:54.567 [warning] [markdown-preview-enhanced]: No se encontró un mensaje para la clave markdown-preview-enhanced.showUploadedImages.title.
2024-10-15 16:40:54.567 [warning] [markdown-preview-enhanced]: No se encontró un mensaje para la clave customEditorPreviewDisplayName.
2024-10-15 16:40:54.607 [info] Extension signature verification result for silasnevstad.gpthelper: Success. Executed: true. Duration: 16566ms.
2024-10-15 16:40:54.612 [info] Extension signature verification result for redhat.vscode-yaml: Success. Executed: true. Duration: 16068ms.
2024-10-15 16:40:54.775 [info] Extension signature verification result for redhat.vscode-xml: Success. Executed: true. Duration: 15765ms.
2024-10-15 16:40:54.795 [info] Extracted extension to file:///home/pro/.vscode/extensions/github.remotehub-0.64.0: github.remotehub
2024-10-15 16:40:54.878 [info] Extracted extension to file:///home/pro/.vscode/extensions/ms-vscode.azure-repos-0.40.0: ms-vscode.azure-repos
2024-10-15 16:40:54.896 [info] Extracted extension to file:///home/pro/.vscode/extensions/ms-vscode.live-server-0.4.15: ms-vscode.live-server
2024-10-15 16:40:54.933 [info] Renamed to /home/pro/.vscode/extensions/github.remotehub-0.64.0
2024-10-15 16:40:55.227 [info] Extracted extension to file:///home/pro/.vscode/extensions/ms-vscode.remote-repositories-0.42.0: ms-vscode.remote-repositories
2024-10-15 16:40:55.236 [info] Renamed to /home/pro/.vscode/extensions/ms-vscode.live-server-0.4.15
2024-10-15 16:40:55.238 [info] Renamed to /home/pro/.vscode/extensions/ms-vscode.azure-repos-0.40.0
2024-10-15 16:40:55.487 [info] Renamed to /home/pro/.vscode/extensions/ms-vscode.remote-repositories-0.42.0
2024-10-15 16:40:55.668 [error] [/home/pro/.vscode/extensions/shd101wyy.markdown-preview-enhanced-0.8.14]: No se pudo analizar /home/pro/.vscode/extensions/shd101wyy.markdown-preview-enhanced-0.8.14/package.nls.json: Se esperaba un valor.
2024-10-15 16:40:55.669 [warning] [markdown-preview-enhanced]: No se encontró un mensaje para la clave displayName.
2024-10-15 16:40:55.669 [warning] [markdown-preview-enhanced]: No se encontró un mensaje para la clave description.
2024-10-15 16:40:55.669 [warning] [markdown-preview-enhanced]: No se encontró un mensaje para la clave markdown-preview-enhanced.openPreviewToTheSide.title.
2024-10-15 16:40:55.669 [warning] [markdown-preview-enhanced]: No se encontró un mensaje para la clave markdown-preview-enhanced.openPreview.title.
2024-10-15 16:40:55.669 [warning] [markdown-preview-enhanced]: No se encontró un mensaje para la clave markdown-preview-enhanced.toggleScrollSync.title.
2024-10-15 16:40:55.669 [warning] [markdown-preview-enhanced]: No se encontró un mensaje para la clave markdown-preview-enhanced.toggleLiveUpdate.title.
2024-10-15 16:40:55.669 [warning] [markdown-preview-enhanced]: No se encontró un mensaje para la clave markdown-preview-enhanced.toggleBreakOnSingleNewLine.title.
2024-10-15 16:40:55.674 [warning] [markdown-preview-enhanced]: No se encontró un mensaje para la clave markdown-preview-enhanced.openImageHelper.title.
2024-10-15 16:40:55.674 [warning] [markdown-preview-enhanced]: No se encontró un mensaje para la clave markdown-preview-enhanced.runAllCodeChunks.title.
2024-10-15 16:40:55.674 [warning] [markdown-preview-enhanced]: No se encontró un mensaje para la clave markdown-preview-enhanced.runCodeChunk.title.
2024-10-15 16:40:55.675 [warning] [markdown-preview-enhanced]: No se encontró un mensaje para la clave markdown-preview-enhanced.syncPreview.title.
2024-10-15 16:40:55.675 [warning] [markdown-preview-enhanced]: No se encontró un mensaje para la clave markdown-preview-enhanced.customizeCss.title.
2024-10-15 16:40:55.675 [warning] [markdown-preview-enhanced]: No se encontró un mensaje para la clave markdown-preview-enhanced.customizeCssInWorkspace.title.
2024-10-15 16:40:55.680 [warning] [markdown-preview-enhanced]: No se encontró un mensaje para la clave markdown-preview-enhanced.insertNewSlide.title.
2024-10-15 16:40:55.680 [warning] [markdown-preview-enhanced]: No se encontró un mensaje para la clave markdown-preview-enhanced.insertTable.title.
2024-10-15 16:40:55.680 [warning] [markdown-preview-enhanced]: No se encontró un mensaje para la clave markdown-preview-enhanced.insertPagebreak.title.
2024-10-15 16:40:55.681 [warning] [markdown-preview-enhanced]: No se encontró un mensaje para la clave markdown-preview-enhanced.createTOC.title.
2024-10-15 16:40:55.681 [warning] [markdown-preview-enhanced]: No se encontró un mensaje para la clave markdown-preview-enhanced.openConfigScript.title.
2024-10-15 16:40:55.681 [warning] [markdown-preview-enhanced]: No se encontró un mensaje para la clave markdown-preview-enhanced.extendParser.title.
2024-10-15 16:40:55.681 [warning] [markdown-preview-enhanced]: No se encontró un mensaje para la clave markdown-preview-enhanced.customizePreviewHtmlHead.title.
2024-10-15 16:40:55.681 [warning] [markdown-preview-enhanced]: No se encontró un mensaje para la clave markdown-preview-enhanced.openConfigScriptInWorkspace.title.
2024-10-15 16:40:55.681 [warning] [markdown-preview-enhanced]: No se encontró un mensaje para la clave markdown-preview-enhanced.extendParserInWorkspace.title.
2024-10-15 16:40:55.681 [warning] [markdown-preview-enhanced]: No se encontró un mensaje para la clave markdown-preview-enhanced.customizePreviewHtmlHeadInWorkspace.title.
2024-10-15 16:40:55.682 [warning] [markdown-preview-enhanced]: No se encontró un mensaje para la clave markdown-preview-enhanced.showUploadedImages.title.
2024-10-15 16:40:55.682 [warning] [markdown-preview-enhanced]: No se encontró un mensaje para la clave customEditorPreviewDisplayName.
2024-10-15 16:40:55.701 [info] Extracted extension to file:///home/pro/.vscode/extensions/ms-vscode.remote-server-1.5.2: ms-vscode.remote-server
2024-10-15 16:40:55.874 [error] [/home/pro/.vscode/extensions/shd101wyy.markdown-preview-enhanced-0.8.14]: No se pudo analizar /home/pro/.vscode/extensions/shd101wyy.markdown-preview-enhanced-0.8.14/package.nls.json: Se esperaba un valor.
2024-10-15 16:40:55.875 [warning] [markdown-preview-enhanced]: No se encontró un mensaje para la clave displayName.
2024-10-15 16:40:55.875 [warning] [markdown-preview-enhanced]: No se encontró un mensaje para la clave description.
2024-10-15 16:40:55.875 [warning] [markdown-preview-enhanced]: No se encontró un mensaje para la clave markdown-preview-enhanced.openPreviewToTheSide.title.
2024-10-15 16:40:55.875 [warning] [markdown-preview-enhanced]: No se encontró un mensaje para la clave markdown-preview-enhanced.openPreview.title.
2024-10-15 16:40:55.876 [warning] [markdown-preview-enhanced]: No se encontró un mensaje para la clave markdown-preview-enhanced.toggleScrollSync.title.
2024-10-15 16:40:55.876 [warning] [markdown-preview-enhanced]: No se encontró un mensaje para la clave markdown-preview-enhanced.toggleLiveUpdate.title.
2024-10-15 16:40:55.876 [warning] [markdown-preview-enhanced]: No se encontró un mensaje para la clave markdown-preview-enhanced.toggleBreakOnSingleNewLine.title.
2024-10-15 16:40:55.877 [warning] [markdown-preview-enhanced]: No se encontró un mensaje para la clave markdown-preview-enhanced.openImageHelper.title.
2024-10-15 16:40:55.877 [warning] [markdown-preview-enhanced]: No se encontró un mensaje para la clave markdown-preview-enhanced.runAllCodeChunks.title.
2024-10-15 16:40:55.877 [warning] [markdown-preview-enhanced]: No se encontró un mensaje para la clave markdown-preview-enhanced.runCodeChunk.title.
2024-10-15 16:40:55.877 [warning] [markdown-preview-enhanced]: No se encontró un mensaje para la clave markdown-preview-enhanced.syncPreview.title.
2024-10-15 16:40:55.878 [warning] [markdown-preview-enhanced]: No se encontró un mensaje para la clave markdown-preview-enhanced.customizeCss.title.
2024-10-15 16:40:55.878 [warning] [markdown-preview-enhanced]: No se encontró un mensaje para la clave markdown-preview-enhanced.customizeCssInWorkspace.title.
2024-10-15 16:40:55.878 [warning] [markdown-preview-enhanced]: No se encontró un mensaje para la clave markdown-preview-enhanced.insertNewSlide.title.
2024-10-15 16:40:55.878 [warning] [markdown-preview-enhanced]: No se encontró un mensaje para la clave markdown-preview-enhanced.insertTable.title.
2024-10-15 16:40:55.879 [warning] [markdown-preview-enhanced]: No se encontró un mensaje para la clave markdown-preview-enhanced.insertPagebreak.title.
2024-10-15 16:40:55.879 [warning] [markdown-preview-enhanced]: No se encontró un mensaje para la clave markdown-preview-enhanced.createTOC.title.
2024-10-15 16:40:55.879 [warning] [markdown-preview-enhanced]: No se encontró un mensaje para la clave markdown-preview-enhanced.openConfigScript.title.
2024-10-15 16:40:55.880 [warning] [markdown-preview-enhanced]: No se encontró un mensaje para la clave markdown-preview-enhanced.extendParser.title.
2024-10-15 16:40:55.880 [warning] [markdown-preview-enhanced]: No se encontró un mensaje para la clave markdown-preview-enhanced.customizePreviewHtmlHead.title.
2024-10-15 16:40:55.880 [warning] [markdown-preview-enhanced]: No se encontró un mensaje para la clave markdown-preview-enhanced.openConfigScriptInWorkspace.title.
2024-10-15 16:40:55.883 [warning] [markdown-preview-enhanced]: No se encontró un mensaje para la clave markdown-preview-enhanced.extendParserInWorkspace.title.
2024-10-15 16:40:55.884 [warning] [markdown-preview-enhanced]: No se encontró un mensaje para la clave markdown-preview-enhanced.customizePreviewHtmlHeadInWorkspace.title.
2024-10-15 16:40:55.884 [warning] [markdown-preview-enhanced]: No se encontró un mensaje para la clave markdown-preview-enhanced.showUploadedImages.title.
2024-10-15 16:40:55.884 [warning] [markdown-preview-enhanced]: No se encontró un mensaje para la clave customEditorPreviewDisplayName.
2024-10-15 16:40:55.936 [info] Renamed to /home/pro/.vscode/extensions/ms-vscode.remote-server-1.5.2
2024-10-15 16:40:55.962 [error] [/home/pro/.vscode/extensions/shd101wyy.markdown-preview-enhanced-0.8.14]: No se pudo analizar /home/pro/.vscode/extensions/shd101wyy.markdown-preview-enhanced-0.8.14/package.nls.json: Se esperaba un valor.
2024-10-15 16:40:55.963 [warning] [markdown-preview-enhanced]: No se encontró un mensaje para la clave displayName.
2024-10-15 16:40:55.963 [warning] [markdown-preview-enhanced]: No se encontró un mensaje para la clave description.
2024-10-15 16:40:55.963 [warning] [markdown-preview-enhanced]: No se encontró un mensaje para la clave markdown-preview-enhanced.openPreviewToTheSide.title.
2024-10-15 16:40:55.963 [warning] [markdown-preview-enhanced]: No se encontró un mensaje para la clave markdown-preview-enhanced.openPreview.title.
2024-10-15 16:40:55.964 [warning] [markdown-preview-enhanced]: No se encontró un mensaje para la clave markdown-preview-enhanced.toggleScrollSync.title.
2024-10-15 16:40:55.964 [warning] [markdown-preview-enhanced]: No se encontró un mensaje para la clave markdown-preview-enhanced.toggleLiveUpdate.title.
2024-10-15 16:40:55.964 [warning] [markdown-preview-enhanced]: No se encontró un mensaje para la clave markdown-preview-enhanced.toggleBreakOnSingleNewLine.title.
2024-10-15 16:40:55.964 [warning] [markdown-preview-enhanced]: No se encontró un mensaje para la clave markdown-preview-enhanced.openImageHelper.title.
2024-10-15 16:40:55.965 [warning] [markdown-preview-enhanced]: No se encontró un mensaje para la clave markdown-preview-enhanced.runAllCodeChunks.title.
2024-10-15 16:40:55.965 [warning] [markdown-preview-enhanced]: No se encontró un mensaje para la clave markdown-preview-enhanced.runCodeChunk.title.
2024-10-15 16:40:55.965 [warning] [markdown-preview-enhanced]: No se encontró un mensaje para la clave markdown-preview-enhanced.syncPreview.title.
2024-10-15 16:40:55.965 [warning] [markdown-preview-enhanced]: No se encontró un mensaje para la clave markdown-preview-enhanced.customizeCss.title.
2024-10-15 16:40:55.966 [warning] [markdown-preview-enhanced]: No se encontró un mensaje para la clave markdown-preview-enhanced.customizeCssInWorkspace.title.
2024-10-15 16:40:55.966 [warning] [markdown-preview-enhanced]: No se encontró un mensaje para la clave markdown-preview-enhanced.insertNewSlide.title.
2024-10-15 16:40:55.966 [warning] [markdown-preview-enhanced]: No se encontró un mensaje para la clave markdown-preview-enhanced.insertTable.title.
2024-10-15 16:40:55.966 [warning] [markdown-preview-enhanced]: No se encontró un mensaje para la clave markdown-preview-enhanced.insertPagebreak.title.
2024-10-15 16:40:55.967 [warning] [markdown-preview-enhanced]: No se encontró un mensaje para la clave markdown-preview-enhanced.createTOC.title.
2024-10-15 16:40:55.967 [warning] [markdown-preview-enhanced]: No se encontró un mensaje para la clave markdown-preview-enhanced.openConfigScript.title.
2024-10-15 16:40:55.967 [warning] [markdown-preview-enhanced]: No se encontró un mensaje para la clave markdown-preview-enhanced.extendParser.title.
2024-10-15 16:40:55.968 [warning] [markdown-preview-enhanced]: No se encontró un mensaje para la clave markdown-preview-enhanced.customizePreviewHtmlHead.title.
2024-10-15 16:40:55.968 [warning] [markdown-preview-enhanced]: No se encontró un mensaje para la clave markdown-preview-enhanced.openConfigScriptInWorkspace.title.
2024-10-15 16:40:55.968 [warning] [markdown-preview-enhanced]: No se encontró un mensaje para la clave markdown-preview-enhanced.extendParserInWorkspace.title.
2024-10-15 16:40:55.973 [warning] [markdown-preview-enhanced]: No se encontró un mensaje para la clave markdown-preview-enhanced.customizePreviewHtmlHeadInWorkspace.title.
2024-10-15 16:40:55.974 [warning] [markdown-preview-enhanced]: No se encontró un mensaje para la clave markdown-preview-enhanced.showUploadedImages.title.
2024-10-15 16:40:55.974 [warning] [markdown-preview-enhanced]: No se encontró un mensaje para la clave customEditorPreviewDisplayName.
2024-10-15 16:40:56.209 [error] [/home/pro/.vscode/extensions/shd101wyy.markdown-preview-enhanced-0.8.14]: No se pudo analizar /home/pro/.vscode/extensions/shd101wyy.markdown-preview-enhanced-0.8.14/package.nls.json: Se esperaba un valor.
2024-10-15 16:40:56.210 [warning] [markdown-preview-enhanced]: No se encontró un mensaje para la clave displayName.
2024-10-15 16:40:56.210 [warning] [markdown-preview-enhanced]: No se encontró un mensaje para la clave description.
2024-10-15 16:40:56.211 [warning] [markdown-preview-enhanced]: No se encontró un mensaje para la clave markdown-preview-enhanced.openPreviewToTheSide.title.
2024-10-15 16:40:56.211 [warning] [markdown-preview-enhanced]: No se encontró un mensaje para la clave markdown-preview-enhanced.openPreview.title.
2024-10-15 16:40:56.211 [warning] [markdown-preview-enhanced]: No se encontró un mensaje para la clave markdown-preview-enhanced.toggleScrollSync.title.
2024-10-15 16:40:56.211 [warning] [markdown-preview-enhanced]: No se encontró un mensaje para la clave markdown-preview-enhanced.toggleLiveUpdate.title.
2024-10-15 16:40:56.212 [warning] [markdown-preview-enhanced]: No se encontró un mensaje para la clave markdown-preview-enhanced.toggleBreakOnSingleNewLine.title.
2024-10-15 16:40:56.212 [warning] [markdown-preview-enhanced]: No se encontró un mensaje para la clave markdown-preview-enhanced.openImageHelper.title.
2024-10-15 16:40:56.212 [warning] [markdown-preview-enhanced]: No se encontró un mensaje para la clave markdown-preview-enhanced.runAllCodeChunks.title.
2024-10-15 16:40:56.212 [warning] [markdown-preview-enhanced]: No se encontró un mensaje para la clave markdown-preview-enhanced.runCodeChunk.title.
2024-10-15 16:40:56.215 [warning] [markdown-preview-enhanced]: No se encontró un mensaje para la clave markdown-preview-enhanced.syncPreview.title.
2024-10-15 16:40:56.216 [warning] [markdown-preview-enhanced]: No se encontró un mensaje para la clave markdown-preview-enhanced.customizeCss.title.
2024-10-15 16:40:56.216 [warning] [markdown-preview-enhanced]: No se encontró un mensaje para la clave markdown-preview-enhanced.customizeCssInWorkspace.title.
2024-10-15 16:40:56.217 [warning] [markdown-preview-enhanced]: No se encontró un mensaje para la clave markdown-preview-enhanced.insertNewSlide.title.
2024-10-15 16:40:56.217 [warning] [markdown-preview-enhanced]: No se encontró un mensaje para la clave markdown-preview-enhanced.insertTable.title.
2024-10-15 16:40:56.218 [warning] [markdown-preview-enhanced]: No se encontró un mensaje para la clave markdown-preview-enhanced.insertPagebreak.title.
2024-10-15 16:40:56.218 [warning] [markdown-preview-enhanced]: No se encontró un mensaje para la clave markdown-preview-enhanced.createTOC.title.
2024-10-15 16:40:56.218 [warning] [markdown-preview-enhanced]: No se encontró un mensaje para la clave markdown-preview-enhanced.openConfigScript.title.
2024-10-15 16:40:56.218 [warning] [markdown-preview-enhanced]: No se encontró un mensaje para la clave markdown-preview-enhanced.extendParser.title.
2024-10-15 16:40:56.219 [warning] [markdown-preview-enhanced]: No se encontró un mensaje para la clave markdown-preview-enhanced.customizePreviewHtmlHead.title.
2024-10-15 16:40:56.219 [warning] [markdown-preview-enhanced]: No se encontró un mensaje para la clave markdown-preview-enhanced.openConfigScriptInWorkspace.title.
2024-10-15 16:40:56.219 [warning] [markdown-preview-enhanced]: No se encontró un mensaje para la clave markdown-preview-enhanced.extendParserInWorkspace.title.
2024-10-15 16:40:56.219 [warning] [markdown-preview-enhanced]: No se encontró un mensaje para la clave markdown-preview-enhanced.customizePreviewHtmlHeadInWorkspace.title.
2024-10-15 16:40:56.220 [warning] [markdown-preview-enhanced]: No se encontró un mensaje para la clave markdown-preview-enhanced.showUploadedImages.title.
2024-10-15 16:40:56.220 [warning] [markdown-preview-enhanced]: No se encontró un mensaje para la clave customEditorPreviewDisplayName.
2024-10-15 16:40:56.257 [info] Extracted extension to file:///home/pro/.vscode/extensions/lonedev.ia-vscode-0.1.4: lonedev.ia-vscode
2024-10-15 16:40:56.330 [error] [/home/pro/.vscode/extensions/shd101wyy.markdown-preview-enhanced-0.8.14]: No se pudo analizar /home/pro/.vscode/extensions/shd101wyy.markdown-preview-enhanced-0.8.14/package.nls.json: Se esperaba un valor.
2024-10-15 16:40:56.330 [warning] [markdown-preview-enhanced]: No se encontró un mensaje para la clave displayName.
2024-10-15 16:40:56.330 [warning] [markdown-preview-enhanced]: No se encontró un mensaje para la clave description.
2024-10-15 16:40:56.330 [warning] [markdown-preview-enhanced]: No se encontró un mensaje para la clave markdown-preview-enhanced.openPreviewToTheSide.title.
2024-10-15 16:40:56.331 [warning] [markdown-preview-enhanced]: No se encontró un mensaje para la clave markdown-preview-enhanced.openPreview.title.
2024-10-15 16:40:56.331 [warning] [markdown-preview-enhanced]: No se encontró un mensaje para la clave markdown-preview-enhanced.toggleScrollSync.title.
2024-10-15 16:40:56.331 [warning] [markdown-preview-enhanced]: No se encontró un mensaje para la clave markdown-preview-enhanced.toggleLiveUpdate.title.
2024-10-15 16:40:56.331 [warning] [markdown-preview-enhanced]: No se encontró un mensaje para la clave markdown-preview-enhanced.toggleBreakOnSingleNewLine.title.
2024-10-15 16:40:56.332 [warning] [markdown-preview-enhanced]: No se encontró un mensaje para la clave markdown-preview-enhanced.openImageHelper.title.
2024-10-15 16:40:56.332 [warning] [markdown-preview-enhanced]: No se encontró un mensaje para la clave markdown-preview-enhanced.runAllCodeChunks.title.
2024-10-15 16:40:56.332 [warning] [markdown-preview-enhanced]: No se encontró un mensaje para la clave markdown-preview-enhanced.runCodeChunk.title.
2024-10-15 16:40:56.332 [warning] [markdown-preview-enhanced]: No se encontró un mensaje para la clave markdown-preview-enhanced.syncPreview.title.
2024-10-15 16:40:56.333 [warning] [markdown-preview-enhanced]: No se encontró un mensaje para la clave markdown-preview-enhanced.customizeCss.title.
2024-10-15 16:40:56.333 [warning] [markdown-preview-enhanced]: No se encontró un mensaje para la clave markdown-preview-enhanced.customizeCssInWorkspace.title.
2024-10-15 16:40:56.333 [warning] [markdown-preview-enhanced]: No se encontró un mensaje para la clave markdown-preview-enhanced.insertNewSlide.title.
2024-10-15 16:40:56.333 [warning] [markdown-preview-enhanced]: No se encontró un mensaje para la clave markdown-preview-enhanced.insertTable.title.
2024-10-15 16:40:56.334 [warning] [markdown-preview-enhanced]: No se encontró un mensaje para la clave markdown-preview-enhanced.insertPagebreak.title.
2024-10-15 16:40:56.334 [warning] [markdown-preview-enhanced]: No se encontró un mensaje para la clave markdown-preview-enhanced.createTOC.title.
2024-10-15 16:40:56.334 [warning] [markdown-preview-enhanced]: No se encontró un mensaje para la clave markdown-preview-enhanced.openConfigScript.title.
2024-10-15 16:40:56.334 [warning] [markdown-preview-enhanced]: No se encontró un mensaje para la clave markdown-preview-enhanced.extendParser.title.
2024-10-15 16:40:56.335 [warning] [markdown-preview-enhanced]: No se encontró un mensaje para la clave markdown-preview-enhanced.customizePreviewHtmlHead.title.
2024-10-15 16:40:56.335 [warning] [markdown-preview-enhanced]: No se encontró un mensaje para la clave markdown-preview-enhanced.openConfigScriptInWorkspace.title.
2024-10-15 16:40:56.335 [warning] [markdown-preview-enhanced]: No se encontró un mensaje para la clave markdown-preview-enhanced.extendParserInWorkspace.title.
2024-10-15 16:40:56.335 [warning] [markdown-preview-enhanced]: No se encontró un mensaje para la clave markdown-preview-enhanced.customizePreviewHtmlHeadInWorkspace.title.
2024-10-15 16:40:56.336 [warning] [markdown-preview-enhanced]: No se encontró un mensaje para la clave markdown-preview-enhanced.showUploadedImages.title.
2024-10-15 16:40:56.338 [warning] [markdown-preview-enhanced]: No se encontró un mensaje para la clave customEditorPreviewDisplayName.
2024-10-15 16:40:56.381 [info] Extension signature verification result for wallabyjs.quokka-vscode: Success. Executed: true. Duration: 11545ms.
2024-10-15 16:40:56.419 [info] Renamed to /home/pro/.vscode/extensions/lonedev.ia-vscode-0.1.4
2024-10-15 16:40:56.514 [info] Extracted extension to file:///home/pro/.vscode/extensions/esbenp.prettier-vscode-11.0.0: esbenp.prettier-vscode
2024-10-15 16:40:56.520 [info] Extracted extension to file:///home/pro/.vscode/extensions/redhat.vscode-yaml-1.15.0: redhat.vscode-yaml
2024-10-15 16:40:56.667 [error] [/home/pro/.vscode/extensions/shd101wyy.markdown-preview-enhanced-0.8.14]: No se pudo analizar /home/pro/.vscode/extensions/shd101wyy.markdown-preview-enhanced-0.8.14/package.nls.json: Se esperaba un valor.
2024-10-15 16:40:56.667 [warning] [markdown-preview-enhanced]: No se encontró un mensaje para la clave displayName.
2024-10-15 16:40:56.667 [warning] [markdown-preview-enhanced]: No se encontró un mensaje para la clave description.
2024-10-15 16:40:56.667 [warning] [markdown-preview-enhanced]: No se encontró un mensaje para la clave markdown-preview-enhanced.openPreviewToTheSide.title.
2024-10-15 16:40:56.668 [warning] [markdown-preview-enhanced]: No se encontró un mensaje para la clave markdown-preview-enhanced.openPreview.title.
2024-10-15 16:40:56.668 [warning] [markdown-preview-enhanced]: No se encontró un mensaje para la clave markdown-preview-enhanced.toggleScrollSync.title.
2024-10-15 16:40:56.668 [warning] [markdown-preview-enhanced]: No se encontró un mensaje para la clave markdown-preview-enhanced.toggleLiveUpdate.title.
2024-10-15 16:40:56.668 [warning] [markdown-preview-enhanced]: No se encontró un mensaje para la clave markdown-preview-enhanced.toggleBreakOnSingleNewLine.title.
2024-10-15 16:40:56.668 [warning] [markdown-preview-enhanced]: No se encontró un mensaje para la clave markdown-preview-enhanced.openImageHelper.title.
2024-10-15 16:40:56.668 [warning] [markdown-preview-enhanced]: No se encontró un mensaje para la clave markdown-preview-enhanced.runAllCodeChunks.title.
2024-10-15 16:40:56.669 [warning] [markdown-preview-enhanced]: No se encontró un mensaje para la clave markdown-preview-enhanced.runCodeChunk.title.
2024-10-15 16:40:56.669 [warning] [markdown-preview-enhanced]: No se encontró un mensaje para la clave markdown-preview-enhanced.syncPreview.title.
2024-10-15 16:40:56.669 [warning] [markdown-preview-enhanced]: No se encontró un mensaje para la clave markdown-preview-enhanced.customizeCss.title.
2024-10-15 16:40:56.669 [warning] [markdown-preview-enhanced]: No se encontró un mensaje para la clave markdown-preview-enhanced.customizeCssInWorkspace.title.
2024-10-15 16:40:56.669 [warning] [markdown-preview-enhanced]: No se encontró un mensaje para la clave markdown-preview-enhanced.insertNewSlide.title.
2024-10-15 16:40:56.669 [warning] [markdown-preview-enhanced]: No se encontró un mensaje para la clave markdown-preview-enhanced.insertTable.title.
2024-10-15 16:40:56.669 [warning] [markdown-preview-enhanced]: No se encontró un mensaje para la clave markdown-preview-enhanced.insertPagebreak.title.
2024-10-15 16:40:56.669 [warning] [markdown-preview-enhanced]: No se encontró un mensaje para la clave markdown-preview-enhanced.createTOC.title.
2024-10-15 16:40:56.669 [warning] [markdown-preview-enhanced]: No se encontró un mensaje para la clave markdown-preview-enhanced.openConfigScript.title.
2024-10-15 16:40:56.669 [warning] [markdown-preview-enhanced]: No se encontró un mensaje para la clave markdown-preview-enhanced.extendParser.title.
2024-10-15 16:40:56.670 [warning] [markdown-preview-enhanced]: No se encontró un mensaje para la clave markdown-preview-enhanced.customizePreviewHtmlHead.title.
2024-10-15 16:40:56.670 [warning] [markdown-preview-enhanced]: No se encontró un mensaje para la clave markdown-preview-enhanced.openConfigScriptInWorkspace.title.
2024-10-15 16:40:56.670 [warning] [markdown-preview-enhanced]: No se encontró un mensaje para la clave markdown-preview-enhanced.extendParserInWorkspace.title.
2024-10-15 16:40:56.670 [warning] [markdown-preview-enhanced]: No se encontró un mensaje para la clave markdown-preview-enhanced.customizePreviewHtmlHeadInWorkspace.title.
2024-10-15 16:40:56.670 [warning] [markdown-preview-enhanced]: No se encontró un mensaje para la clave markdown-preview-enhanced.showUploadedImages.title.
2024-10-15 16:40:56.670 [warning] [markdown-preview-enhanced]: No se encontró un mensaje para la clave customEditorPreviewDisplayName.
2024-10-15 16:40:56.726 [info] Renamed to /home/pro/.vscode/extensions/esbenp.prettier-vscode-11.0.0
2024-10-15 16:40:56.763 [info] Renamed to /home/pro/.vscode/extensions/redhat.vscode-yaml-1.15.0
2024-10-15 16:40:57.009 [error] [/home/pro/.vscode/extensions/shd101wyy.markdown-preview-enhanced-0.8.14]: No se pudo analizar /home/pro/.vscode/extensions/shd101wyy.markdown-preview-enhanced-0.8.14/package.nls.json: Se esperaba un valor.
2024-10-15 16:40:57.010 [warning] [markdown-preview-enhanced]: No se encontró un mensaje para la clave displayName.
2024-10-15 16:40:57.010 [warning] [markdown-preview-enhanced]: No se encontró un mensaje para la clave description.
2024-10-15 16:40:57.010 [warning] [markdown-preview-enhanced]: No se encontró un mensaje para la clave markdown-preview-enhanced.openPreviewToTheSide.title.
2024-10-15 16:40:57.011 [warning] [markdown-preview-enhanced]: No se encontró un mensaje para la clave markdown-preview-enhanced.openPreview.title.
2024-10-15 16:40:57.011 [warning] [markdown-preview-enhanced]: No se encontró un mensaje para la clave markdown-preview-enhanced.toggleScrollSync.title.
2024-10-15 16:40:57.011 [warning] [markdown-preview-enhanced]: No se encontró un mensaje para la clave markdown-preview-enhanced.toggleLiveUpdate.title.
2024-10-15 16:40:57.012 [warning] [markdown-preview-enhanced]: No se encontró un mensaje para la clave markdown-preview-enhanced.toggleBreakOnSingleNewLine.title.
2024-10-15 16:40:57.012 [warning] [markdown-preview-enhanced]: No se encontró un mensaje para la clave markdown-preview-enhanced.openImageHelper.title.
2024-10-15 16:40:57.012 [warning] [markdown-preview-enhanced]: No se encontró un mensaje para la clave markdown-preview-enhanced.runAllCodeChunks.title.
2024-10-15 16:40:57.013 [warning] [markdown-preview-enhanced]: No se encontró un mensaje para la clave markdown-preview-enhanced.runCodeChunk.title.
2024-10-15 16:40:57.013 [warning] [markdown-preview-enhanced]: No se encontró un mensaje para la clave markdown-preview-enhanced.syncPreview.title.
2024-10-15 16:40:57.013 [warning] [markdown-preview-enhanced]: No se encontró un mensaje para la clave markdown-preview-enhanced.customizeCss.title.
2024-10-15 16:40:57.013 [warning] [markdown-preview-enhanced]: No se encontró un mensaje para la clave markdown-preview-enhanced.customizeCssInWorkspace.title.
2024-10-15 16:40:57.014 [warning] [markdown-preview-enhanced]: No se encontró un mensaje para la clave markdown-preview-enhanced.insertNewSlide.title.
2024-10-15 16:40:57.014 [warning] [markdown-preview-enhanced]: No se encontró un mensaje para la clave markdown-preview-enhanced.insertTable.title.
2024-10-15 16:40:57.014 [warning] [markdown-preview-enhanced]: No se encontró un mensaje para la clave markdown-preview-enhanced.insertPagebreak.title.
2024-10-15 16:40:57.015 [warning] [markdown-preview-enhanced]: No se encontró un mensaje para la clave markdown-preview-enhanced.createTOC.title.
2024-10-15 16:40:57.015 [warning] [markdown-preview-enhanced]: No se encontró un mensaje para la clave markdown-preview-enhanced.openConfigScript.title.
2024-10-15 16:40:57.015 [warning] [markdown-preview-enhanced]: No se encontró un mensaje para la clave markdown-preview-enhanced.extendParser.title.
2024-10-15 16:40:57.015 [warning] [markdown-preview-enhanced]: No se encontró un mensaje para la clave markdown-preview-enhanced.customizePreviewHtmlHead.title.
2024-10-15 16:40:57.016 [warning] [markdown-preview-enhanced]: No se encontró un mensaje para la clave markdown-preview-enhanced.openConfigScriptInWorkspace.title.
2024-10-15 16:40:57.016 [warning] [markdown-preview-enhanced]: No se encontró un mensaje para la clave markdown-preview-enhanced.extendParserInWorkspace.title.
2024-10-15 16:40:57.016 [warning] [markdown-preview-enhanced]: No se encontró un mensaje para la clave markdown-preview-enhanced.customizePreviewHtmlHeadInWorkspace.title.
2024-10-15 16:40:57.016 [warning] [markdown-preview-enhanced]: No se encontró un mensaje para la clave markdown-preview-enhanced.showUploadedImages.title.
2024-10-15 16:40:57.017 [warning] [markdown-preview-enhanced]: No se encontró un mensaje para la clave customEditorPreviewDisplayName.
2024-10-15 16:40:57.145 [error] [/home/pro/.vscode/extensions/shd101wyy.markdown-preview-enhanced-0.8.14]: No se pudo analizar /home/pro/.vscode/extensions/shd101wyy.markdown-preview-enhanced-0.8.14/package.nls.json: Se esperaba un valor.
2024-10-15 16:40:57.145 [warning] [markdown-preview-enhanced]: No se encontró un mensaje para la clave displayName.
2024-10-15 16:40:57.146 [warning] [markdown-preview-enhanced]: No se encontró un mensaje para la clave description.
2024-10-15 16:40:57.146 [warning] [markdown-preview-enhanced]: No se encontró un mensaje para la clave markdown-preview-enhanced.openPreviewToTheSide.title.
2024-10-15 16:40:57.146 [warning] [markdown-preview-enhanced]: No se encontró un mensaje para la clave markdown-preview-enhanced.openPreview.title.
2024-10-15 16:40:57.146 [warning] [markdown-preview-enhanced]: No se encontró un mensaje para la clave markdown-preview-enhanced.toggleScrollSync.title.
2024-10-15 16:40:57.146 [warning] [markdown-preview-enhanced]: No se encontró un mensaje para la clave markdown-preview-enhanced.toggleLiveUpdate.title.
2024-10-15 16:40:57.146 [warning] [markdown-preview-enhanced]: No se encontró un mensaje para la clave markdown-preview-enhanced.toggleBreakOnSingleNewLine.title.
2024-10-15 16:40:57.146 [warning] [markdown-preview-enhanced]: No se encontró un mensaje para la clave markdown-preview-enhanced.openImageHelper.title.
2024-10-15 16:40:57.146 [warning] [markdown-preview-enhanced]: No se encontró un mensaje para la clave markdown-preview-enhanced.runAllCodeChunks.title.
2024-10-15 16:40:57.146 [warning] [markdown-preview-enhanced]: No se encontró un mensaje para la clave markdown-preview-enhanced.runCodeChunk.title.
2024-10-15 16:40:57.146 [warning] [markdown-preview-enhanced]: No se encontró un mensaje para la clave markdown-preview-enhanced.syncPreview.title.
2024-10-15 16:40:57.147 [warning] [markdown-preview-enhanced]: No se encontró un mensaje para la clave markdown-preview-enhanced.customizeCss.title.
2024-10-15 16:40:57.147 [warning] [markdown-preview-enhanced]: No se encontró un mensaje para la clave markdown-preview-enhanced.customizeCssInWorkspace.title.
2024-10-15 16:40:57.147 [warning] [markdown-preview-enhanced]: No se encontró un mensaje para la clave markdown-preview-enhanced.insertNewSlide.title.
2024-10-15 16:40:57.147 [warning] [markdown-preview-enhanced]: No se encontró un mensaje para la clave markdown-preview-enhanced.insertTable.title.
2024-10-15 16:40:57.147 [warning] [markdown-preview-enhanced]: No se encontró un mensaje para la clave markdown-preview-enhanced.insertPagebreak.title.
2024-10-15 16:40:57.147 [warning] [markdown-preview-enhanced]: No se encontró un mensaje para la clave markdown-preview-enhanced.createTOC.title.
2024-10-15 16:40:57.147 [warning] [markdown-preview-enhanced]: No se encontró un mensaje para la clave markdown-preview-enhanced.openConfigScript.title.
2024-10-15 16:40:57.147 [warning] [markdown-preview-enhanced]: No se encontró un mensaje para la clave markdown-preview-enhanced.extendParser.title.
2024-10-15 16:40:57.147 [warning] [markdown-preview-enhanced]: No se encontró un mensaje para la clave markdown-preview-enhanced.customizePreviewHtmlHead.title.
2024-10-15 16:40:57.148 [warning] [markdown-preview-enhanced]: No se encontró un mensaje para la clave markdown-preview-enhanced.openConfigScriptInWorkspace.title.
2024-10-15 16:40:57.148 [warning] [markdown-preview-enhanced]: No se encontró un mensaje para la clave markdown-preview-enhanced.extendParserInWorkspace.title.
2024-10-15 16:40:57.150 [warning] [markdown-preview-enhanced]: No se encontró un mensaje para la clave markdown-preview-enhanced.customizePreviewHtmlHeadInWorkspace.title.
2024-10-15 16:40:57.150 [warning] [markdown-preview-enhanced]: No se encontró un mensaje para la clave markdown-preview-enhanced.showUploadedImages.title.
2024-10-15 16:40:57.150 [warning] [markdown-preview-enhanced]: No se encontró un mensaje para la clave customEditorPreviewDisplayName.
2024-10-15 16:40:58.234 [info] Extracted extension to file:///home/pro/.vscode/extensions/silasnevstad.gpthelper-0.4.8: silasnevstad.gpthelper
2024-10-15 16:40:58.383 [info] Renamed to /home/pro/.vscode/extensions/silasnevstad.gpthelper-0.4.8
2024-10-15 16:40:58.575 [error] [/home/pro/.vscode/extensions/shd101wyy.markdown-preview-enhanced-0.8.14]: No se pudo analizar /home/pro/.vscode/extensions/shd101wyy.markdown-preview-enhanced-0.8.14/package.nls.json: Se esperaba un valor.
2024-10-15 16:40:58.575 [warning] [markdown-preview-enhanced]: No se encontró un mensaje para la clave displayName.
2024-10-15 16:40:58.575 [warning] [markdown-preview-enhanced]: No se encontró un mensaje para la clave description.
2024-10-15 16:40:58.575 [warning] [markdown-preview-enhanced]: No se encontró un mensaje para la clave markdown-preview-enhanced.openPreviewToTheSide.title.
2024-10-15 16:40:58.575 [warning] [markdown-preview-enhanced]: No se encontró un mensaje para la clave markdown-preview-enhanced.openPreview.title.
2024-10-15 16:40:58.575 [warning] [markdown-preview-enhanced]: No se encontró un mensaje para la clave markdown-preview-enhanced.toggleScrollSync.title.
2024-10-15 16:40:58.575 [warning] [markdown-preview-enhanced]: No se encontró un mensaje para la clave markdown-preview-enhanced.toggleLiveUpdate.title.
2024-10-15 16:40:58.575 [warning] [markdown-preview-enhanced]: No se encontró un mensaje para la clave markdown-preview-enhanced.toggleBreakOnSingleNewLine.title.
2024-10-15 16:40:58.577 [warning] [markdown-preview-enhanced]: No se encontró un mensaje para la clave markdown-preview-enhanced.openImageHelper.title.
2024-10-15 16:40:58.577 [warning] [markdown-preview-enhanced]: No se encontró un mensaje para la clave markdown-preview-enhanced.runAllCodeChunks.title.
2024-10-15 16:40:58.577 [warning] [markdown-preview-enhanced]: No se encontró un mensaje para la clave markdown-preview-enhanced.runCodeChunk.title.
2024-10-15 16:40:58.577 [warning] [markdown-preview-enhanced]: No se encontró un mensaje para la clave markdown-preview-enhanced.syncPreview.title.
2024-10-15 16:40:58.577 [warning] [markdown-preview-enhanced]: No se encontró un mensaje para la clave markdown-preview-enhanced.customizeCss.title.
2024-10-15 16:40:58.577 [warning] [markdown-preview-enhanced]: No se encontró un mensaje para la clave markdown-preview-enhanced.customizeCssInWorkspace.title.
2024-10-15 16:40:58.577 [warning] [markdown-preview-enhanced]: No se encontró un mensaje para la clave markdown-preview-enhanced.insertNewSlide.title.
2024-10-15 16:40:58.577 [warning] [markdown-preview-enhanced]: No se encontró un mensaje para la clave markdown-preview-enhanced.insertTable.title.
2024-10-15 16:40:58.578 [warning] [markdown-preview-enhanced]: No se encontró un mensaje para la clave markdown-preview-enhanced.insertPagebreak.title.
2024-10-15 16:40:58.578 [warning] [markdown-preview-enhanced]: No se encontró un mensaje para la clave markdown-preview-enhanced.createTOC.title.
2024-10-15 16:40:58.578 [warning] [markdown-preview-enhanced]: No se encontró un mensaje para la clave markdown-preview-enhanced.openConfigScript.title.
2024-10-15 16:40:58.578 [warning] [markdown-preview-enhanced]: No se encontró un mensaje para la clave markdown-preview-enhanced.extendParser.title.
2024-10-15 16:40:58.578 [warning] [markdown-preview-enhanced]: No se encontró un mensaje para la clave markdown-preview-enhanced.customizePreviewHtmlHead.title.
2024-10-15 16:40:58.578 [warning] [markdown-preview-enhanced]: No se encontró un mensaje para la clave markdown-preview-enhanced.openConfigScriptInWorkspace.title.
2024-10-15 16:40:58.578 [warning] [markdown-preview-enhanced]: No se encontró un mensaje para la clave markdown-preview-enhanced.extendParserInWorkspace.title.
2024-10-15 16:40:58.578 [warning] [markdown-preview-enhanced]: No se encontró un mensaje para la clave markdown-preview-enhanced.customizePreviewHtmlHeadInWorkspace.title.
2024-10-15 16:40:58.578 [warning] [markdown-preview-enhanced]: No se encontró un mensaje para la clave markdown-preview-enhanced.showUploadedImages.title.
2024-10-15 16:40:58.578 [warning] [markdown-preview-enhanced]: No se encontró un mensaje para la clave customEditorPreviewDisplayName.
2024-10-15 16:40:58.695 [info] Extracted extension to file:///home/pro/.vscode/extensions/tomoki1207.pdf-1.2.2: tomoki1207.pdf
2024-10-15 16:40:58.832 [info] Renamed to /home/pro/.vscode/extensions/tomoki1207.pdf-1.2.2
2024-10-15 16:40:59.076 [error] [/home/pro/.vscode/extensions/shd101wyy.markdown-preview-enhanced-0.8.14]: No se pudo analizar /home/pro/.vscode/extensions/shd101wyy.markdown-preview-enhanced-0.8.14/package.nls.json: Se esperaba un valor.
2024-10-15 16:40:59.076 [warning] [markdown-preview-enhanced]: No se encontró un mensaje para la clave displayName.
2024-10-15 16:40:59.076 [warning] [markdown-preview-enhanced]: No se encontró un mensaje para la clave description.
2024-10-15 16:40:59.076 [warning] [markdown-preview-enhanced]: No se encontró un mensaje para la clave markdown-preview-enhanced.openPreviewToTheSide.title.
2024-10-15 16:40:59.077 [warning] [markdown-preview-enhanced]: No se encontró un mensaje para la clave markdown-preview-enhanced.openPreview.title.
2024-10-15 16:40:59.077 [warning] [markdown-preview-enhanced]: No se encontró un mensaje para la clave markdown-preview-enhanced.toggleScrollSync.title.
2024-10-15 16:40:59.077 [warning] [markdown-preview-enhanced]: No se encontró un mensaje para la clave markdown-preview-enhanced.toggleLiveUpdate.title.
2024-10-15 16:40:59.077 [warning] [markdown-preview-enhanced]: No se encontró un mensaje para la clave markdown-preview-enhanced.toggleBreakOnSingleNewLine.title.
2024-10-15 16:40:59.078 [warning] [markdown-preview-enhanced]: No se encontró un mensaje para la clave markdown-preview-enhanced.openImageHelper.title.
2024-10-15 16:40:59.079 [warning] [markdown-preview-enhanced]: No se encontró un mensaje para la clave markdown-preview-enhanced.runAllCodeChunks.title.
2024-10-15 16:40:59.080 [warning] [markdown-preview-enhanced]: No se encontró un mensaje para la clave markdown-preview-enhanced.runCodeChunk.title.
2024-10-15 16:40:59.080 [warning] [markdown-preview-enhanced]: No se encontró un mensaje para la clave markdown-preview-enhanced.syncPreview.title.
2024-10-15 16:40:59.080 [warning] [markdown-preview-enhanced]: No se encontró un mensaje para la clave markdown-preview-enhanced.customizeCss.title.
2024-10-15 16:40:59.081 [warning] [markdown-preview-enhanced]: No se encontró un mensaje para la clave markdown-preview-enhanced.customizeCssInWorkspace.title.
2024-10-15 16:40:59.081 [warning] [markdown-preview-enhanced]: No se encontró un mensaje para la clave markdown-preview-enhanced.insertNewSlide.title.
2024-10-15 16:40:59.081 [warning] [markdown-preview-enhanced]: No se encontró un mensaje para la clave markdown-preview-enhanced.insertTable.title.
2024-10-15 16:40:59.081 [warning] [markdown-preview-enhanced]: No se encontró un mensaje para la clave markdown-preview-enhanced.insertPagebreak.title.
2024-10-15 16:40:59.081 [warning] [markdown-preview-enhanced]: No se encontró un mensaje para la clave markdown-preview-enhanced.createTOC.title.
2024-10-15 16:40:59.081 [warning] [markdown-preview-enhanced]: No se encontró un mensaje para la clave markdown-preview-enhanced.openConfigScript.title.
2024-10-15 16:40:59.081 [warning] [markdown-preview-enhanced]: No se encontró un mensaje para la clave markdown-preview-enhanced.extendParser.title.
2024-10-15 16:40:59.081 [warning] [markdown-preview-enhanced]: No se encontró un mensaje para la clave markdown-preview-enhanced.customizePreviewHtmlHead.title.
2024-10-15 16:40:59.082 [warning] [markdown-preview-enhanced]: No se encontró un mensaje para la clave markdown-preview-enhanced.openConfigScriptInWorkspace.title.
2024-10-15 16:40:59.082 [warning] [markdown-preview-enhanced]: No se encontró un mensaje para la clave markdown-preview-enhanced.extendParserInWorkspace.title.
2024-10-15 16:40:59.082 [warning] [markdown-preview-enhanced]: No se encontró un mensaje para la clave markdown-preview-enhanced.customizePreviewHtmlHeadInWorkspace.title.
2024-10-15 16:40:59.083 [warning] [markdown-preview-enhanced]: No se encontró un mensaje para la clave markdown-preview-enhanced.showUploadedImages.title.
2024-10-15 16:40:59.083 [warning] [markdown-preview-enhanced]: No se encontró un mensaje para la clave customEditorPreviewDisplayName.
2024-10-15 16:41:00.249 [info] Extracted extension to file:///home/pro/.vscode/extensions/dotjoshjohnson.xml-2.5.1: dotjoshjohnson.xml
2024-10-15 16:41:00.572 [info] Renamed to /home/pro/.vscode/extensions/dotjoshjohnson.xml-2.5.1
2024-10-15 16:41:00.893 [error] [/home/pro/.vscode/extensions/shd101wyy.markdown-preview-enhanced-0.8.14]: No se pudo analizar /home/pro/.vscode/extensions/shd101wyy.markdown-preview-enhanced-0.8.14/package.nls.json: Se esperaba un valor.
2024-10-15 16:41:00.893 [warning] [markdown-preview-enhanced]: No se encontró un mensaje para la clave displayName.
2024-10-15 16:41:00.894 [warning] [markdown-preview-enhanced]: No se encontró un mensaje para la clave description.
2024-10-15 16:41:00.894 [warning] [markdown-preview-enhanced]: No se encontró un mensaje para la clave markdown-preview-enhanced.openPreviewToTheSide.title.
2024-10-15 16:41:00.894 [warning] [markdown-preview-enhanced]: No se encontró un mensaje para la clave markdown-preview-enhanced.openPreview.title.
2024-10-15 16:41:00.894 [warning] [markdown-preview-enhanced]: No se encontró un mensaje para la clave markdown-preview-enhanced.toggleScrollSync.title.
2024-10-15 16:41:00.894 [warning] [markdown-preview-enhanced]: No se encontró un mensaje para la clave markdown-preview-enhanced.toggleLiveUpdate.title.
2024-10-15 16:41:00.894 [warning] [markdown-preview-enhanced]: No se encontró un mensaje para la clave markdown-preview-enhanced.toggleBreakOnSingleNewLine.title.
2024-10-15 16:41:00.894 [warning] [markdown-preview-enhanced]: No se encontró un mensaje para la clave markdown-preview-enhanced.openImageHelper.title.
2024-10-15 16:41:00.894 [warning] [markdown-preview-enhanced]: No se encontró un mensaje para la clave markdown-preview-enhanced.runAllCodeChunks.title.
2024-10-15 16:41:00.894 [warning] [markdown-preview-enhanced]: No se encontró un mensaje para la clave markdown-preview-enhanced.runCodeChunk.title.
2024-10-15 16:41:00.894 [warning] [markdown-preview-enhanced]: No se encontró un mensaje para la clave markdown-preview-enhanced.syncPreview.title.
2024-10-15 16:41:00.894 [warning] [markdown-preview-enhanced]: No se encontró un mensaje para la clave markdown-preview-enhanced.customizeCss.title.
2024-10-15 16:41:00.900 [warning] [markdown-preview-enhanced]: No se encontró un mensaje para la clave markdown-preview-enhanced.customizeCssInWorkspace.title.
2024-10-15 16:41:00.900 [warning] [markdown-preview-enhanced]: No se encontró un mensaje para la clave markdown-preview-enhanced.insertNewSlide.title.
2024-10-15 16:41:00.900 [warning] [markdown-preview-enhanced]: No se encontró un mensaje para la clave markdown-preview-enhanced.insertTable.title.
2024-10-15 16:41:00.900 [warning] [markdown-preview-enhanced]: No se encontró un mensaje para la clave markdown-preview-enhanced.insertPagebreak.title.
2024-10-15 16:41:00.900 [warning] [markdown-preview-enhanced]: No se encontró un mensaje para la clave markdown-preview-enhanced.createTOC.title.
2024-10-15 16:41:00.900 [warning] [markdown-preview-enhanced]: No se encontró un mensaje para la clave markdown-preview-enhanced.openConfigScript.title.
2024-10-15 16:41:00.901 [warning] [markdown-preview-enhanced]: No se encontró un mensaje para la clave markdown-preview-enhanced.extendParser.title.
2024-10-15 16:41:00.901 [warning] [markdown-preview-enhanced]: No se encontró un mensaje para la clave markdown-preview-enhanced.customizePreviewHtmlHead.title.
2024-10-15 16:41:00.901 [warning] [markdown-preview-enhanced]: No se encontró un mensaje para la clave markdown-preview-enhanced.openConfigScriptInWorkspace.title.
2024-10-15 16:41:00.901 [warning] [markdown-preview-enhanced]: No se encontró un mensaje para la clave markdown-preview-enhanced.extendParserInWorkspace.title.
2024-10-15 16:41:00.901 [warning] [markdown-preview-enhanced]: No se encontró un mensaje para la clave markdown-preview-enhanced.customizePreviewHtmlHeadInWorkspace.title.
2024-10-15 16:41:00.901 [warning] [markdown-preview-enhanced]: No se encontró un mensaje para la clave markdown-preview-enhanced.showUploadedImages.title.
2024-10-15 16:41:00.901 [warning] [markdown-preview-enhanced]: No se encontró un mensaje para la clave customEditorPreviewDisplayName.
2024-10-15 16:41:01.056 [info] Extracted extension to file:///home/pro/.vscode/extensions/redhat.vscode-xml-0.27.1-linux-x64: redhat.vscode-xml
2024-10-15 16:41:01.264 [info] Renamed to /home/pro/.vscode/extensions/redhat.vscode-xml-0.27.1-linux-x64
2024-10-15 16:41:01.740 [error] [/home/pro/.vscode/extensions/shd101wyy.markdown-preview-enhanced-0.8.14]: No se pudo analizar /home/pro/.vscode/extensions/shd101wyy.markdown-preview-enhanced-0.8.14/package.nls.json: Se esperaba un valor.
2024-10-15 16:41:01.740 [warning] [markdown-preview-enhanced]: No se encontró un mensaje para la clave displayName.
2024-10-15 16:41:01.742 [warning] [markdown-preview-enhanced]: No se encontró un mensaje para la clave description.
2024-10-15 16:41:01.742 [warning] [markdown-preview-enhanced]: No se encontró un mensaje para la clave markdown-preview-enhanced.openPreviewToTheSide.title.
2024-10-15 16:41:01.742 [warning] [markdown-preview-enhanced]: No se encontró un mensaje para la clave markdown-preview-enhanced.openPreview.title.
2024-10-15 16:41:01.742 [warning] [markdown-preview-enhanced]: No se encontró un mensaje para la clave markdown-preview-enhanced.toggleScrollSync.title.
2024-10-15 16:41:01.742 [warning] [markdown-preview-enhanced]: No se encontró un mensaje para la clave markdown-preview-enhanced.toggleLiveUpdate.title.
2024-10-15 16:41:01.742 [warning] [markdown-preview-enhanced]: No se encontró un mensaje para la clave markdown-preview-enhanced.toggleBreakOnSingleNewLine.title.
2024-10-15 16:41:01.742 [warning] [markdown-preview-enhanced]: No se encontró un mensaje para la clave markdown-preview-enhanced.openImageHelper.title.
2024-10-15 16:41:01.742 [warning] [markdown-preview-enhanced]: No se encontró un mensaje para la clave markdown-preview-enhanced.runAllCodeChunks.title.
2024-10-15 16:41:01.743 [warning] [markdown-preview-enhanced]: No se encontró un mensaje para la clave markdown-preview-enhanced.runCodeChunk.title.
2024-10-15 16:41:01.743 [warning] [markdown-preview-enhanced]: No se encontró un mensaje para la clave markdown-preview-enhanced.syncPreview.title.
2024-10-15 16:41:01.743 [warning] [markdown-preview-enhanced]: No se encontró un mensaje para la clave markdown-preview-enhanced.customizeCss.title.
2024-10-15 16:41:01.743 [warning] [markdown-preview-enhanced]: No se encontró un mensaje para la clave markdown-preview-enhanced.customizeCssInWorkspace.title.
2024-10-15 16:41:01.743 [warning] [markdown-preview-enhanced]: No se encontró un mensaje para la clave markdown-preview-enhanced.insertNewSlide.title.
2024-10-15 16:41:01.743 [warning] [markdown-preview-enhanced]: No se encontró un mensaje para la clave markdown-preview-enhanced.insertTable.title.
2024-10-15 16:41:01.743 [warning] [markdown-preview-enhanced]: No se encontró un mensaje para la clave markdown-preview-enhanced.insertPagebreak.title.
2024-10-15 16:41:01.743 [warning] [markdown-preview-enhanced]: No se encontró un mensaje para la clave markdown-preview-enhanced.createTOC.title.
2024-10-15 16:41:01.744 [warning] [markdown-preview-enhanced]: No se encontró un mensaje para la clave markdown-preview-enhanced.openConfigScript.title.
2024-10-15 16:41:01.744 [warning] [markdown-preview-enhanced]: No se encontró un mensaje para la clave markdown-preview-enhanced.extendParser.title.
2024-10-15 16:41:01.744 [warning] [markdown-preview-enhanced]: No se encontró un mensaje para la clave markdown-preview-enhanced.customizePreviewHtmlHead.title.
2024-10-15 16:41:01.744 [warning] [markdown-preview-enhanced]: No se encontró un mensaje para la clave markdown-preview-enhanced.openConfigScriptInWorkspace.title.
2024-10-15 16:41:01.745 [warning] [markdown-preview-enhanced]: No se encontró un mensaje para la clave markdown-preview-enhanced.extendParserInWorkspace.title.
2024-10-15 16:41:01.745 [warning] [markdown-preview-enhanced]: No se encontró un mensaje para la clave markdown-preview-enhanced.customizePreviewHtmlHeadInWorkspace.title.
2024-10-15 16:41:01.745 [warning] [markdown-preview-enhanced]: No se encontró un mensaje para la clave markdown-preview-enhanced.showUploadedImages.title.
2024-10-15 16:41:01.745 [warning] [markdown-preview-enhanced]: No se encontró un mensaje para la clave customEditorPreviewDisplayName.
2024-10-15 16:41:08.044 [info] Extracted extension to file:///home/pro/.vscode/extensions/wallabyjs.quokka-vscode-1.0.654: wallabyjs.quokka-vscode
2024-10-15 16:41:08.253 [info] Renamed to /home/pro/.vscode/extensions/wallabyjs.quokka-vscode-1.0.654
2024-10-15 16:41:08.566 [error] [/home/pro/.vscode/extensions/shd101wyy.markdown-preview-enhanced-0.8.14]: No se pudo analizar /home/pro/.vscode/extensions/shd101wyy.markdown-preview-enhanced-0.8.14/package.nls.json: Se esperaba un valor.
2024-10-15 16:41:08.566 [warning] [markdown-preview-enhanced]: No se encontró un mensaje para la clave displayName.
2024-10-15 16:41:08.566 [warning] [markdown-preview-enhanced]: No se encontró un mensaje para la clave description.
2024-10-15 16:41:08.566 [warning] [markdown-preview-enhanced]: No se encontró un mensaje para la clave markdown-preview-enhanced.openPreviewToTheSide.title.
2024-10-15 16:41:08.567 [warning] [markdown-preview-enhanced]: No se encontró un mensaje para la clave markdown-preview-enhanced.openPreview.title.
2024-10-15 16:41:08.567 [warning] [markdown-preview-enhanced]: No se encontró un mensaje para la clave markdown-preview-enhanced.toggleScrollSync.title.
2024-10-15 16:41:08.567 [warning] [markdown-preview-enhanced]: No se encontró un mensaje para la clave markdown-preview-enhanced.toggleLiveUpdate.title.
2024-10-15 16:41:08.568 [warning] [markdown-preview-enhanced]: No se encontró un mensaje para la clave markdown-preview-enhanced.toggleBreakOnSingleNewLine.title.
2024-10-15 16:41:08.568 [warning] [markdown-preview-enhanced]: No se encontró un mensaje para la clave markdown-preview-enhanced.openImageHelper.title.
2024-10-15 16:41:08.568 [warning] [markdown-preview-enhanced]: No se encontró un mensaje para la clave markdown-preview-enhanced.runAllCodeChunks.title.
2024-10-15 16:41:08.568 [warning] [markdown-preview-enhanced]: No se encontró un mensaje para la clave markdown-preview-enhanced.runCodeChunk.title.
2024-10-15 16:41:08.568 [warning] [markdown-preview-enhanced]: No se encontró un mensaje para la clave markdown-preview-enhanced.syncPreview.title.
2024-10-15 16:41:08.569 [warning] [markdown-preview-enhanced]: No se encontró un mensaje para la clave markdown-preview-enhanced.customizeCss.title.
2024-10-15 16:41:08.570 [warning] [markdown-preview-enhanced]: No se encontró un mensaje para la clave markdown-preview-enhanced.customizeCssInWorkspace.title.
2024-10-15 16:41:08.570 [warning] [markdown-preview-enhanced]: No se encontró un mensaje para la clave markdown-preview-enhanced.insertNewSlide.title.
2024-10-15 16:41:08.570 [warning] [markdown-preview-enhanced]: No se encontró un mensaje para la clave markdown-preview-enhanced.insertTable.title.
2024-10-15 16:41:08.571 [warning] [markdown-preview-enhanced]: No se encontró un mensaje para la clave markdown-preview-enhanced.insertPagebreak.title.
2024-10-15 16:41:08.572 [warning] [markdown-preview-enhanced]: No se encontró un mensaje para la clave markdown-preview-enhanced.createTOC.title.
2024-10-15 16:41:08.572 [warning] [markdown-preview-enhanced]: No se encontró un mensaje para la clave markdown-preview-enhanced.openConfigScript.title.
2024-10-15 16:41:08.572 [warning] [markdown-preview-enhanced]: No se encontró un mensaje para la clave markdown-preview-enhanced.extendParser.title.
2024-10-15 16:41:08.573 [warning] [markdown-preview-enhanced]: No se encontró un mensaje para la clave markdown-preview-enhanced.customizePreviewHtmlHead.title.
2024-10-15 16:41:08.573 [warning] [markdown-preview-enhanced]: No se encontró un mensaje para la clave markdown-preview-enhanced.openConfigScriptInWorkspace.title.
2024-10-15 16:41:08.573 [warning] [markdown-preview-enhanced]: No se encontró un mensaje para la clave markdown-preview-enhanced.extendParserInWorkspace.title.
2024-10-15 16:41:08.574 [warning] [markdown-preview-enhanced]: No se encontró un mensaje para la clave markdown-preview-enhanced.customizePreviewHtmlHeadInWorkspace.title.
2024-10-15 16:41:08.574 [warning] [markdown-preview-enhanced]: No se encontró un mensaje para la clave markdown-preview-enhanced.showUploadedImages.title.
2024-10-15 16:41:08.574 [warning] [markdown-preview-enhanced]: No se encontró un mensaje para la clave customEditorPreviewDisplayName.
2024-10-15 16:41:11.069 [info] Extracted extension to file:///home/pro/.vscode/extensions/blackboxapp.blackbox-1.4.22: blackboxapp.blackbox
2024-10-15 16:41:11.217 [info] Renamed to /home/pro/.vscode/extensions/blackboxapp.blackbox-1.4.22
2024-10-15 16:41:11.417 [error] [/home/pro/.vscode/extensions/shd101wyy.markdown-preview-enhanced-0.8.14]: No se pudo analizar /home/pro/.vscode/extensions/shd101wyy.markdown-preview-enhanced-0.8.14/package.nls.json: Se esperaba un valor.
2024-10-15 16:41:11.418 [warning] [markdown-preview-enhanced]: No se encontró un mensaje para la clave displayName.
2024-10-15 16:41:11.418 [warning] [markdown-preview-enhanced]: No se encontró un mensaje para la clave description.
2024-10-15 16:41:11.418 [warning] [markdown-preview-enhanced]: No se encontró un mensaje para la clave markdown-preview-enhanced.openPreviewToTheSide.title.
2024-10-15 16:41:11.418 [warning] [markdown-preview-enhanced]: No se encontró un mensaje para la clave markdown-preview-enhanced.openPreview.title.
2024-10-15 16:41:11.419 [warning] [markdown-preview-enhanced]: No se encontró un mensaje para la clave markdown-preview-enhanced.toggleScrollSync.title.
2024-10-15 16:41:11.419 [warning] [markdown-preview-enhanced]: No se encontró un mensaje para la clave markdown-preview-enhanced.toggleLiveUpdate.title.
2024-10-15 16:41:11.419 [warning] [markdown-preview-enhanced]: No se encontró un mensaje para la clave markdown-preview-enhanced.toggleBreakOnSingleNewLine.title.
2024-10-15 16:41:11.419 [warning] [markdown-preview-enhanced]: No se encontró un mensaje para la clave markdown-preview-enhanced.openImageHelper.title.
2024-10-15 16:41:11.419 [warning] [markdown-preview-enhanced]: No se encontró un mensaje para la clave markdown-preview-enhanced.runAllCodeChunks.title.
2024-10-15 16:41:11.420 [warning] [markdown-preview-enhanced]: No se encontró un mensaje para la clave markdown-preview-enhanced.runCodeChunk.title.
2024-10-15 16:41:11.420 [warning] [markdown-preview-enhanced]: No se encontró un mensaje para la clave markdown-preview-enhanced.syncPreview.title.
2024-10-15 16:41:11.420 [warning] [markdown-preview-enhanced]: No se encontró un mensaje para la clave markdown-preview-enhanced.customizeCss.title.
2024-10-15 16:41:11.420 [warning] [markdown-preview-enhanced]: No se encontró un mensaje para la clave markdown-preview-enhanced.customizeCssInWorkspace.title.
2024-10-15 16:41:11.421 [warning] [markdown-preview-enhanced]: No se encontró un mensaje para la clave markdown-preview-enhanced.insertNewSlide.title.
2024-10-15 16:41:11.423 [warning] [markdown-preview-enhanced]: No se encontró un mensaje para la clave markdown-preview-enhanced.insertTable.title.
2024-10-15 16:41:11.423 [warning] [markdown-preview-enhanced]: No se encontró un mensaje para la clave markdown-preview-enhanced.insertPagebreak.title.
2024-10-15 16:41:11.429 [warning] [markdown-preview-enhanced]: No se encontró un mensaje para la clave markdown-preview-enhanced.createTOC.title.
2024-10-15 16:41:11.429 [warning] [markdown-preview-enhanced]: No se encontró un mensaje para la clave markdown-preview-enhanced.openConfigScript.title.
2024-10-15 16:41:11.429 [warning] [markdown-preview-enhanced]: No se encontró un mensaje para la clave markdown-preview-enhanced.extendParser.title.
2024-10-15 16:41:11.429 [warning] [markdown-preview-enhanced]: No se encontró un mensaje para la clave markdown-preview-enhanced.customizePreviewHtmlHead.title.
2024-10-15 16:41:11.429 [warning] [markdown-preview-enhanced]: No se encontró un mensaje para la clave markdown-preview-enhanced.openConfigScriptInWorkspace.title.
2024-10-15 16:41:11.429 [warning] [markdown-preview-enhanced]: No se encontró un mensaje para la clave markdown-preview-enhanced.extendParserInWorkspace.title.
2024-10-15 16:41:11.429 [warning] [markdown-preview-enhanced]: No se encontró un mensaje para la clave markdown-preview-enhanced.customizePreviewHtmlHeadInWorkspace.title.
2024-10-15 16:41:11.430 [warning] [markdown-preview-enhanced]: No se encontró un mensaje para la clave markdown-preview-enhanced.showUploadedImages.title.
2024-10-15 16:41:11.430 [warning] [markdown-preview-enhanced]: No se encontró un mensaje para la clave customEditorPreviewDisplayName.
2024-10-15 16:41:11.454 [info] Extension installed successfully: ecmel.vscode-html-css vscode-userdata:/home/pro/.vscode/extensions/extensions.json
2024-10-15 16:41:11.461 [info] Extension installed successfully: ms-vscode.remote-explorer vscode-userdata:/home/pro/.vscode/extensions/extensions.json
2024-10-15 16:41:11.463 [info] Extension installed successfully: formulahendry.auto-rename-tag vscode-userdata:/home/pro/.vscode/extensions/extensions.json
2024-10-15 16:41:11.463 [info] Extension installed successfully: github.remotehub vscode-userdata:/home/pro/.vscode/extensions/extensions.json
2024-10-15 16:41:11.463 [info] Extension installed successfully: ms-vscode.live-server vscode-userdata:/home/pro/.vscode/extensions/extensions.json
2024-10-15 16:41:11.464 [info] Extension installed successfully: ms-vscode.azure-repos vscode-userdata:/home/pro/.vscode/extensions/extensions.json
2024-10-15 16:41:11.464 [info] Extension installed successfully: ms-vscode.remote-repositories vscode-userdata:/home/pro/.vscode/extensions/extensions.json
2024-10-15 16:41:11.464 [info] Extension installed successfully: ms-vscode.remote-server vscode-userdata:/home/pro/.vscode/extensions/extensions.json
2024-10-15 16:41:11.464 [info] Extension installed successfully: lonedev.ia-vscode vscode-userdata:/home/pro/.vscode/extensions/extensions.json
2024-10-15 16:41:11.464 [info] Extension installed successfully: esbenp.prettier-vscode vscode-userdata:/home/pro/.vscode/extensions/extensions.json
2024-10-15 16:41:11.464 [info] Extension installed successfully: redhat.vscode-yaml vscode-userdata:/home/pro/.vscode/extensions/extensions.json
2024-10-15 16:41:11.464 [info] Extension installed successfully: silasnevstad.gpthelper vscode-userdata:/home/pro/.vscode/extensions/extensions.json
2024-10-15 16:41:11.464 [info] Extension installed successfully: tomoki1207.pdf vscode-userdata:/home/pro/.vscode/extensions/extensions.json
2024-10-15 16:41:11.464 [info] Extension installed successfully: dotjoshjohnson.xml vscode-userdata:/home/pro/.vscode/extensions/extensions.json
2024-10-15 16:41:11.464 [info] Extension installed successfully: redhat.vscode-xml vscode-userdata:/home/pro/.vscode/extensions/extensions.json
2024-10-15 16:41:11.465 [info] Extension installed successfully: wallabyjs.quokka-vscode vscode-userdata:/home/pro/.vscode/extensions/extensions.json
2024-10-15 16:41:11.465 [info] Extension installed successfully: blackboxapp.blackbox vscode-userdata:/home/pro/.vscode/extensions/extensions.json
2024-10-15 16:41:13.572 [error] [/home/pro/.vscode/extensions/shd101wyy.markdown-preview-enhanced-0.8.14]: No se pudo analizar /home/pro/.vscode/extensions/shd101wyy.markdown-preview-enhanced-0.8.14/package.nls.json: Se esperaba un valor.
2024-10-15 16:41:13.573 [warning] [markdown-preview-enhanced]: No se encontró un mensaje para la clave displayName.
2024-10-15 16:41:13.573 [warning] [markdown-preview-enhanced]: No se encontró un mensaje para la clave description.
2024-10-15 16:41:13.575 [warning] [markdown-preview-enhanced]: No se encontró un mensaje para la clave markdown-preview-enhanced.openPreviewToTheSide.title.
2024-10-15 16:41:13.576 [warning] [markdown-preview-enhanced]: No se encontró un mensaje para la clave markdown-preview-enhanced.openPreview.title.
2024-10-15 16:41:13.576 [warning] [markdown-preview-enhanced]: No se encontró un mensaje para la clave markdown-preview-enhanced.toggleScrollSync.title.
2024-10-15 16:41:13.577 [warning] [markdown-preview-enhanced]: No se encontró un mensaje para la clave markdown-preview-enhanced.toggleLiveUpdate.title.
2024-10-15 16:41:13.578 [warning] [markdown-preview-enhanced]: No se encontró un mensaje para la clave markdown-preview-enhanced.toggleBreakOnSingleNewLine.title.
2024-10-15 16:41:13.578 [warning] [markdown-preview-enhanced]: No se encontró un mensaje para la clave markdown-preview-enhanced.openImageHelper.title.
2024-10-15 16:41:13.578 [warning] [markdown-preview-enhanced]: No se encontró un mensaje para la clave markdown-preview-enhanced.runAllCodeChunks.title.
2024-10-15 16:41:13.579 [warning] [markdown-preview-enhanced]: No se encontró un mensaje para la clave markdown-preview-enhanced.runCodeChunk.title.
2024-10-15 16:41:13.580 [warning] [markdown-preview-enhanced]: No se encontró un mensaje para la clave markdown-preview-enhanced.syncPreview.title.
2024-10-15 16:41:13.580 [warning] [markdown-preview-enhanced]: No se encontró un mensaje para la clave markdown-preview-enhanced.customizeCss.title.
2024-10-15 16:41:13.580 [warning] [markdown-preview-enhanced]: No se encontró un mensaje para la clave markdown-preview-enhanced.customizeCssInWorkspace.title.
2024-10-15 16:41:13.581 [warning] [markdown-preview-enhanced]: No se encontró un mensaje para la clave markdown-preview-enhanced.insertNewSlide.title.
2024-10-15 16:41:13.581 [warning] [markdown-preview-enhanced]: No se encontró un mensaje para la clave markdown-preview-enhanced.insertTable.title.
2024-10-15 16:41:13.582 [warning] [markdown-preview-enhanced]: No se encontró un mensaje para la clave markdown-preview-enhanced.insertPagebreak.title.
2024-10-15 16:41:13.589 [warning] [markdown-preview-enhanced]: No se encontró un mensaje para la clave markdown-preview-enhanced.createTOC.title.
2024-10-15 16:41:13.590 [warning] [markdown-preview-enhanced]: No se encontró un mensaje para la clave markdown-preview-enhanced.openConfigScript.title.
2024-10-15 16:41:13.592 [warning] [markdown-preview-enhanced]: No se encontró un mensaje para la clave markdown-preview-enhanced.extendParser.title.
2024-10-15 16:41:13.593 [warning] [markdown-preview-enhanced]: No se encontró un mensaje para la clave markdown-preview-enhanced.customizePreviewHtmlHead.title.
2024-10-15 16:41:13.594 [warning] [markdown-preview-enhanced]: No se encontró un mensaje para la clave markdown-preview-enhanced.openConfigScriptInWorkspace.title.
2024-10-15 16:41:13.594 [warning] [markdown-preview-enhanced]: No se encontró un mensaje para la clave markdown-preview-enhanced.extendParserInWorkspace.title.
2024-10-15 16:41:13.594 [warning] [markdown-preview-enhanced]: No se encontró un mensaje para la clave markdown-preview-enhanced.customizePreviewHtmlHeadInWorkspace.title.
2024-10-15 16:41:13.595 [warning] [markdown-preview-enhanced]: No se encontró un mensaje para la clave markdown-preview-enhanced.showUploadedImages.title.
2024-10-15 16:41:13.595 [warning] [markdown-preview-enhanced]: No se encontró un mensaje para la clave customEditorPreviewDisplayName.
2024-10-15 16:41:15.999 [error] [/home/pro/.vscode/extensions/shd101wyy.markdown-preview-enhanced-0.8.14]: No se pudo analizar /home/pro/.vscode/extensions/shd101wyy.markdown-preview-enhanced-0.8.14/package.nls.json: Se esperaba un valor.
2024-10-15 16:41:15.999 [warning] [markdown-preview-enhanced]: No se encontró un mensaje para la clave displayName.
2024-10-15 16:41:15.999 [warning] [markdown-preview-enhanced]: No se encontró un mensaje para la clave description.
2024-10-15 16:41:16.000 [warning] [markdown-preview-enhanced]: No se encontró un mensaje para la clave markdown-preview-enhanced.openPreviewToTheSide.title.
2024-10-15 16:41:16.000 [warning] [markdown-preview-enhanced]: No se encontró un mensaje para la clave markdown-preview-enhanced.openPreview.title.
2024-10-15 16:41:16.000 [warning] [markdown-preview-enhanced]: No se encontró un mensaje para la clave markdown-preview-enhanced.toggleScrollSync.title.
2024-10-15 16:41:16.000 [warning] [markdown-preview-enhanced]: No se encontró un mensaje para la clave markdown-preview-enhanced.toggleLiveUpdate.title.
2024-10-15 16:41:16.000 [warning] [markdown-preview-enhanced]: No se encontró un mensaje para la clave markdown-preview-enhanced.toggleBreakOnSingleNewLine.title.
2024-10-15 16:41:16.000 [warning] [markdown-preview-enhanced]: No se encontró un mensaje para la clave markdown-preview-enhanced.openImageHelper.title.
2024-10-15 16:41:16.000 [warning] [markdown-preview-enhanced]: No se encontró un mensaje para la clave markdown-preview-enhanced.runAllCodeChunks.title.
2024-10-15 16:41:16.000 [warning] [markdown-preview-enhanced]: No se encontró un mensaje para la clave markdown-preview-enhanced.runCodeChunk.title.
2024-10-15 16:41:16.000 [warning] [markdown-preview-enhanced]: No se encontró un mensaje para la clave markdown-preview-enhanced.syncPreview.title.
2024-10-15 16:41:16.000 [warning] [markdown-preview-enhanced]: No se encontró un mensaje para la clave markdown-preview-enhanced.customizeCss.title.
2024-10-15 16:41:16.001 [warning] [markdown-preview-enhanced]: No se encontró un mensaje para la clave markdown-preview-enhanced.customizeCssInWorkspace.title.
2024-10-15 16:41:16.001 [warning] [markdown-preview-enhanced]: No se encontró un mensaje para la clave markdown-preview-enhanced.insertNewSlide.title.
2024-10-15 16:41:16.001 [warning] [markdown-preview-enhanced]: No se encontró un mensaje para la clave markdown-preview-enhanced.insertTable.title.
2024-10-15 16:41:16.001 [warning] [markdown-preview-enhanced]: No se encontró un mensaje para la clave markdown-preview-enhanced.insertPagebreak.title.
2024-10-15 16:41:16.001 [warning] [markdown-preview-enhanced]: No se encontró un mensaje para la clave markdown-preview-enhanced.createTOC.title.
2024-10-15 16:41:16.001 [warning] [markdown-preview-enhanced]: No se encontró un mensaje para la clave markdown-preview-enhanced.openConfigScript.title.
2024-10-15 16:41:16.001 [warning] [markdown-preview-enhanced]: No se encontró un mensaje para la clave markdown-preview-enhanced.extendParser.title.
2024-10-15 16:41:16.001 [warning] [markdown-preview-enhanced]: No se encontró un mensaje para la clave markdown-preview-enhanced.customizePreviewHtmlHead.title.
2024-10-15 16:41:16.002 [warning] [markdown-preview-enhanced]: No se encontró un mensaje para la clave markdown-preview-enhanced.openConfigScriptInWorkspace.title.
2024-10-15 16:41:16.002 [warning] [markdown-preview-enhanced]: No se encontró un mensaje para la clave markdown-preview-enhanced.extendParserInWorkspace.title.
2024-10-15 16:41:16.002 [warning] [markdown-preview-enhanced]: No se encontró un mensaje para la clave markdown-preview-enhanced.customizePreviewHtmlHeadInWorkspace.title.
2024-10-15 16:41:16.002 [warning] [markdown-preview-enhanced]: No se encontró un mensaje para la clave markdown-preview-enhanced.showUploadedImages.title.
2024-10-15 16:41:16.002 [warning] [markdown-preview-enhanced]: No se encontró un mensaje para la clave customEditorPreviewDisplayName.
2024-10-15 16:41:17.120 [error] [/home/pro/.vscode/extensions/shd101wyy.markdown-preview-enhanced-0.8.14]: No se pudo analizar /home/pro/.vscode/extensions/shd101wyy.markdown-preview-enhanced-0.8.14/package.nls.json: Se esperaba un valor.
2024-10-15 16:41:17.120 [warning] [markdown-preview-enhanced]: No se encontró un mensaje para la clave displayName.
2024-10-15 16:41:17.120 [warning] [markdown-preview-enhanced]: No se encontró un mensaje para la clave description.
2024-10-15 16:41:17.121 [warning] [markdown-preview-enhanced]: No se encontró un mensaje para la clave markdown-preview-enhanced.openPreviewToTheSide.title.
2024-10-15 16:41:17.121 [warning] [markdown-preview-enhanced]: No se encontró un mensaje para la clave markdown-preview-enhanced.openPreview.title.
2024-10-15 16:41:17.121 [warning] [markdown-preview-enhanced]: No se encontró un mensaje para la clave markdown-preview-enhanced.toggleScrollSync.title.
2024-10-15 16:41:17.121 [warning] [markdown-preview-enhanced]: No se encontró un mensaje para la clave markdown-preview-enhanced.toggleLiveUpdate.title.
2024-10-15 16:41:17.122 [warning] [markdown-preview-enhanced]: No se encontró un mensaje para la clave markdown-preview-enhanced.toggleBreakOnSingleNewLine.title.
2024-10-15 16:41:17.122 [warning] [markdown-preview-enhanced]: No se encontró un mensaje para la clave markdown-preview-enhanced.openImageHelper.title.
2024-10-15 16:41:17.122 [warning] [markdown-preview-enhanced]: No se encontró un mensaje para la clave markdown-preview-enhanced.runAllCodeChunks.title.
2024-10-15 16:41:17.123 [warning] [markdown-preview-enhanced]: No se encontró un mensaje para la clave markdown-preview-enhanced.runCodeChunk.title.
2024-10-15 16:41:17.123 [warning] [markdown-preview-enhanced]: No se encontró un mensaje para la clave markdown-preview-enhanced.syncPreview.title.
2024-10-15 16:41:17.124 [warning] [markdown-preview-enhanced]: No se encontró un mensaje para la clave markdown-preview-enhanced.customizeCss.title.
2024-10-15 16:41:17.124 [warning] [markdown-preview-enhanced]: No se encontró un mensaje para la clave markdown-preview-enhanced.customizeCssInWorkspace.title.
2024-10-15 16:41:17.124 [warning] [markdown-preview-enhanced]: No se encontró un mensaje para la clave markdown-preview-enhanced.insertNewSlide.title.
2024-10-15 16:41:17.124 [warning] [markdown-preview-enhanced]: No se encontró un mensaje para la clave markdown-preview-enhanced.insertTable.title.
2024-10-15 16:41:17.125 [warning] [markdown-preview-enhanced]: No se encontró un mensaje para la clave markdown-preview-enhanced.insertPagebreak.title.
2024-10-15 16:41:17.125 [warning] [markdown-preview-enhanced]: No se encontró un mensaje para la clave markdown-preview-enhanced.createTOC.title.
2024-10-15 16:41:17.125 [warning] [markdown-preview-enhanced]: No se encontró un mensaje para la clave markdown-preview-enhanced.openConfigScript.title.
2024-10-15 16:41:17.125 [warning] [markdown-preview-enhanced]: No se encontró un mensaje para la clave markdown-preview-enhanced.extendParser.title.
2024-10-15 16:41:17.126 [warning] [markdown-preview-enhanced]: No se encontró un mensaje para la clave markdown-preview-enhanced.customizePreviewHtmlHead.title.
2024-10-15 16:41:17.126 [warning] [markdown-preview-enhanced]: No se encontró un mensaje para la clave markdown-preview-enhanced.openConfigScriptInWorkspace.title.
2024-10-15 16:41:17.126 [warning] [markdown-preview-enhanced]: No se encontró un mensaje para la clave markdown-preview-enhanced.extendParserInWorkspace.title.
2024-10-15 16:41:17.130 [warning] [markdown-preview-enhanced]: No se encontró un mensaje para la clave markdown-preview-enhanced.customizePreviewHtmlHeadInWorkspace.title.
2024-10-15 16:41:17.130 [warning] [markdown-preview-enhanced]: No se encontró un mensaje para la clave markdown-preview-enhanced.showUploadedImages.title.
2024-10-15 16:41:17.130 [warning] [markdown-preview-enhanced]: No se encontró un mensaje para la clave customEditorPreviewDisplayName.
2024-10-15 16:41:17.510 [error] [/home/pro/.vscode/extensions/shd101wyy.markdown-preview-enhanced-0.8.14]: No se pudo analizar /home/pro/.vscode/extensions/shd101wyy.markdown-preview-enhanced-0.8.14/package.nls.json: Se esperaba un valor.
2024-10-15 16:41:17.510 [warning] [markdown-preview-enhanced]: No se encontró un mensaje para la clave displayName.
2024-10-15 16:41:17.510 [warning] [markdown-preview-enhanced]: No se encontró un mensaje para la clave description.
2024-10-15 16:41:17.510 [warning] [markdown-preview-enhanced]: No se encontró un mensaje para la clave markdown-preview-enhanced.openPreviewToTheSide.title.
2024-10-15 16:41:17.510 [warning] [markdown-preview-enhanced]: No se encontró un mensaje para la clave markdown-preview-enhanced.openPreview.title.
2024-10-15 16:41:17.510 [warning] [markdown-preview-enhanced]: No se encontró un mensaje para la clave markdown-preview-enhanced.toggleScrollSync.title.
2024-10-15 16:41:17.510 [warning] [markdown-preview-enhanced]: No se encontró un mensaje para la clave markdown-preview-enhanced.toggleLiveUpdate.title.
2024-10-15 16:41:17.510 [warning] [markdown-preview-enhanced]: No se encontró un mensaje para la clave markdown-preview-enhanced.toggleBreakOnSingleNewLine.title.
2024-10-15 16:41:17.511 [warning] [markdown-preview-enhanced]: No se encontró un mensaje para la clave markdown-preview-enhanced.openImageHelper.title.
2024-10-15 16:41:17.511 [warning] [markdown-preview-enhanced]: No se encontró un mensaje para la clave markdown-preview-enhanced.runAllCodeChunks.title.
2024-10-15 16:41:17.511 [warning] [markdown-preview-enhanced]: No se encontró un mensaje para la clave markdown-preview-enhanced.runCodeChunk.title.
2024-10-15 16:41:17.514 [warning] [markdown-preview-enhanced]: No se encontró un mensaje para la clave markdown-preview-enhanced.syncPreview.title.
2024-10-15 16:41:17.514 [warning] [markdown-preview-enhanced]: No se encontró un mensaje para la clave markdown-preview-enhanced.customizeCss.title.
2024-10-15 16:41:17.514 [warning] [markdown-preview-enhanced]: No se encontró un mensaje para la clave markdown-preview-enhanced.customizeCssInWorkspace.title.
2024-10-15 16:41:17.515 [warning] [markdown-preview-enhanced]: No se encontró un mensaje para la clave markdown-preview-enhanced.insertNewSlide.title.
2024-10-15 16:41:17.515 [warning] [markdown-preview-enhanced]: No se encontró un mensaje para la clave markdown-preview-enhanced.insertTable.title.
2024-10-15 16:41:17.515 [warning] [markdown-preview-enhanced]: No se encontró un mensaje para la clave markdown-preview-enhanced.insertPagebreak.title.
2024-10-15 16:41:17.515 [warning] [markdown-preview-enhanced]: No se encontró un mensaje para la clave markdown-preview-enhanced.createTOC.title.
2024-10-15 16:41:17.516 [warning] [markdown-preview-enhanced]: No se encontró un mensaje para la clave markdown-preview-enhanced.openConfigScript.title.
2024-10-15 16:41:17.516 [warning] [markdown-preview-enhanced]: No se encontró un mensaje para la clave markdown-preview-enhanced.extendParser.title.
2024-10-15 16:41:17.516 [warning] [markdown-preview-enhanced]: No se encontró un mensaje para la clave markdown-preview-enhanced.customizePreviewHtmlHead.title.
2024-10-15 16:41:17.516 [warning] [markdown-preview-enhanced]: No se encontró un mensaje para la clave markdown-preview-enhanced.openConfigScriptInWorkspace.title.
2024-10-15 16:41:17.516 [warning] [markdown-preview-enhanced]: No se encontró un mensaje para la clave markdown-preview-enhanced.extendParserInWorkspace.title.
2024-10-15 16:41:17.517 [warning] [markdown-preview-enhanced]: No se encontró un mensaje para la clave markdown-preview-enhanced.customizePreviewHtmlHeadInWorkspace.title.
2024-10-15 16:41:17.519 [warning] [markdown-preview-enhanced]: No se encontró un mensaje para la clave markdown-preview-enhanced.showUploadedImages.title.
2024-10-15 16:41:17.519 [warning] [markdown-preview-enhanced]: No se encontró un mensaje para la clave customEditorPreviewDisplayName.
2024-10-15 16:41:18.154 [error] [/home/pro/.vscode/extensions/shd101wyy.markdown-preview-enhanced-0.8.14]: No se pudo analizar /home/pro/.vscode/extensions/shd101wyy.markdown-preview-enhanced-0.8.14/package.nls.json: Se esperaba un valor.
2024-10-15 16:41:18.154 [warning] [markdown-preview-enhanced]: No se encontró un mensaje para la clave displayName.
2024-10-15 16:41:18.154 [warning] [markdown-preview-enhanced]: No se encontró un mensaje para la clave description.
2024-10-15 16:41:18.154 [warning] [markdown-preview-enhanced]: No se encontró un mensaje para la clave markdown-preview-enhanced.openPreviewToTheSide.title.
2024-10-15 16:41:18.154 [warning] [markdown-preview-enhanced]: No se encontró un mensaje para la clave markdown-preview-enhanced.openPreview.title.
2024-10-15 16:41:18.154 [warning] [markdown-preview-enhanced]: No se encontró un mensaje para la clave markdown-preview-enhanced.toggleScrollSync.title.
2024-10-15 16:41:18.154 [warning] [markdown-preview-enhanced]: No se encontró un mensaje para la clave markdown-preview-enhanced.toggleLiveUpdate.title.
2024-10-15 16:41:18.155 [warning] [markdown-preview-enhanced]: No se encontró un mensaje para la clave markdown-preview-enhanced.toggleBreakOnSingleNewLine.title.
2024-10-15 16:41:18.155 [warning] [markdown-preview-enhanced]: No se encontró un mensaje para la clave markdown-preview-enhanced.openImageHelper.title.
2024-10-15 16:41:18.155 [warning] [markdown-preview-enhanced]: No se encontró un mensaje para la clave markdown-preview-enhanced.runAllCodeChunks.title.
2024-10-15 16:41:18.155 [warning] [markdown-preview-enhanced]: No se encontró un mensaje para la clave markdown-preview-enhanced.runCodeChunk.title.
2024-10-15 16:41:18.155 [warning] [markdown-preview-enhanced]: No se encontró un mensaje para la clave markdown-preview-enhanced.syncPreview.title.
2024-10-15 16:41:18.155 [warning] [markdown-preview-enhanced]: No se encontró un mensaje para la clave markdown-preview-enhanced.customizeCss.title.
2024-10-15 16:41:18.155 [warning] [markdown-preview-enhanced]: No se encontró un mensaje para la clave markdown-preview-enhanced.customizeCssInWorkspace.title.
2024-10-15 16:41:18.156 [warning] [markdown-preview-enhanced]: No se encontró un mensaje para la clave markdown-preview-enhanced.insertNewSlide.title.
2024-10-15 16:41:18.156 [warning] [markdown-preview-enhanced]: No se encontró un mensaje para la clave markdown-preview-enhanced.insertTable.title.
2024-10-15 16:41:18.156 [warning] [markdown-preview-enhanced]: No se encontró un mensaje para la clave markdown-preview-enhanced.insertPagebreak.title.
2024-10-15 16:41:18.156 [warning] [markdown-preview-enhanced]: No se encontró un mensaje para la clave markdown-preview-enhanced.createTOC.title.
2024-10-15 16:41:18.156 [warning] [markdown-preview-enhanced]: No se encontró un mensaje para la clave markdown-preview-enhanced.openConfigScript.title.
2024-10-15 16:41:18.156 [warning] [markdown-preview-enhanced]: No se encontró un mensaje para la clave markdown-preview-enhanced.extendParser.title.
2024-10-15 16:41:18.156 [warning] [markdown-preview-enhanced]: No se encontró un mensaje para la clave markdown-preview-enhanced.customizePreviewHtmlHead.title.
2024-10-15 16:41:18.161 [warning] [markdown-preview-enhanced]: No se encontró un mensaje para la clave markdown-preview-enhanced.openConfigScriptInWorkspace.title.
2024-10-15 16:41:18.162 [warning] [markdown-preview-enhanced]: No se encontró un mensaje para la clave markdown-preview-enhanced.extendParserInWorkspace.title.
2024-10-15 16:41:18.162 [warning] [markdown-preview-enhanced]: No se encontró un mensaje para la clave markdown-preview-enhanced.customizePreviewHtmlHeadInWorkspace.title.
2024-10-15 16:41:18.162 [warning] [markdown-preview-enhanced]: No se encontró un mensaje para la clave markdown-preview-enhanced.showUploadedImages.title.
2024-10-15 16:41:18.162 [warning] [markdown-preview-enhanced]: No se encontró un mensaje para la clave customEditorPreviewDisplayName.
2024-10-15 16:41:18.438 [error] [/home/pro/.vscode/extensions/shd101wyy.markdown-preview-enhanced-0.8.14]: No se pudo analizar /home/pro/.vscode/extensions/shd101wyy.markdown-preview-enhanced-0.8.14/package.nls.json: Se esperaba un valor.
2024-10-15 16:41:18.440 [warning] [markdown-preview-enhanced]: No se encontró un mensaje para la clave displayName.
2024-10-15 16:41:18.440 [warning] [markdown-preview-enhanced]: No se encontró un mensaje para la clave description.
2024-10-15 16:41:18.441 [warning] [markdown-preview-enhanced]: No se encontró un mensaje para la clave markdown-preview-enhanced.openPreviewToTheSide.title.
2024-10-15 16:41:18.441 [warning] [markdown-preview-enhanced]: No se encontró un mensaje para la clave markdown-preview-enhanced.openPreview.title.
2024-10-15 16:41:18.441 [warning] [markdown-preview-enhanced]: No se encontró un mensaje para la clave markdown-preview-enhanced.toggleScrollSync.title.
2024-10-15 16:41:18.441 [warning] [markdown-preview-enhanced]: No se encontró un mensaje para la clave markdown-preview-enhanced.toggleLiveUpdate.title.
2024-10-15 16:41:18.441 [warning] [markdown-preview-enhanced]: No se encontró un mensaje para la clave markdown-preview-enhanced.toggleBreakOnSingleNewLine.title.
2024-10-15 16:41:18.441 [warning] [markdown-preview-enhanced]: No se encontró un mensaje para la clave markdown-preview-enhanced.openImageHelper.title.
2024-10-15 16:41:18.441 [warning] [markdown-preview-enhanced]: No se encontró un mensaje para la clave markdown-preview-enhanced.runAllCodeChunks.title.
2024-10-15 16:41:18.441 [warning] [markdown-preview-enhanced]: No se encontró un mensaje para la clave markdown-preview-enhanced.runCodeChunk.title.
2024-10-15 16:41:18.441 [warning] [markdown-preview-enhanced]: No se encontró un mensaje para la clave markdown-preview-enhanced.syncPreview.title.
2024-10-15 16:41:18.442 [warning] [markdown-preview-enhanced]: No se encontró un mensaje para la clave markdown-preview-enhanced.customizeCss.title.
2024-10-15 16:41:18.442 [warning] [markdown-preview-enhanced]: No se encontró un mensaje para la clave markdown-preview-enhanced.customizeCssInWorkspace.title.
2024-10-15 16:41:18.442 [warning] [markdown-preview-enhanced]: No se encontró un mensaje para la clave markdown-preview-enhanced.insertNewSlide.title.
2024-10-15 16:41:18.442 [warning] [markdown-preview-enhanced]: No se encontró un mensaje para la clave markdown-preview-enhanced.insertTable.title.
2024-10-15 16:41:18.442 [warning] [markdown-preview-enhanced]: No se encontró un mensaje para la clave markdown-preview-enhanced.insertPagebreak.title.
2024-10-15 16:41:18.442 [warning] [markdown-preview-enhanced]: No se encontró un mensaje para la clave markdown-preview-enhanced.createTOC.title.
2024-10-15 16:41:18.442 [warning] [markdown-preview-enhanced]: No se encontró un mensaje para la clave markdown-preview-enhanced.openConfigScript.title.
2024-10-15 16:41:18.442 [warning] [markdown-preview-enhanced]: No se encontró un mensaje para la clave markdown-preview-enhanced.extendParser.title.
2024-10-15 16:41:18.442 [warning] [markdown-preview-enhanced]: No se encontró un mensaje para la clave markdown-preview-enhanced.customizePreviewHtmlHead.title.
2024-10-15 16:41:18.442 [warning] [markdown-preview-enhanced]: No se encontró un mensaje para la clave markdown-preview-enhanced.openConfigScriptInWorkspace.title.
2024-10-15 16:41:18.442 [warning] [markdown-preview-enhanced]: No se encontró un mensaje para la clave markdown-preview-enhanced.extendParserInWorkspace.title.
2024-10-15 16:41:18.443 [warning] [markdown-preview-enhanced]: No se encontró un mensaje para la clave markdown-preview-enhanced.customizePreviewHtmlHeadInWorkspace.title.
2024-10-15 16:41:18.443 [warning] [markdown-preview-enhanced]: No se encontró un mensaje para la clave markdown-preview-enhanced.showUploadedImages.title.
2024-10-15 16:41:18.443 [warning] [markdown-preview-enhanced]: No se encontró un mensaje para la clave customEditorPreviewDisplayName.
2024-10-15 16:41:19.396 [error] [/home/pro/.vscode/extensions/shd101wyy.markdown-preview-enhanced-0.8.14]: No se pudo analizar /home/pro/.vscode/extensions/shd101wyy.markdown-preview-enhanced-0.8.14/package.nls.json: Se esperaba un valor.
2024-10-15 16:41:19.396 [warning] [markdown-preview-enhanced]: No se encontró un mensaje para la clave displayName.
2024-10-15 16:41:19.396 [warning] [markdown-preview-enhanced]: No se encontró un mensaje para la clave description.
2024-10-15 16:41:19.396 [warning] [markdown-preview-enhanced]: No se encontró un mensaje para la clave markdown-preview-enhanced.openPreviewToTheSide.title.
2024-10-15 16:41:19.396 [warning] [markdown-preview-enhanced]: No se encontró un mensaje para la clave markdown-preview-enhanced.openPreview.title.
2024-10-15 16:41:19.397 [warning] [markdown-preview-enhanced]: No se encontró un mensaje para la clave markdown-preview-enhanced.toggleScrollSync.title.
2024-10-15 16:41:19.397 [warning] [markdown-preview-enhanced]: No se encontró un mensaje para la clave markdown-preview-enhanced.toggleLiveUpdate.title.
2024-10-15 16:41:19.397 [warning] [markdown-preview-enhanced]: No se encontró un mensaje para la clave markdown-preview-enhanced.toggleBreakOnSingleNewLine.title.
2024-10-15 16:41:19.397 [warning] [markdown-preview-enhanced]: No se encontró un mensaje para la clave markdown-preview-enhanced.openImageHelper.title.
2024-10-15 16:41:19.397 [warning] [markdown-preview-enhanced]: No se encontró un mensaje para la clave markdown-preview-enhanced.runAllCodeChunks.title.
2024-10-15 16:41:19.397 [warning] [markdown-preview-enhanced]: No se encontró un mensaje para la clave markdown-preview-enhanced.runCodeChunk.title.
2024-10-15 16:41:19.397 [warning] [markdown-preview-enhanced]: No se encontró un mensaje para la clave markdown-preview-enhanced.syncPreview.title.
2024-10-15 16:41:19.397 [warning] [markdown-preview-enhanced]: No se encontró un mensaje para la clave markdown-preview-enhanced.customizeCss.title.
2024-10-15 16:41:19.397 [warning] [markdown-preview-enhanced]: No se encontró un mensaje para la clave markdown-preview-enhanced.customizeCssInWorkspace.title.
2024-10-15 16:41:19.397 [warning] [markdown-preview-enhanced]: No se encontró un mensaje para la clave markdown-preview-enhanced.insertNewSlide.title.
2024-10-15 16:41:19.397 [warning] [markdown-preview-enhanced]: No se encontró un mensaje para la clave markdown-preview-enhanced.insertTable.title.
2024-10-15 16:41:19.398 [warning] [markdown-preview-enhanced]: No se encontró un mensaje para la clave markdown-preview-enhanced.insertPagebreak.title.
2024-10-15 16:41:19.398 [warning] [markdown-preview-enhanced]: No se encontró un mensaje para la clave markdown-preview-enhanced.createTOC.title.
2024-10-15 16:41:19.398 [warning] [markdown-preview-enhanced]: No se encontró un mensaje para la clave markdown-preview-enhanced.openConfigScript.title.
2024-10-15 16:41:19.398 [warning] [markdown-preview-enhanced]: No se encontró un mensaje para la clave markdown-preview-enhanced.extendParser.title.
2024-10-15 16:41:19.401 [warning] [markdown-preview-enhanced]: No se encontró un mensaje para la clave markdown-preview-enhanced.customizePreviewHtmlHead.title.
2024-10-15 16:41:19.402 [warning] [markdown-preview-enhanced]: No se encontró un mensaje para la clave markdown-preview-enhanced.openConfigScriptInWorkspace.title.
2024-10-15 16:41:19.402 [warning] [markdown-preview-enhanced]: No se encontró un mensaje para la clave markdown-preview-enhanced.extendParserInWorkspace.title.
2024-10-15 16:41:19.402 [warning] [markdown-preview-enhanced]: No se encontró un mensaje para la clave markdown-preview-enhanced.customizePreviewHtmlHeadInWorkspace.title.
2024-10-15 16:41:19.402 [warning] [markdown-preview-enhanced]: No se encontró un mensaje para la clave markdown-preview-enhanced.showUploadedImages.title.
2024-10-15 16:41:19.402 [warning] [markdown-preview-enhanced]: No se encontró un mensaje para la clave customEditorPreviewDisplayName.
