2024-10-07 15:50:40.704 [info] [main] Nivel de registro: Info
2024-10-07 15:50:40.704 [info] [main] Validando git encontrado en: "git"
2024-10-07 15:50:40.704 [info] [main] Usando git "2.34.1" de "git"
2024-10-07 15:50:40.704 [info] [Model][doInitialScan] Initial repository scan started
2024-10-07 15:50:40.704 [info] > git rev-parse --show-toplevel [24ms]
2024-10-07 15:50:40.704 [info] > git rev-parse --git-dir --git-common-dir [26ms]
2024-10-07 15:50:40.704 [info] [Model][openRepository] Opened repository: /home/pro/Escritorio/git/ejercicio1-branch
2024-10-07 15:50:40.704 [info] [Model][doInitialScan] Initial repository scan completed - repositories (1), closed repositories (0), parent repositories (0), unsafe repositories (0)
2024-10-07 15:50:40.728 [info] > git config --get commit.template [24ms]
2024-10-07 15:50:40.756 [info] > git for-each-ref --format=%(refname)%00%(upstream:short)%00%(objectname)%00%(upstream:track)%00%(upstream:remotename)%00%(upstream:remoteref) refs/heads/main refs/remotes/main [30ms]
2024-10-07 15:50:40.780 [warning] [Git][revParse] Unable to read file: ENOENT: no such file or directory, open '/home/pro/Escritorio/git/ejercicio1-branch/.git/refs/remotes/origin/main'
2024-10-07 15:50:40.804 [info] > git rev-parse refs/remotes/origin/main [24ms]
2024-10-07 15:50:40.885 [info] > git status -z -uall [43ms]
2024-10-07 15:50:40.939 [info] > git for-each-ref --format=%(refname)%00%(upstream:short)%00%(objectname)%00%(upstream:track)%00%(upstream:remotename)%00%(upstream:remoteref) refs/heads/main refs/remotes/main [22ms]
2024-10-07 15:50:40.949 [info] > git config --get commit.template [12ms]
2024-10-07 15:50:40.961 [info] > git config --local branch.main.vscode-merge-base [13ms]
2024-10-07 15:50:40.961 [warning] [Git][config] git config failed: Failed to execute git
2024-10-07 15:50:40.979 [info] > git for-each-ref --format=%(refname)%00%(upstream:short)%00%(objectname)%00%(upstream:track)%00%(upstream:remotename)%00%(upstream:remoteref) refs/heads/main refs/remotes/main [18ms]
2024-10-07 15:50:40.989 [warning] [Git][revParse] Unable to read file: ENOENT: no such file or directory, open '/home/pro/Escritorio/git/ejercicio1-branch/.git/refs/remotes/origin/main'
2024-10-07 15:50:40.989 [info] > git reflog main --grep-reflog=branch: Created from *. [10ms]
2024-10-07 15:50:41.005 [info] > git rev-parse refs/remotes/origin/main [16ms]
2024-10-07 15:50:41.010 [info] > git symbolic-ref --short refs/remotes/origin/HEAD [6ms]
2024-10-07 15:50:41.026 [info] > git status -z -uall [17ms]
2024-10-07 15:50:41.035 [info] > git for-each-ref --format=%(refname)%00%(upstream:short)%00%(objectname)%00%(upstream:track)%00%(upstream:remotename)%00%(upstream:remoteref) refs/heads/origin/main refs/remotes/origin/main [9ms]
2024-10-07 15:50:41.045 [info] > git for-each-ref --format=%(refname)%00%(upstream:short)%00%(objectname)%00%(upstream:track)%00%(upstream:remotename)%00%(upstream:remoteref) refs/heads/main refs/remotes/main [13ms]
2024-10-07 15:50:41.054 [info] > git config --local branch.main.vscode-merge-base origin/main [10ms]
2024-10-07 15:50:41.066 [info] > git config --local branch.main.vscode-merge-base [15ms]
2024-10-07 15:50:41.073 [info] > git config --get commit.template [7ms]
2024-10-07 15:50:41.083 [info] > git for-each-ref --format=%(refname)%00%(upstream:short)%00%(objectname)%00%(upstream:track)%00%(upstream:remotename)%00%(upstream:remoteref) refs/heads/origin/main refs/remotes/origin/main [12ms]
2024-10-07 15:50:41.092 [info] > git for-each-ref --format=%(refname)%00%(upstream:short)%00%(objectname)%00%(upstream:track)%00%(upstream:remotename)%00%(upstream:remoteref) refs/heads/main refs/remotes/main [10ms]
2024-10-07 15:50:41.100 [warning] [Git][revParse] Unable to read file: ENOENT: no such file or directory, open '/home/pro/Escritorio/git/ejercicio1-branch/.git/refs/remotes/origin/main'
2024-10-07 15:50:41.100 [info] > git merge-base refs/heads/main refs/remotes/origin/main [9ms]
2024-10-07 15:50:41.110 [info] > git rev-parse refs/remotes/origin/main [10ms]
2024-10-07 15:50:41.131 [info] > git rev-list --count --left-right refs/heads/main...refs/remotes/origin/main [21ms]
2024-10-07 15:50:41.144 [info] > git status -z -uall [14ms]
2024-10-07 15:50:41.160 [info] > git diff --name-status -z --diff-filter=ADMR 8d06d4fd61db8fc1ab6c3852237c9ad9a28e47e1...refs/remotes/origin/main [20ms]
2024-10-07 15:50:41.165 [info] > git for-each-ref --format=%(refname)%00%(upstream:short)%00%(objectname)%00%(upstream:track)%00%(upstream:remotename)%00%(upstream:remoteref) refs/heads/main refs/remotes/main [6ms]
2024-10-07 15:50:41.181 [info] > git config --local branch.main.vscode-merge-base [7ms]
2024-10-07 15:50:41.200 [info] > git for-each-ref --format=%(refname)%00%(upstream:short)%00%(objectname)%00%(upstream:track)%00%(upstream:remotename)%00%(upstream:remoteref) refs/heads/origin/main refs/remotes/origin/main [9ms]
2024-10-07 15:50:41.772 [info] > git check-ignore -v -z --stdin [7ms]
2024-10-07 15:50:42.263 [info] > git config --get commit.template [7ms]
2024-10-07 15:50:42.265 [info] > git for-each-ref --format=%(refname)%00%(upstream:short)%00%(objectname)%00%(upstream:track)%00%(upstream:remotename)%00%(upstream:remoteref) refs/heads/main refs/remotes/main [3ms]
2024-10-07 15:50:42.271 [warning] [Git][revParse] Unable to read file: ENOENT: no such file or directory, open '/home/pro/Escritorio/git/ejercicio1-branch/.git/refs/remotes/origin/main'
2024-10-07 15:50:42.276 [info] > git rev-parse refs/remotes/origin/main [5ms]
2024-10-07 15:50:42.282 [info] > git status -z -uall [2ms]
2024-10-07 15:50:42.296 [info] > git for-each-ref --format=%(refname)%00%(upstream:short)%00%(objectname)%00%(upstream:track)%00%(upstream:remotename)%00%(upstream:remoteref) refs/heads/main refs/remotes/main [3ms]
2024-10-07 15:50:42.301 [info] > git config --local branch.main.vscode-merge-base [2ms]
2024-10-07 15:50:42.311 [info] > git for-each-ref --format=%(refname)%00%(upstream:short)%00%(objectname)%00%(upstream:track)%00%(upstream:remotename)%00%(upstream:remoteref) refs/heads/origin/main refs/remotes/origin/main [5ms]
2024-10-07 15:50:42.948 [info] > git show --textconv :README.md [52ms]
2024-10-07 15:50:42.962 [info] > git ls-files --stage -- /home/pro/Escritorio/git/ejercicio1-branch/README.md [15ms]
2024-10-07 15:50:42.995 [info] > git cat-file -s f3a9401081dc7bf7c67496c20ac270dbb280aa2b [12ms]
2024-10-07 15:52:15.474 [info] > git config --get commit.template [370ms]
2024-10-07 15:52:15.499 [info] > git for-each-ref --format=%(refname)%00%(upstream:short)%00%(objectname)%00%(upstream:track)%00%(upstream:remotename)%00%(upstream:remoteref) refs/heads/main refs/remotes/main [410ms]
2024-10-07 15:52:15.507 [warning] [Git][revParse] Unable to read file: ENOENT: no such file or directory, open '/home/pro/Escritorio/git/ejercicio1-branch/.git/refs/remotes/origin/main'
2024-10-07 15:52:15.527 [info] > git rev-parse refs/remotes/origin/main [20ms]
2024-10-07 15:52:15.809 [info] > git status -z -uall [267ms]
2024-10-07 15:52:15.865 [info] > git for-each-ref --format=%(refname)%00%(upstream:short)%00%(objectname)%00%(upstream:track)%00%(upstream:remotename)%00%(upstream:remoteref) refs/heads/main refs/remotes/main [43ms]
2024-10-07 15:52:15.875 [info] > git config --local branch.main.vscode-merge-base [2ms]
2024-10-07 15:52:15.905 [info] > git for-each-ref --format=%(refname)%00%(upstream:short)%00%(objectname)%00%(upstream:track)%00%(upstream:remotename)%00%(upstream:remoteref) refs/heads/origin/main refs/remotes/origin/main [21ms]
2024-10-07 15:52:20.886 [info] > git config --get commit.template [5ms]
2024-10-07 15:52:20.888 [info] > git for-each-ref --format=%(refname)%00%(upstream:short)%00%(objectname)%00%(upstream:track)%00%(upstream:remotename)%00%(upstream:remoteref) refs/heads/main refs/remotes/main [3ms]
2024-10-07 15:52:20.891 [warning] [Git][revParse] Unable to read file: ENOENT: no such file or directory, open '/home/pro/Escritorio/git/ejercicio1-branch/.git/refs/remotes/origin/main'
2024-10-07 15:52:20.893 [info] > git rev-parse refs/remotes/origin/main [2ms]
2024-10-07 15:52:20.897 [info] > git status -z -uall [2ms]
2024-10-07 15:52:20.906 [info] > git for-each-ref --format=%(refname)%00%(upstream:short)%00%(objectname)%00%(upstream:track)%00%(upstream:remotename)%00%(upstream:remoteref) refs/heads/main refs/remotes/main [4ms]
2024-10-07 15:52:20.912 [info] > git config --local branch.main.vscode-merge-base [1ms]
2024-10-07 15:52:20.917 [info] > git for-each-ref --format=%(refname)%00%(upstream:short)%00%(objectname)%00%(upstream:track)%00%(upstream:remotename)%00%(upstream:remoteref) refs/heads/origin/main refs/remotes/origin/main [1ms]
2024-10-07 15:52:36.936 [info] > git config --get commit.template [11ms]
2024-10-07 15:52:36.939 [info] > git for-each-ref --format=%(refname)%00%(upstream:short)%00%(objectname)%00%(upstream:track)%00%(upstream:remotename)%00%(upstream:remoteref) refs/heads/main refs/remotes/main [4ms]
2024-10-07 15:52:36.948 [warning] [Git][revParse] Unable to read file: ENOENT: no such file or directory, open '/home/pro/Escritorio/git/ejercicio1-branch/.git/refs/remotes/origin/main'
2024-10-07 15:52:36.951 [info] > git rev-parse refs/remotes/origin/main [3ms]
2024-10-07 15:52:36.965 [info] > git status -z -uall [4ms]
2024-10-07 15:52:36.985 [info] > git for-each-ref --format=%(refname)%00%(upstream:short)%00%(objectname)%00%(upstream:track)%00%(upstream:remotename)%00%(upstream:remoteref) refs/heads/main refs/remotes/main [9ms]
2024-10-07 15:52:36.992 [info] > git config --local branch.main.vscode-merge-base [1ms]
2024-10-07 15:52:36.998 [info] > git for-each-ref --format=%(refname)%00%(upstream:short)%00%(objectname)%00%(upstream:track)%00%(upstream:remotename)%00%(upstream:remoteref) refs/heads/origin/main refs/remotes/origin/main [2ms]
2024-10-07 15:52:42.004 [info] > git config --get commit.template [11ms]
2024-10-07 15:52:42.006 [info] > git for-each-ref --format=%(refname)%00%(upstream:short)%00%(objectname)%00%(upstream:track)%00%(upstream:remotename)%00%(upstream:remoteref) refs/heads/main refs/remotes/main [4ms]
2024-10-07 15:52:42.015 [warning] [Git][revParse] Unable to read file: ENOENT: no such file or directory, open '/home/pro/Escritorio/git/ejercicio1-branch/.git/refs/remotes/origin/main'
2024-10-07 15:52:42.019 [info] > git rev-parse refs/remotes/origin/main [4ms]
2024-10-07 15:52:42.034 [info] > git status -z -uall [3ms]
2024-10-07 15:52:42.050 [info] > git for-each-ref --format=%(refname)%00%(upstream:short)%00%(objectname)%00%(upstream:track)%00%(upstream:remotename)%00%(upstream:remoteref) refs/heads/main refs/remotes/main [6ms]
2024-10-07 15:52:42.057 [info] > git config --local branch.main.vscode-merge-base [2ms]
2024-10-07 15:52:42.063 [info] > git for-each-ref --format=%(refname)%00%(upstream:short)%00%(objectname)%00%(upstream:track)%00%(upstream:remotename)%00%(upstream:remoteref) refs/heads/origin/main refs/remotes/origin/main [2ms]
2024-10-07 15:53:14.901 [info] > git config --get commit.template [14ms]
2024-10-07 15:53:14.913 [info] > git for-each-ref --format=%(refname)%00%(upstream:short)%00%(objectname)%00%(upstream:track)%00%(upstream:remotename)%00%(upstream:remoteref) refs/heads/main refs/remotes/main [12ms]
2024-10-07 15:53:14.932 [warning] [Git][revParse] Unable to read file: ENOENT: no such file or directory, open '/home/pro/Escritorio/git/ejercicio1-branch/.git/refs/remotes/origin/main'
2024-10-07 15:53:14.936 [info] > git rev-parse refs/remotes/origin/main [4ms]
2024-10-07 15:53:14.953 [info] > git status -z -uall [0ms]
2024-10-07 15:53:14.968 [info] > git for-each-ref --format=%(refname)%00%(upstream:short)%00%(objectname)%00%(upstream:track)%00%(upstream:remotename)%00%(upstream:remoteref) refs/heads/main refs/remotes/main [4ms]
2024-10-07 15:53:14.976 [info] > git config --local branch.main.vscode-merge-base [4ms]
2024-10-07 15:53:14.983 [info] > git for-each-ref --format=%(refname)%00%(upstream:short)%00%(objectname)%00%(upstream:track)%00%(upstream:remotename)%00%(upstream:remoteref) refs/heads/origin/main refs/remotes/origin/main [3ms]
2024-10-07 15:53:22.423 [info] > git config --get commit.template [12ms]
2024-10-07 15:53:22.426 [info] > git for-each-ref --format=%(refname)%00%(upstream:short)%00%(objectname)%00%(upstream:track)%00%(upstream:remotename)%00%(upstream:remoteref) refs/heads/main refs/remotes/main [4ms]
2024-10-07 15:53:22.437 [warning] [Git][revParse] Unable to read file: ENOENT: no such file or directory, open '/home/pro/Escritorio/git/ejercicio1-branch/.git/refs/remotes/origin/main'
2024-10-07 15:53:22.442 [info] > git rev-parse refs/remotes/origin/main [5ms]
2024-10-07 15:53:22.450 [info] > git status -z -uall [3ms]
2024-10-07 15:53:22.462 [info] > git for-each-ref --format=%(refname)%00%(upstream:short)%00%(objectname)%00%(upstream:track)%00%(upstream:remotename)%00%(upstream:remoteref) refs/heads/main refs/remotes/main [5ms]
2024-10-07 15:53:22.467 [info] > git config --local branch.main.vscode-merge-base [1ms]
2024-10-07 15:53:22.472 [info] > git for-each-ref --format=%(refname)%00%(upstream:short)%00%(objectname)%00%(upstream:track)%00%(upstream:remotename)%00%(upstream:remoteref) refs/heads/origin/main refs/remotes/origin/main [2ms]
2024-10-07 15:53:29.563 [info] > git config --get commit.template [11ms]
2024-10-07 15:53:29.566 [info] > git for-each-ref --format=%(refname)%00%(upstream:short)%00%(objectname)%00%(upstream:track)%00%(upstream:remotename)%00%(upstream:remoteref) refs/heads/main refs/remotes/main [4ms]
2024-10-07 15:53:29.575 [warning] [Git][revParse] Unable to read file: ENOENT: no such file or directory, open '/home/pro/Escritorio/git/ejercicio1-branch/.git/refs/remotes/origin/main'
2024-10-07 15:53:29.578 [info] > git rev-parse refs/remotes/origin/main [4ms]
2024-10-07 15:53:29.590 [info] > git status -z -uall [4ms]
2024-10-07 15:53:29.621 [info] > git for-each-ref --format=%(refname)%00%(upstream:short)%00%(objectname)%00%(upstream:track)%00%(upstream:remotename)%00%(upstream:remoteref) refs/heads/main refs/remotes/main [11ms]
2024-10-07 15:53:29.628 [info] > git config --local branch.main.vscode-merge-base [1ms]
2024-10-07 15:53:29.634 [info] > git for-each-ref --format=%(refname)%00%(upstream:short)%00%(objectname)%00%(upstream:track)%00%(upstream:remotename)%00%(upstream:remoteref) refs/heads/origin/main refs/remotes/origin/main [1ms]
2024-10-07 15:54:36.912 [info] > git config --get commit.template [12ms]
2024-10-07 15:54:36.916 [info] > git for-each-ref --format=%(refname)%00%(upstream:short)%00%(objectname)%00%(upstream:track)%00%(upstream:remotename)%00%(upstream:remoteref) refs/heads/main refs/remotes/main [6ms]
2024-10-07 15:54:36.924 [warning] [Git][revParse] Unable to read file: ENOENT: no such file or directory, open '/home/pro/Escritorio/git/ejercicio1-branch/.git/refs/remotes/origin/main'
2024-10-07 15:54:36.928 [info] > git rev-parse refs/remotes/origin/main [4ms]
2024-10-07 15:54:36.944 [info] > git status -z -uall [8ms]
2024-10-07 15:54:36.956 [info] > git for-each-ref --format=%(refname)%00%(upstream:short)%00%(objectname)%00%(upstream:track)%00%(upstream:remotename)%00%(upstream:remoteref) refs/heads/main refs/remotes/main [5ms]
2024-10-07 15:54:36.963 [info] > git config --local branch.main.vscode-merge-base [2ms]
2024-10-07 15:54:36.968 [info] > git for-each-ref --format=%(refname)%00%(upstream:short)%00%(objectname)%00%(upstream:track)%00%(upstream:remotename)%00%(upstream:remoteref) refs/heads/origin/main refs/remotes/origin/main [2ms]
2024-10-07 15:54:41.961 [info] > git config --get commit.template [1ms]
2024-10-07 15:54:41.966 [info] > git for-each-ref --format=%(refname)%00%(upstream:short)%00%(objectname)%00%(upstream:track)%00%(upstream:remotename)%00%(upstream:remoteref) refs/heads/main refs/remotes/main [2ms]
2024-10-07 15:54:41.969 [warning] [Git][revParse] Unable to read file: ENOENT: no such file or directory, open '/home/pro/Escritorio/git/ejercicio1-branch/.git/refs/remotes/origin/main'
2024-10-07 15:54:41.970 [info] > git rev-parse refs/remotes/origin/main [1ms]
2024-10-07 15:54:41.975 [info] > git status -z -uall [2ms]
2024-10-07 15:54:41.982 [info] > git for-each-ref --format=%(refname)%00%(upstream:short)%00%(objectname)%00%(upstream:track)%00%(upstream:remotename)%00%(upstream:remoteref) refs/heads/main refs/remotes/main [3ms]
2024-10-07 15:54:41.988 [info] > git config --local branch.main.vscode-merge-base [2ms]
2024-10-07 15:54:41.994 [info] > git for-each-ref --format=%(refname)%00%(upstream:short)%00%(objectname)%00%(upstream:track)%00%(upstream:remotename)%00%(upstream:remoteref) refs/heads/origin/main refs/remotes/origin/main [2ms]
2024-10-07 15:54:47.033 [info] > git config --get commit.template [26ms]
2024-10-07 15:54:47.036 [info] > git for-each-ref --format=%(refname)%00%(upstream:short)%00%(objectname)%00%(upstream:track)%00%(upstream:remotename)%00%(upstream:remoteref) refs/heads/main refs/remotes/main [3ms]
2024-10-07 15:54:47.040 [warning] [Git][revParse] Unable to read file: ENOENT: no such file or directory, open '/home/pro/Escritorio/git/ejercicio1-branch/.git/refs/remotes/origin/main'
2024-10-07 15:54:47.041 [info] > git rev-parse refs/remotes/origin/main [1ms]
2024-10-07 15:54:47.045 [info] > git status -z -uall [2ms]
2024-10-07 15:54:47.059 [info] > git for-each-ref --format=%(refname)%00%(upstream:short)%00%(objectname)%00%(upstream:track)%00%(upstream:remotename)%00%(upstream:remoteref) refs/heads/main refs/remotes/main [6ms]
2024-10-07 15:54:47.065 [info] > git config --local branch.main.vscode-merge-base [2ms]
2024-10-07 15:54:47.071 [info] > git for-each-ref --format=%(refname)%00%(upstream:short)%00%(objectname)%00%(upstream:track)%00%(upstream:remotename)%00%(upstream:remoteref) refs/heads/origin/main refs/remotes/origin/main [2ms]
2024-10-07 15:54:52.079 [info] > git config --get commit.template [7ms]
2024-10-07 15:54:52.084 [info] > git for-each-ref --format=%(refname)%00%(upstream:short)%00%(objectname)%00%(upstream:track)%00%(upstream:remotename)%00%(upstream:remoteref) refs/heads/main refs/remotes/main [6ms]
2024-10-07 15:54:52.090 [warning] [Git][revParse] Unable to read file: ENOENT: no such file or directory, open '/home/pro/Escritorio/git/ejercicio1-branch/.git/refs/remotes/origin/main'
2024-10-07 15:54:52.092 [info] > git rev-parse refs/remotes/origin/main [2ms]
2024-10-07 15:54:52.096 [info] > git status -z -uall [1ms]
2024-10-07 15:54:52.106 [info] > git for-each-ref --format=%(refname)%00%(upstream:short)%00%(objectname)%00%(upstream:track)%00%(upstream:remotename)%00%(upstream:remoteref) refs/heads/main refs/remotes/main [4ms]
2024-10-07 15:54:52.112 [info] > git config --local branch.main.vscode-merge-base [2ms]
2024-10-07 15:54:52.118 [info] > git for-each-ref --format=%(refname)%00%(upstream:short)%00%(objectname)%00%(upstream:track)%00%(upstream:remotename)%00%(upstream:remoteref) refs/heads/origin/main refs/remotes/origin/main [1ms]
2024-10-07 15:54:57.118 [info] > git config --get commit.template [4ms]
2024-10-07 15:54:57.120 [info] > git for-each-ref --format=%(refname)%00%(upstream:short)%00%(objectname)%00%(upstream:track)%00%(upstream:remotename)%00%(upstream:remoteref) refs/heads/main refs/remotes/main [2ms]
2024-10-07 15:54:57.124 [warning] [Git][revParse] Unable to read file: ENOENT: no such file or directory, open '/home/pro/Escritorio/git/ejercicio1-branch/.git/refs/remotes/origin/main'
2024-10-07 15:54:57.125 [info] > git rev-parse refs/remotes/origin/main [1ms]
2024-10-07 15:54:57.130 [info] > git status -z -uall [2ms]
2024-10-07 15:54:57.138 [info] > git for-each-ref --format=%(refname)%00%(upstream:short)%00%(objectname)%00%(upstream:track)%00%(upstream:remotename)%00%(upstream:remoteref) refs/heads/main refs/remotes/main [3ms]
2024-10-07 15:54:57.144 [info] > git config --local branch.main.vscode-merge-base [2ms]
2024-10-07 15:54:57.149 [info] > git for-each-ref --format=%(refname)%00%(upstream:short)%00%(objectname)%00%(upstream:track)%00%(upstream:remotename)%00%(upstream:remoteref) refs/heads/origin/main refs/remotes/origin/main [1ms]
2024-10-07 15:55:03.706 [info] > git config --get commit.template [12ms]
2024-10-07 15:55:03.713 [info] > git for-each-ref --format=%(refname)%00%(upstream:short)%00%(objectname)%00%(upstream:track)%00%(upstream:remotename)%00%(upstream:remoteref) refs/heads/main refs/remotes/main [7ms]
2024-10-07 15:55:03.718 [warning] [Git][revParse] Unable to read file: ENOENT: no such file or directory, open '/home/pro/Escritorio/git/ejercicio1-branch/.git/refs/remotes/origin/main'
2024-10-07 15:55:03.720 [info] > git rev-parse refs/remotes/origin/main [2ms]
2024-10-07 15:55:03.728 [info] > git status -z -uall [3ms]
2024-10-07 15:55:03.737 [info] > git for-each-ref --format=%(refname)%00%(upstream:short)%00%(objectname)%00%(upstream:track)%00%(upstream:remotename)%00%(upstream:remoteref) refs/heads/main refs/remotes/main [4ms]
2024-10-07 15:55:03.742 [info] > git config --local branch.main.vscode-merge-base [2ms]
2024-10-07 15:55:03.747 [info] > git for-each-ref --format=%(refname)%00%(upstream:short)%00%(objectname)%00%(upstream:track)%00%(upstream:remotename)%00%(upstream:remoteref) refs/heads/origin/main refs/remotes/origin/main [1ms]
2024-10-07 15:55:08.759 [info] > git config --get commit.template [10ms]
2024-10-07 15:55:08.768 [info] > git for-each-ref --format=%(refname)%00%(upstream:short)%00%(objectname)%00%(upstream:track)%00%(upstream:remotename)%00%(upstream:remoteref) refs/heads/main refs/remotes/main [9ms]
2024-10-07 15:55:08.774 [warning] [Git][revParse] Unable to read file: ENOENT: no such file or directory, open '/home/pro/Escritorio/git/ejercicio1-branch/.git/refs/remotes/origin/main'
2024-10-07 15:55:08.775 [info] > git rev-parse refs/remotes/origin/main [1ms]
2024-10-07 15:55:08.780 [info] > git status -z -uall [1ms]
2024-10-07 15:55:08.788 [info] > git for-each-ref --format=%(refname)%00%(upstream:short)%00%(objectname)%00%(upstream:track)%00%(upstream:remotename)%00%(upstream:remoteref) refs/heads/main refs/remotes/main [4ms]
2024-10-07 15:55:08.793 [info] > git config --local branch.main.vscode-merge-base [2ms]
2024-10-07 15:55:08.798 [info] > git for-each-ref --format=%(refname)%00%(upstream:short)%00%(objectname)%00%(upstream:track)%00%(upstream:remotename)%00%(upstream:remoteref) refs/heads/origin/main refs/remotes/origin/main [2ms]
2024-10-07 15:55:51.151 [info] > git config --get commit.template [3ms]
2024-10-07 15:55:51.152 [info] > git for-each-ref --format=%(refname)%00%(upstream:short)%00%(objectname)%00%(upstream:track)%00%(upstream:remotename)%00%(upstream:remoteref) refs/heads/main refs/remotes/main [1ms]
2024-10-07 15:55:51.156 [warning] [Git][revParse] Unable to read file: ENOENT: no such file or directory, open '/home/pro/Escritorio/git/ejercicio1-branch/.git/refs/remotes/origin/main'
2024-10-07 15:55:51.156 [info] > git rev-parse refs/remotes/origin/main [1ms]
2024-10-07 15:55:51.161 [info] > git status -z -uall [2ms]
2024-10-07 15:55:51.171 [info] > git for-each-ref --format=%(refname)%00%(upstream:short)%00%(objectname)%00%(upstream:track)%00%(upstream:remotename)%00%(upstream:remoteref) refs/heads/main refs/remotes/main [5ms]
2024-10-07 15:55:51.178 [info] > git config --local branch.main.vscode-merge-base [2ms]
2024-10-07 15:55:51.186 [info] > git for-each-ref --format=%(refname)%00%(upstream:short)%00%(objectname)%00%(upstream:track)%00%(upstream:remotename)%00%(upstream:remoteref) refs/heads/origin/main refs/remotes/origin/main [2ms]
2024-10-07 15:55:56.197 [info] > git config --get commit.template [11ms]
2024-10-07 15:55:56.201 [info] > git for-each-ref --format=%(refname)%00%(upstream:short)%00%(objectname)%00%(upstream:track)%00%(upstream:remotename)%00%(upstream:remoteref) refs/heads/main refs/remotes/main [5ms]
2024-10-07 15:55:56.209 [warning] [Git][revParse] Unable to read file: ENOENT: no such file or directory, open '/home/pro/Escritorio/git/ejercicio1-branch/.git/refs/remotes/origin/main'
2024-10-07 15:55:56.213 [info] > git rev-parse refs/remotes/origin/main [4ms]
2024-10-07 15:55:56.227 [info] > git status -z -uall [5ms]
2024-10-07 15:55:56.244 [info] > git for-each-ref --format=%(refname)%00%(upstream:short)%00%(objectname)%00%(upstream:track)%00%(upstream:remotename)%00%(upstream:remoteref) refs/heads/main refs/remotes/main [8ms]
2024-10-07 15:55:56.251 [info] > git config --local branch.main.vscode-merge-base [2ms]
2024-10-07 15:55:56.259 [info] > git for-each-ref --format=%(refname)%00%(upstream:short)%00%(objectname)%00%(upstream:track)%00%(upstream:remotename)%00%(upstream:remoteref) refs/heads/origin/main refs/remotes/origin/main [3ms]
2024-10-07 15:56:28.753 [info] > git config --get commit.template [1ms]
2024-10-07 15:56:28.757 [info] > git for-each-ref --format=%(refname)%00%(upstream:short)%00%(objectname)%00%(upstream:track)%00%(upstream:remotename)%00%(upstream:remoteref) refs/heads/main refs/remotes/main [1ms]
2024-10-07 15:56:28.760 [warning] [Git][revParse] Unable to read file: ENOENT: no such file or directory, open '/home/pro/Escritorio/git/ejercicio1-branch/.git/refs/remotes/origin/main'
2024-10-07 15:56:28.761 [info] > git rev-parse refs/remotes/origin/main [1ms]
2024-10-07 15:56:28.775 [info] > git status -z -uall [11ms]
2024-10-07 15:56:28.783 [info] > git for-each-ref --format=%(refname)%00%(upstream:short)%00%(objectname)%00%(upstream:track)%00%(upstream:remotename)%00%(upstream:remoteref) refs/heads/main refs/remotes/main [3ms]
2024-10-07 15:56:28.790 [info] > git config --local branch.main.vscode-merge-base [3ms]
2024-10-07 15:56:28.796 [info] > git for-each-ref --format=%(refname)%00%(upstream:short)%00%(objectname)%00%(upstream:track)%00%(upstream:remotename)%00%(upstream:remoteref) refs/heads/origin/main refs/remotes/origin/main [3ms]
2024-10-07 15:56:29.762 [info] > git config --get commit.template [12ms]
2024-10-07 15:56:29.765 [info] > git for-each-ref --format=%(refname)%00%(upstream:short)%00%(objectname)%00%(upstream:track)%00%(upstream:remotename)%00%(upstream:remoteref) refs/heads/main refs/remotes/main [4ms]
2024-10-07 15:56:29.774 [warning] [Git][revParse] Unable to read file: ENOENT: no such file or directory, open '/home/pro/Escritorio/git/ejercicio1-branch/.git/refs/remotes/origin/main'
2024-10-07 15:56:29.777 [info] > git rev-parse refs/remotes/origin/main [3ms]
2024-10-07 15:56:29.791 [info] > git status -z -uall [5ms]
2024-10-07 15:56:29.813 [info] > git for-each-ref --format=%(refname)%00%(upstream:short)%00%(objectname)%00%(upstream:track)%00%(upstream:remotename)%00%(upstream:remoteref) refs/heads/main refs/remotes/main [5ms]
2024-10-07 15:56:29.820 [info] > git config --local branch.main.vscode-merge-base [2ms]
2024-10-07 15:56:29.826 [info] > git for-each-ref --format=%(refname)%00%(upstream:short)%00%(objectname)%00%(upstream:track)%00%(upstream:remotename)%00%(upstream:remoteref) refs/heads/origin/main refs/remotes/origin/main [1ms]
2024-10-07 15:56:29.862 [info] > git ls-files --stage -- /home/pro/Escritorio/git/ejercicio1-branch/README.md [18ms]
2024-10-07 15:56:29.867 [info] > git cat-file -s f2ee01114ce8ce912f84474165dca9523d81b3da [1ms]
2024-10-07 15:56:29.873 [info] > git show --textconv :README.md [2ms]
2024-10-07 15:57:37.152 [info] > git config --get commit.template [5ms]
2024-10-07 15:57:37.154 [info] > git for-each-ref --format=%(refname)%00%(upstream:short)%00%(objectname)%00%(upstream:track)%00%(upstream:remotename)%00%(upstream:remoteref) refs/heads/main refs/remotes/main [2ms]
2024-10-07 15:57:37.159 [warning] [Git][revParse] Unable to read file: ENOENT: no such file or directory, open '/home/pro/Escritorio/git/ejercicio1-branch/.git/refs/remotes/origin/main'
2024-10-07 15:57:37.161 [info] > git rev-parse refs/remotes/origin/main [2ms]
2024-10-07 15:57:37.166 [info] > git status -z -uall [2ms]
2024-10-07 15:57:37.182 [info] > git for-each-ref --format=%(refname)%00%(upstream:short)%00%(objectname)%00%(upstream:track)%00%(upstream:remotename)%00%(upstream:remoteref) refs/heads/main refs/remotes/main [11ms]
2024-10-07 15:57:37.187 [info] > git config --local branch.main.vscode-merge-base [2ms]
2024-10-07 15:57:37.201 [info] > git for-each-ref --format=%(refname)%00%(upstream:short)%00%(objectname)%00%(upstream:track)%00%(upstream:remotename)%00%(upstream:remoteref) refs/heads/origin/main refs/remotes/origin/main [3ms]
2024-10-07 15:57:37.213 [info] > git merge-base refs/heads/main refs/remotes/origin/main [3ms]
2024-10-07 15:57:37.225 [info] > git rev-list --count --left-right refs/heads/main...refs/remotes/origin/main [3ms]
2024-10-07 15:57:37.238 [info] > git diff --name-status -z --diff-filter=ADMR 8d06d4fd61db8fc1ab6c3852237c9ad9a28e47e1...refs/remotes/origin/main [6ms]
2024-10-07 15:57:38.312 [info] > git config --get commit.template [4ms]
2024-10-07 15:57:38.313 [info] > git for-each-ref --format=%(refname)%00%(upstream:short)%00%(objectname)%00%(upstream:track)%00%(upstream:remotename)%00%(upstream:remoteref) refs/heads/main refs/remotes/main [1ms]
2024-10-07 15:57:38.316 [warning] [Git][revParse] Unable to read file: ENOENT: no such file or directory, open '/home/pro/Escritorio/git/ejercicio1-branch/.git/refs/remotes/origin/main'
2024-10-07 15:57:38.317 [info] > git rev-parse refs/remotes/origin/main [1ms]
2024-10-07 15:57:38.322 [info] > git status -z -uall [2ms]
2024-10-07 15:57:38.329 [info] > git for-each-ref --format=%(refname)%00%(upstream:short)%00%(objectname)%00%(upstream:track)%00%(upstream:remotename)%00%(upstream:remoteref) refs/heads/main refs/remotes/main [2ms]
2024-10-07 15:57:38.333 [info] > git config --local branch.main.vscode-merge-base [1ms]
2024-10-07 15:57:38.338 [info] > git for-each-ref --format=%(refname)%00%(upstream:short)%00%(objectname)%00%(upstream:track)%00%(upstream:remotename)%00%(upstream:remoteref) refs/heads/origin/main refs/remotes/origin/main [1ms]
2024-10-07 15:57:38.416 [info] > git ls-files --stage -- /home/pro/Escritorio/git/ejercicio1-branch/README.md [4ms]
2024-10-07 15:57:38.442 [info] > git cat-file -s f2ee01114ce8ce912f84474165dca9523d81b3da [6ms]
2024-10-07 15:57:38.461 [info] > git show --textconv :README.md [5ms]
2024-10-07 15:58:23.980 [info] > git config --get commit.template [3ms]
2024-10-07 15:58:23.981 [info] > git for-each-ref --format=%(refname)%00%(upstream:short)%00%(objectname)%00%(upstream:track)%00%(upstream:remotename)%00%(upstream:remoteref) refs/heads/main refs/remotes/main [2ms]
2024-10-07 15:58:23.985 [warning] [Git][revParse] Unable to read file: ENOENT: no such file or directory, open '/home/pro/Escritorio/git/ejercicio1-branch/.git/refs/remotes/origin/main'
2024-10-07 15:58:23.986 [info] > git rev-parse refs/remotes/origin/main [1ms]
2024-10-07 15:58:23.991 [info] > git status -z -uall [2ms]
2024-10-07 15:58:23.999 [info] > git for-each-ref --format=%(refname)%00%(upstream:short)%00%(objectname)%00%(upstream:track)%00%(upstream:remotename)%00%(upstream:remoteref) refs/heads/main refs/remotes/main [4ms]
2024-10-07 15:58:24.004 [info] > git config --local branch.main.vscode-merge-base [2ms]
2024-10-07 15:58:24.009 [info] > git for-each-ref --format=%(refname)%00%(upstream:short)%00%(objectname)%00%(upstream:track)%00%(upstream:remotename)%00%(upstream:remoteref) refs/heads/origin/main refs/remotes/origin/main [2ms]
2024-10-07 15:58:29.008 [info] > git config --get commit.template [4ms]
2024-10-07 15:58:29.010 [info] > git for-each-ref --format=%(refname)%00%(upstream:short)%00%(objectname)%00%(upstream:track)%00%(upstream:remotename)%00%(upstream:remoteref) refs/heads/main refs/remotes/main [3ms]
2024-10-07 15:58:29.013 [warning] [Git][revParse] Unable to read file: ENOENT: no such file or directory, open '/home/pro/Escritorio/git/ejercicio1-branch/.git/refs/remotes/origin/main'
2024-10-07 15:58:29.014 [info] > git rev-parse refs/remotes/origin/main [1ms]
2024-10-07 15:58:29.019 [info] > git status -z -uall [2ms]
2024-10-07 15:58:29.028 [info] > git for-each-ref --format=%(refname)%00%(upstream:short)%00%(objectname)%00%(upstream:track)%00%(upstream:remotename)%00%(upstream:remoteref) refs/heads/main refs/remotes/main [4ms]
2024-10-07 15:58:29.034 [info] > git config --local branch.main.vscode-merge-base [2ms]
2024-10-07 15:58:29.040 [info] > git for-each-ref --format=%(refname)%00%(upstream:short)%00%(objectname)%00%(upstream:track)%00%(upstream:remotename)%00%(upstream:remoteref) refs/heads/origin/main refs/remotes/origin/main [1ms]
2024-10-07 15:58:34.049 [info] > git config --get commit.template [2ms]
2024-10-07 15:58:34.059 [info] > git for-each-ref --format=%(refname)%00%(upstream:short)%00%(objectname)%00%(upstream:track)%00%(upstream:remotename)%00%(upstream:remoteref) refs/heads/main refs/remotes/main [4ms]
2024-10-07 15:58:34.062 [warning] [Git][revParse] Unable to read file: ENOENT: no such file or directory, open '/home/pro/Escritorio/git/ejercicio1-branch/.git/refs/remotes/origin/main'
2024-10-07 15:58:34.064 [info] > git rev-parse refs/remotes/origin/main [2ms]
2024-10-07 15:58:34.076 [info] > git status -z -uall [1ms]
2024-10-07 15:58:34.087 [info] > git for-each-ref --format=%(refname)%00%(upstream:short)%00%(objectname)%00%(upstream:track)%00%(upstream:remotename)%00%(upstream:remoteref) refs/heads/main refs/remotes/main [4ms]
2024-10-07 15:58:34.092 [info] > git config --local branch.main.vscode-merge-base [1ms]
2024-10-07 15:58:34.098 [info] > git for-each-ref --format=%(refname)%00%(upstream:short)%00%(objectname)%00%(upstream:track)%00%(upstream:remotename)%00%(upstream:remoteref) refs/heads/origin/main refs/remotes/origin/main [2ms]
2024-10-07 15:58:39.117 [info] > git config --get commit.template [20ms]
2024-10-07 15:58:39.124 [info] > git for-each-ref --format=%(refname)%00%(upstream:short)%00%(objectname)%00%(upstream:track)%00%(upstream:remotename)%00%(upstream:remoteref) refs/heads/main refs/remotes/main [13ms]
2024-10-07 15:58:39.129 [warning] [Git][revParse] Unable to read file: ENOENT: no such file or directory, open '/home/pro/Escritorio/git/ejercicio1-branch/.git/refs/remotes/origin/main'
2024-10-07 15:58:39.131 [info] > git rev-parse refs/remotes/origin/main [2ms]
2024-10-07 15:58:39.139 [info] > git status -z -uall [3ms]
2024-10-07 15:58:39.149 [info] > git for-each-ref --format=%(refname)%00%(upstream:short)%00%(objectname)%00%(upstream:track)%00%(upstream:remotename)%00%(upstream:remoteref) refs/heads/main refs/remotes/main [3ms]
2024-10-07 15:58:39.154 [info] > git config --local branch.main.vscode-merge-base [1ms]
2024-10-07 15:58:39.158 [info] > git for-each-ref --format=%(refname)%00%(upstream:short)%00%(objectname)%00%(upstream:track)%00%(upstream:remotename)%00%(upstream:remoteref) refs/heads/origin/main refs/remotes/origin/main [1ms]
2024-10-07 15:58:44.159 [info] > git config --get commit.template [5ms]
2024-10-07 15:58:44.161 [info] > git for-each-ref --format=%(refname)%00%(upstream:short)%00%(objectname)%00%(upstream:track)%00%(upstream:remotename)%00%(upstream:remoteref) refs/heads/main refs/remotes/main [2ms]
2024-10-07 15:58:44.164 [warning] [Git][revParse] Unable to read file: ENOENT: no such file or directory, open '/home/pro/Escritorio/git/ejercicio1-branch/.git/refs/remotes/origin/main'
2024-10-07 15:58:44.166 [info] > git rev-parse refs/remotes/origin/main [2ms]
2024-10-07 15:58:44.171 [info] > git status -z -uall [3ms]
2024-10-07 15:58:44.182 [info] > git for-each-ref --format=%(refname)%00%(upstream:short)%00%(objectname)%00%(upstream:track)%00%(upstream:remotename)%00%(upstream:remoteref) refs/heads/main refs/remotes/main [5ms]
2024-10-07 15:58:44.188 [info] > git config --local branch.main.vscode-merge-base [1ms]
2024-10-07 15:58:44.196 [info] > git for-each-ref --format=%(refname)%00%(upstream:short)%00%(objectname)%00%(upstream:track)%00%(upstream:remotename)%00%(upstream:remoteref) refs/heads/origin/main refs/remotes/origin/main [2ms]
2024-10-07 15:58:49.199 [info] > git config --get commit.template [8ms]
2024-10-07 15:58:49.204 [info] > git for-each-ref --format=%(refname)%00%(upstream:short)%00%(objectname)%00%(upstream:track)%00%(upstream:remotename)%00%(upstream:remoteref) refs/heads/main refs/remotes/main [6ms]
2024-10-07 15:58:49.208 [warning] [Git][revParse] Unable to read file: ENOENT: no such file or directory, open '/home/pro/Escritorio/git/ejercicio1-branch/.git/refs/remotes/origin/main'
2024-10-07 15:58:49.209 [info] > git rev-parse refs/remotes/origin/main [1ms]
2024-10-07 15:58:49.215 [info] > git status -z -uall [2ms]
2024-10-07 15:58:49.224 [info] > git for-each-ref --format=%(refname)%00%(upstream:short)%00%(objectname)%00%(upstream:track)%00%(upstream:remotename)%00%(upstream:remoteref) refs/heads/main refs/remotes/main [4ms]
2024-10-07 15:58:49.229 [info] > git config --local branch.main.vscode-merge-base [1ms]
2024-10-07 15:58:49.234 [info] > git for-each-ref --format=%(refname)%00%(upstream:short)%00%(objectname)%00%(upstream:track)%00%(upstream:remotename)%00%(upstream:remoteref) refs/heads/origin/main refs/remotes/origin/main [1ms]
2024-10-07 15:58:54.238 [info] > git config --get commit.template [6ms]
2024-10-07 15:58:54.241 [info] > git for-each-ref --format=%(refname)%00%(upstream:short)%00%(objectname)%00%(upstream:track)%00%(upstream:remotename)%00%(upstream:remoteref) refs/heads/main refs/remotes/main [4ms]
2024-10-07 15:58:54.244 [warning] [Git][revParse] Unable to read file: ENOENT: no such file or directory, open '/home/pro/Escritorio/git/ejercicio1-branch/.git/refs/remotes/origin/main'
2024-10-07 15:58:54.246 [info] > git rev-parse refs/remotes/origin/main [2ms]
2024-10-07 15:58:54.251 [info] > git status -z -uall [2ms]
2024-10-07 15:58:54.260 [info] > git for-each-ref --format=%(refname)%00%(upstream:short)%00%(objectname)%00%(upstream:track)%00%(upstream:remotename)%00%(upstream:remoteref) refs/heads/main refs/remotes/main [3ms]
2024-10-07 15:58:54.264 [info] > git config --local branch.main.vscode-merge-base [1ms]
2024-10-07 15:58:54.269 [info] > git for-each-ref --format=%(refname)%00%(upstream:short)%00%(objectname)%00%(upstream:track)%00%(upstream:remotename)%00%(upstream:remoteref) refs/heads/origin/main refs/remotes/origin/main [1ms]
2024-10-07 15:59:04.241 [info] > git config --get commit.template [4ms]
2024-10-07 15:59:04.242 [info] > git for-each-ref --format=%(refname)%00%(upstream:short)%00%(objectname)%00%(upstream:track)%00%(upstream:remotename)%00%(upstream:remoteref) refs/heads/main refs/remotes/main [2ms]
2024-10-07 15:59:04.245 [warning] [Git][revParse] Unable to read file: ENOENT: no such file or directory, open '/home/pro/Escritorio/git/ejercicio1-branch/.git/refs/remotes/origin/main'
2024-10-07 15:59:04.246 [info] > git rev-parse refs/remotes/origin/main [1ms]
2024-10-07 15:59:04.251 [info] > git status -z -uall [2ms]
2024-10-07 15:59:04.258 [info] > git for-each-ref --format=%(refname)%00%(upstream:short)%00%(objectname)%00%(upstream:track)%00%(upstream:remotename)%00%(upstream:remoteref) refs/heads/main refs/remotes/main [3ms]
2024-10-07 15:59:04.263 [info] > git config --local branch.main.vscode-merge-base [1ms]
2024-10-07 15:59:04.272 [info] > git for-each-ref --format=%(refname)%00%(upstream:short)%00%(objectname)%00%(upstream:track)%00%(upstream:remotename)%00%(upstream:remoteref) refs/heads/origin/main refs/remotes/origin/main [2ms]
2024-10-07 15:59:09.266 [info] > git config --get commit.template [4ms]
2024-10-07 15:59:09.268 [info] > git for-each-ref --format=%(refname)%00%(upstream:short)%00%(objectname)%00%(upstream:track)%00%(upstream:remotename)%00%(upstream:remoteref) refs/heads/main refs/remotes/main [2ms]
2024-10-07 15:59:09.271 [warning] [Git][revParse] Unable to read file: ENOENT: no such file or directory, open '/home/pro/Escritorio/git/ejercicio1-branch/.git/refs/remotes/origin/main'
2024-10-07 15:59:09.272 [info] > git rev-parse refs/remotes/origin/main [1ms]
2024-10-07 15:59:09.277 [info] > git status -z -uall [2ms]
2024-10-07 15:59:09.285 [info] > git for-each-ref --format=%(refname)%00%(upstream:short)%00%(objectname)%00%(upstream:track)%00%(upstream:remotename)%00%(upstream:remoteref) refs/heads/main refs/remotes/main [4ms]
2024-10-07 15:59:09.290 [info] > git config --local branch.main.vscode-merge-base [2ms]
2024-10-07 15:59:09.295 [info] > git for-each-ref --format=%(refname)%00%(upstream:short)%00%(objectname)%00%(upstream:track)%00%(upstream:remotename)%00%(upstream:remoteref) refs/heads/origin/main refs/remotes/origin/main [1ms]
2024-10-07 16:00:53.934 [info] > git config --get commit.template [15ms]
2024-10-07 16:00:53.934 [info] > git for-each-ref --format=%(refname)%00%(upstream:short)%00%(objectname)%00%(upstream:track)%00%(upstream:remotename)%00%(upstream:remoteref) refs/heads/main refs/remotes/main [2ms]
2024-10-07 16:00:53.948 [info] > git status -z -uall [3ms]
2024-10-07 16:00:53.978 [info] > git for-each-ref --format=%(refname)%00%(upstream:short)%00%(objectname)%00%(upstream:track)%00%(upstream:remotename)%00%(upstream:remoteref) refs/heads/main refs/remotes/main [2ms]
2024-10-07 16:00:54.002 [info] > git config --local branch.main.vscode-merge-base [9ms]
2024-10-07 16:00:54.018 [info] > git for-each-ref --format=%(refname)%00%(upstream:short)%00%(objectname)%00%(upstream:track)%00%(upstream:remotename)%00%(upstream:remoteref) refs/heads/origin/main refs/remotes/origin/main [1ms]
2024-10-07 16:00:54.033 [info] > git merge-base refs/heads/main refs/remotes/origin/main [2ms]
2024-10-07 16:00:54.040 [info] > git rev-list --count --left-right refs/heads/main...refs/remotes/origin/main [2ms]
2024-10-07 16:00:54.045 [info] > git diff --name-status -z --diff-filter=ADMR 7ac1b07828f4e67dbcaa8302a2f2d6b60070ab51...refs/remotes/origin/main [1ms]
2024-10-07 16:00:54.849 [info] > git config --get commit.template [14ms]
2024-10-07 16:00:54.854 [info] > git for-each-ref --format=%(refname)%00%(upstream:short)%00%(objectname)%00%(upstream:track)%00%(upstream:remotename)%00%(upstream:remoteref) refs/heads/main refs/remotes/main [5ms]
2024-10-07 16:00:54.860 [info] > git status -z -uall [2ms]
2024-10-07 16:00:54.872 [info] > git for-each-ref --format=%(refname)%00%(upstream:short)%00%(objectname)%00%(upstream:track)%00%(upstream:remotename)%00%(upstream:remoteref) refs/heads/main refs/remotes/main [6ms]
2024-10-07 16:00:54.882 [info] > git config --local branch.main.vscode-merge-base [2ms]
2024-10-07 16:00:54.890 [info] > git for-each-ref --format=%(refname)%00%(upstream:short)%00%(objectname)%00%(upstream:track)%00%(upstream:remotename)%00%(upstream:remoteref) refs/heads/origin/main refs/remotes/origin/main [2ms]
2024-10-07 16:00:54.939 [info] > git ls-files --stage -- /home/pro/Escritorio/git/ejercicio1-branch/README.md [4ms]
2024-10-07 16:00:54.946 [info] > git cat-file -s f2ee01114ce8ce912f84474165dca9523d81b3da [3ms]
2024-10-07 16:00:54.953 [info] > git show --textconv :README.md [2ms]
2024-10-07 16:01:35.330 [info] > git config --get commit.template [6ms]
2024-10-07 16:01:35.332 [info] > git for-each-ref --format=%(refname)%00%(upstream:short)%00%(objectname)%00%(upstream:track)%00%(upstream:remotename)%00%(upstream:remoteref) refs/heads/main refs/remotes/main [2ms]
2024-10-07 16:01:35.338 [info] > git status -z -uall [2ms]
2024-10-07 16:01:35.351 [info] > git for-each-ref --format=%(refname)%00%(upstream:short)%00%(objectname)%00%(upstream:track)%00%(upstream:remotename)%00%(upstream:remoteref) refs/heads/main refs/remotes/main [5ms]
2024-10-07 16:01:35.358 [info] > git config --local branch.main.vscode-merge-base [3ms]
2024-10-07 16:01:35.364 [info] > git for-each-ref --format=%(refname)%00%(upstream:short)%00%(objectname)%00%(upstream:track)%00%(upstream:remotename)%00%(upstream:remoteref) refs/heads/origin/main refs/remotes/origin/main [2ms]
2024-10-07 16:01:47.045 [info] > git config --get commit.template [13ms]
2024-10-07 16:01:47.051 [info] > git for-each-ref --format=%(refname)%00%(upstream:short)%00%(objectname)%00%(upstream:track)%00%(upstream:remotename)%00%(upstream:remoteref) refs/heads/main refs/remotes/main [8ms]
2024-10-07 16:01:47.063 [info] > git status -z -uall [4ms]
2024-10-07 16:01:47.074 [info] > git for-each-ref --format=%(refname)%00%(upstream:short)%00%(objectname)%00%(upstream:track)%00%(upstream:remotename)%00%(upstream:remoteref) refs/heads/main refs/remotes/main [5ms]
2024-10-07 16:01:47.079 [info] > git config --local branch.main.vscode-merge-base [2ms]
2024-10-07 16:01:47.086 [info] > git for-each-ref --format=%(refname)%00%(upstream:short)%00%(objectname)%00%(upstream:track)%00%(upstream:remotename)%00%(upstream:remoteref) refs/heads/origin/main refs/remotes/origin/main [3ms]
2024-10-07 16:01:54.883 [info] > git config --get commit.template [15ms]
2024-10-07 16:01:54.884 [info] > git for-each-ref --format=%(refname)%00%(upstream:short)%00%(objectname)%00%(upstream:track)%00%(upstream:remotename)%00%(upstream:remoteref) refs/heads/main refs/remotes/main [2ms]
2024-10-07 16:01:54.902 [info] > git status -z -uall [8ms]
2024-10-07 16:01:54.910 [info] > git for-each-ref --format=%(refname)%00%(upstream:short)%00%(objectname)%00%(upstream:track)%00%(upstream:remotename)%00%(upstream:remoteref) refs/heads/main refs/remotes/main [2ms]
2024-10-07 16:01:54.916 [info] > git config --local branch.main.vscode-merge-base [2ms]
2024-10-07 16:01:54.921 [info] > git for-each-ref --format=%(refname)%00%(upstream:short)%00%(objectname)%00%(upstream:track)%00%(upstream:remotename)%00%(upstream:remoteref) refs/heads/origin/main refs/remotes/origin/main [0ms]
2024-10-07 16:02:00.800 [info] > git config --get commit.template [4ms]
2024-10-07 16:02:00.802 [info] > git for-each-ref --format=%(refname)%00%(upstream:short)%00%(objectname)%00%(upstream:track)%00%(upstream:remotename)%00%(upstream:remoteref) refs/heads/main refs/remotes/main [2ms]
2024-10-07 16:02:00.808 [info] > git status -z -uall [2ms]
2024-10-07 16:02:00.815 [info] > git for-each-ref --format=%(refname)%00%(upstream:short)%00%(objectname)%00%(upstream:track)%00%(upstream:remotename)%00%(upstream:remoteref) refs/heads/main refs/remotes/main [3ms]
2024-10-07 16:02:00.821 [info] > git config --local branch.main.vscode-merge-base [2ms]
2024-10-07 16:02:00.829 [info] > git for-each-ref --format=%(refname)%00%(upstream:short)%00%(objectname)%00%(upstream:track)%00%(upstream:remotename)%00%(upstream:remoteref) refs/heads/origin/main refs/remotes/origin/main [3ms]
2024-10-07 16:02:05.849 [info] > git config --get commit.template [12ms]
2024-10-07 16:02:05.850 [info] > git for-each-ref --format=%(refname)%00%(upstream:short)%00%(objectname)%00%(upstream:track)%00%(upstream:remotename)%00%(upstream:remoteref) refs/heads/main refs/remotes/main [2ms]
2024-10-07 16:02:05.868 [info] > git status -z -uall [5ms]
2024-10-07 16:02:05.885 [info] > git for-each-ref --format=%(refname)%00%(upstream:short)%00%(objectname)%00%(upstream:track)%00%(upstream:remotename)%00%(upstream:remoteref) refs/heads/main refs/remotes/main [2ms]
2024-10-07 16:02:05.906 [info] > git config --local branch.main.vscode-merge-base [3ms]
2024-10-07 16:02:05.913 [info] > git for-each-ref --format=%(refname)%00%(upstream:short)%00%(objectname)%00%(upstream:track)%00%(upstream:remotename)%00%(upstream:remoteref) refs/heads/origin/main refs/remotes/origin/main [3ms]
2024-10-07 16:02:10.896 [info] > git config --get commit.template [6ms]
2024-10-07 16:02:10.899 [info] > git for-each-ref --format=%(refname)%00%(upstream:short)%00%(objectname)%00%(upstream:track)%00%(upstream:remotename)%00%(upstream:remoteref) refs/heads/main refs/remotes/main [4ms]
2024-10-07 16:02:10.905 [info] > git status -z -uall [3ms]
2024-10-07 16:02:10.918 [info] > git for-each-ref --format=%(refname)%00%(upstream:short)%00%(objectname)%00%(upstream:track)%00%(upstream:remotename)%00%(upstream:remoteref) refs/heads/main refs/remotes/main [6ms]
2024-10-07 16:02:10.925 [info] > git config --local branch.main.vscode-merge-base [2ms]
2024-10-07 16:02:10.932 [info] > git for-each-ref --format=%(refname)%00%(upstream:short)%00%(objectname)%00%(upstream:track)%00%(upstream:remotename)%00%(upstream:remoteref) refs/heads/origin/main refs/remotes/origin/main [2ms]
2024-10-07 16:02:15.922 [info] > git config --get commit.template [5ms]
2024-10-07 16:02:15.925 [info] > git for-each-ref --format=%(refname)%00%(upstream:short)%00%(objectname)%00%(upstream:track)%00%(upstream:remotename)%00%(upstream:remoteref) refs/heads/main refs/remotes/main [3ms]
2024-10-07 16:02:15.933 [info] > git status -z -uall [4ms]
2024-10-07 16:02:15.943 [info] > git for-each-ref --format=%(refname)%00%(upstream:short)%00%(objectname)%00%(upstream:track)%00%(upstream:remotename)%00%(upstream:remoteref) refs/heads/main refs/remotes/main [5ms]
2024-10-07 16:02:15.949 [info] > git config --local branch.main.vscode-merge-base [2ms]
2024-10-07 16:02:15.958 [info] > git for-each-ref --format=%(refname)%00%(upstream:short)%00%(objectname)%00%(upstream:track)%00%(upstream:remotename)%00%(upstream:remoteref) refs/heads/origin/main refs/remotes/origin/main [4ms]
2024-10-07 16:02:20.963 [info] > git config --get commit.template [9ms]
2024-10-07 16:02:20.972 [info] > git for-each-ref --format=%(refname)%00%(upstream:short)%00%(objectname)%00%(upstream:track)%00%(upstream:remotename)%00%(upstream:remoteref) refs/heads/main refs/remotes/main [4ms]
2024-10-07 16:02:20.981 [info] > git status -z -uall [4ms]
2024-10-07 16:02:20.990 [info] > git for-each-ref --format=%(refname)%00%(upstream:short)%00%(objectname)%00%(upstream:track)%00%(upstream:remotename)%00%(upstream:remoteref) refs/heads/main refs/remotes/main [5ms]
2024-10-07 16:02:20.996 [info] > git config --local branch.main.vscode-merge-base [2ms]
2024-10-07 16:02:21.002 [info] > git for-each-ref --format=%(refname)%00%(upstream:short)%00%(objectname)%00%(upstream:track)%00%(upstream:remotename)%00%(upstream:remoteref) refs/heads/origin/main refs/remotes/origin/main [3ms]
2024-10-07 16:02:30.224 [info] > git config --get commit.template [12ms]
2024-10-07 16:02:30.229 [info] > git for-each-ref --format=%(refname)%00%(upstream:short)%00%(objectname)%00%(upstream:track)%00%(upstream:remotename)%00%(upstream:remoteref) refs/heads/main refs/remotes/main [6ms]
2024-10-07 16:02:30.245 [info] > git status -z -uall [5ms]
2024-10-07 16:02:30.265 [info] > git for-each-ref --format=%(refname)%00%(upstream:short)%00%(objectname)%00%(upstream:track)%00%(upstream:remotename)%00%(upstream:remoteref) refs/heads/main refs/remotes/main [8ms]
2024-10-07 16:02:30.271 [info] > git config --local branch.main.vscode-merge-base [1ms]
2024-10-07 16:02:30.278 [info] > git for-each-ref --format=%(refname)%00%(upstream:short)%00%(objectname)%00%(upstream:track)%00%(upstream:remotename)%00%(upstream:remoteref) refs/heads/origin/main refs/remotes/origin/main [2ms]
2024-10-07 16:04:02.147 [info] > git config --get commit.template [5ms]
2024-10-07 16:04:02.151 [info] > git for-each-ref --format=%(refname)%00%(upstream:short)%00%(objectname)%00%(upstream:track)%00%(upstream:remotename)%00%(upstream:remoteref) refs/heads/ejercicio1-branch refs/remotes/ejercicio1-branch [5ms]
2024-10-07 16:04:02.157 [info] > git status -z -uall [2ms]
2024-10-07 16:04:02.166 [info] > git for-each-ref --format=%(refname)%00%(upstream:short)%00%(objectname)%00%(upstream:track)%00%(upstream:remotename)%00%(upstream:remoteref) refs/heads/ejercicio1-branch refs/remotes/ejercicio1-branch [4ms]
2024-10-07 16:04:02.171 [info] > git config --local branch.ejercicio1-branch.vscode-merge-base [2ms]
2024-10-07 16:04:02.171 [warning] [Git][config] git config failed: Failed to execute git
2024-10-07 16:04:02.176 [info] > git reflog ejercicio1-branch --grep-reflog=branch: Created from *. [2ms]
2024-10-07 16:04:02.182 [info] > git reflog HEAD --grep-reflog=checkout: moving from .* to ejercicio1-branch [2ms]
2024-10-07 16:04:02.189 [info] > git for-each-ref --format=%(refname)%00%(upstream:short)%00%(objectname)%00%(upstream:track)%00%(upstream:remotename)%00%(upstream:remoteref) refs/heads/main refs/remotes/main [4ms]
2024-10-07 16:04:02.196 [info] > git for-each-ref --format=%(refname)%00%(upstream:short)%00%(objectname)%00%(upstream:track)%00%(upstream:remotename)%00%(upstream:remoteref) refs/remotes/origin/main [3ms]
2024-10-07 16:04:02.201 [info] > git config --local branch.ejercicio1-branch.vscode-merge-base origin/main [2ms]
2024-10-07 16:04:02.212 [info] > git config --get commit.template [6ms]
2024-10-07 16:04:02.214 [info] > git for-each-ref --format=%(refname)%00%(upstream:short)%00%(objectname)%00%(upstream:track)%00%(upstream:remotename)%00%(upstream:remoteref) refs/heads/ejercicio1-branch refs/remotes/ejercicio1-branch [3ms]
2024-10-07 16:04:02.222 [info] > git status -z -uall [4ms]
2024-10-07 16:04:02.229 [info] > git for-each-ref --format=%(refname)%00%(upstream:short)%00%(objectname)%00%(upstream:track)%00%(upstream:remotename)%00%(upstream:remoteref) refs/heads/ejercicio1-branch refs/remotes/ejercicio1-branch [3ms]
2024-10-07 16:04:02.235 [info] > git config --local branch.ejercicio1-branch.vscode-merge-base [2ms]
2024-10-07 16:04:02.240 [info] > git for-each-ref --format=%(refname)%00%(upstream:short)%00%(objectname)%00%(upstream:track)%00%(upstream:remotename)%00%(upstream:remoteref) refs/heads/origin/main refs/remotes/origin/main [2ms]
2024-10-07 16:04:03.357 [info] > git config --get commit.template [14ms]
2024-10-07 16:04:03.358 [info] > git for-each-ref --format=%(refname)%00%(upstream:short)%00%(objectname)%00%(upstream:track)%00%(upstream:remotename)%00%(upstream:remoteref) refs/heads/ejercicio1-branch refs/remotes/ejercicio1-branch [4ms]
2024-10-07 16:04:03.372 [info] > git status -z -uall [5ms]
2024-10-07 16:04:03.393 [info] > git for-each-ref --format=%(refname)%00%(upstream:short)%00%(objectname)%00%(upstream:track)%00%(upstream:remotename)%00%(upstream:remoteref) refs/heads/ejercicio1-branch refs/remotes/ejercicio1-branch [9ms]
2024-10-07 16:04:03.401 [info] > git config --local branch.ejercicio1-branch.vscode-merge-base [2ms]
2024-10-07 16:04:03.408 [info] > git for-each-ref --format=%(refname)%00%(upstream:short)%00%(objectname)%00%(upstream:track)%00%(upstream:remotename)%00%(upstream:remoteref) refs/heads/origin/main refs/remotes/origin/main [1ms]
2024-10-07 16:04:03.435 [info] > git ls-files --stage -- /home/pro/Escritorio/git/ejercicio1-branch/README.md [1ms]
2024-10-07 16:04:03.440 [info] > git cat-file -s f2ee01114ce8ce912f84474165dca9523d81b3da [1ms]
2024-10-07 16:04:03.447 [info] > git show --textconv :README.md [1ms]
2024-10-07 16:04:34.998 [info] > git config --get commit.template [1ms]
2024-10-07 16:04:35.015 [info] > git for-each-ref --format=%(refname)%00%(upstream:short)%00%(objectname)%00%(upstream:track)%00%(upstream:remotename)%00%(upstream:remoteref) refs/heads/ejercicio1-branch refs/remotes/ejercicio1-branch [1ms]
2024-10-07 16:04:35.037 [info] > git status -z -uall [8ms]
2024-10-07 16:04:35.054 [info] > git for-each-ref --format=%(refname)%00%(upstream:short)%00%(objectname)%00%(upstream:track)%00%(upstream:remotename)%00%(upstream:remoteref) refs/heads/ejercicio1-branch refs/remotes/ejercicio1-branch [6ms]
2024-10-07 16:04:35.082 [info] > git config --local branch.ejercicio1-branch.vscode-merge-base [11ms]
2024-10-07 16:04:35.098 [info] > git for-each-ref --format=%(refname)%00%(upstream:short)%00%(objectname)%00%(upstream:track)%00%(upstream:remotename)%00%(upstream:remoteref) refs/heads/origin/main refs/remotes/origin/main [8ms]
2024-10-07 16:05:55.068 [info] > git check-ignore -v -z --stdin [902ms]
2024-10-07 16:05:55.069 [info] > git config --get commit.template [225ms]
2024-10-07 16:05:55.174 [info] > git show --textconv :ejercicio1.java [101ms]
2024-10-07 16:05:55.175 [info] > git ls-files --stage -- /home/pro/Escritorio/git/ejercicio1-branch/ejercicio1.java [90ms]
2024-10-07 16:05:55.343 [info] > git for-each-ref --format=%(refname)%00%(upstream:short)%00%(objectname)%00%(upstream:track)%00%(upstream:remotename)%00%(upstream:remoteref) refs/heads/ejercicio1-branch refs/remotes/ejercicio1-branch [126ms]
2024-10-07 16:05:55.406 [info] > git status -z -uall [39ms]
2024-10-07 16:05:55.459 [info] > git for-each-ref --format=%(refname)%00%(upstream:short)%00%(objectname)%00%(upstream:track)%00%(upstream:remotename)%00%(upstream:remoteref) refs/heads/ejercicio1-branch refs/remotes/ejercicio1-branch [24ms]
2024-10-07 16:05:55.518 [info] > git config --local branch.ejercicio1-branch.vscode-merge-base [47ms]
2024-10-07 16:05:55.553 [info] > git for-each-ref --format=%(refname)%00%(upstream:short)%00%(objectname)%00%(upstream:track)%00%(upstream:remotename)%00%(upstream:remoteref) refs/heads/origin/main refs/remotes/origin/main [30ms]
2024-10-07 16:06:00.457 [info] > git config --get commit.template [10ms]
2024-10-07 16:06:00.467 [info] > git for-each-ref --format=%(refname)%00%(upstream:short)%00%(objectname)%00%(upstream:track)%00%(upstream:remotename)%00%(upstream:remoteref) refs/heads/ejercicio1-branch refs/remotes/ejercicio1-branch [10ms]
2024-10-07 16:06:00.506 [info] > git status -z -uall [15ms]
2024-10-07 16:06:00.531 [info] > git for-each-ref --format=%(refname)%00%(upstream:short)%00%(objectname)%00%(upstream:track)%00%(upstream:remotename)%00%(upstream:remoteref) refs/heads/ejercicio1-branch refs/remotes/ejercicio1-branch [9ms]
2024-10-07 16:06:00.556 [info] > git config --local branch.ejercicio1-branch.vscode-merge-base [6ms]
2024-10-07 16:06:00.589 [info] > git for-each-ref --format=%(refname)%00%(upstream:short)%00%(objectname)%00%(upstream:track)%00%(upstream:remotename)%00%(upstream:remoteref) refs/heads/origin/main refs/remotes/origin/main [21ms]
2024-10-07 16:06:03.973 [info] > git log --format=%H%n%aN%n%aE%n%at%n%ct%n%P%n%D%n%B -z --shortstat --diff-merges=first-parent -n50 --skip=0 --topo-order --decorate=full 7ac1b07828f4e67dbcaa8302a2f2d6b60070ab51 [22ms]
2024-10-07 16:06:05.623 [info] > git log --format=%H%n%aN%n%aE%n%at%n%ct%n%P%n%D%n%B -z --shortstat --diff-merges=first-parent -n50 --skip=0 --topo-order --decorate=full 7ac1b07828f4e67dbcaa8302a2f2d6b60070ab51 [3ms]
2024-10-07 16:06:32.372 [info] > git config --get commit.template [2ms]
2024-10-07 16:06:32.387 [info] > git for-each-ref --format=%(refname)%00%(upstream:short)%00%(objectname)%00%(upstream:track)%00%(upstream:remotename)%00%(upstream:remoteref) refs/heads/ejercicio1-branch refs/remotes/ejercicio1-branch [6ms]
2024-10-07 16:06:32.410 [info] > git status -z -uall [2ms]
2024-10-07 16:06:32.428 [info] > git for-each-ref --format=%(refname)%00%(upstream:short)%00%(objectname)%00%(upstream:track)%00%(upstream:remotename)%00%(upstream:remoteref) refs/heads/ejercicio1-branch refs/remotes/ejercicio1-branch [3ms]
2024-10-07 16:06:32.443 [info] > git config --local branch.ejercicio1-branch.vscode-merge-base [6ms]
2024-10-07 16:06:32.457 [info] > git for-each-ref --format=%(refname)%00%(upstream:short)%00%(objectname)%00%(upstream:track)%00%(upstream:remotename)%00%(upstream:remoteref) refs/heads/origin/main refs/remotes/origin/main [7ms]
2024-10-07 16:07:07.267 [info] > git config --get commit.template [8ms]
2024-10-07 16:07:07.272 [info] > git for-each-ref --format=%(refname)%00%(upstream:short)%00%(objectname)%00%(upstream:track)%00%(upstream:remotename)%00%(upstream:remoteref) refs/heads/ejercicio1-branch refs/remotes/ejercicio1-branch [5ms]
2024-10-07 16:07:07.278 [info] > git status -z -uall [3ms]
2024-10-07 16:07:07.286 [info] > git for-each-ref --format=%(refname)%00%(upstream:short)%00%(objectname)%00%(upstream:track)%00%(upstream:remotename)%00%(upstream:remoteref) refs/heads/ejercicio1-branch refs/remotes/ejercicio1-branch [4ms]
2024-10-07 16:07:07.307 [info] > git config --local branch.ejercicio1-branch.vscode-merge-base [16ms]
2024-10-07 16:07:07.327 [info] > git for-each-ref --format=%(refname)%00%(upstream:short)%00%(objectname)%00%(upstream:track)%00%(upstream:remotename)%00%(upstream:remoteref) refs/heads/origin/main refs/remotes/origin/main [14ms]
2024-10-07 16:07:08.300 [info] > git config --get commit.template [2ms]
2024-10-07 16:07:08.306 [info] > git for-each-ref --format=%(refname)%00%(upstream:short)%00%(objectname)%00%(upstream:track)%00%(upstream:remotename)%00%(upstream:remoteref) refs/heads/ejercicio1-branch refs/remotes/ejercicio1-branch [2ms]
2024-10-07 16:07:08.313 [info] > git status -z -uall [3ms]
2024-10-07 16:07:08.321 [info] > git for-each-ref --format=%(refname)%00%(upstream:short)%00%(objectname)%00%(upstream:track)%00%(upstream:remotename)%00%(upstream:remoteref) refs/heads/ejercicio1-branch refs/remotes/ejercicio1-branch [3ms]
2024-10-07 16:07:08.327 [info] > git config --local branch.ejercicio1-branch.vscode-merge-base [1ms]
2024-10-07 16:07:08.335 [info] > git for-each-ref --format=%(refname)%00%(upstream:short)%00%(objectname)%00%(upstream:track)%00%(upstream:remotename)%00%(upstream:remoteref) refs/heads/origin/main refs/remotes/origin/main [2ms]
2024-10-07 16:07:08.433 [info] > git ls-files --stage -- /home/pro/Escritorio/git/ejercicio1-branch/ejercicio1.java [6ms]
2024-10-07 16:07:08.445 [info] > git cat-file -s 4233878164ef710c0e490b1ac70a470944628a0d [3ms]
2024-10-07 16:07:08.457 [info] > git show --textconv :ejercicio1.java [2ms]
2024-10-07 16:07:31.943 [info] > git config --get commit.template [5ms]
2024-10-07 16:07:31.947 [info] > git for-each-ref --format=%(refname)%00%(upstream:short)%00%(objectname)%00%(upstream:track)%00%(upstream:remotename)%00%(upstream:remoteref) refs/heads/ejercicio1-branch refs/remotes/ejercicio1-branch [4ms]
2024-10-07 16:07:31.959 [info] > git status -z -uall [2ms]
2024-10-07 16:07:31.974 [info] > git for-each-ref --format=%(refname)%00%(upstream:short)%00%(objectname)%00%(upstream:track)%00%(upstream:remotename)%00%(upstream:remoteref) refs/heads/ejercicio1-branch refs/remotes/ejercicio1-branch [11ms]
2024-10-07 16:07:31.986 [info] > git config --local branch.ejercicio1-branch.vscode-merge-base [2ms]
2024-10-07 16:07:31.993 [info] > git for-each-ref --format=%(refname)%00%(upstream:short)%00%(objectname)%00%(upstream:track)%00%(upstream:remotename)%00%(upstream:remoteref) refs/heads/origin/main refs/remotes/origin/main [2ms]
2024-10-07 16:07:34.790 [info] > git log --format=%H%n%aN%n%aE%n%at%n%ct%n%P%n%D%n%B -z --shortstat --diff-merges=first-parent -n50 --skip=0 --topo-order --decorate=full 7ac1b07828f4e67dbcaa8302a2f2d6b60070ab51 [3ms]
2024-10-07 16:07:34.831 [info] > git log --format=%H%n%aN%n%aE%n%at%n%ct%n%P%n%D%n%B -z --shortstat --diff-merges=first-parent -n50 --skip=0 --topo-order --decorate=full 7ac1b07828f4e67dbcaa8302a2f2d6b60070ab51 [8ms]
2024-10-07 16:08:20.135 [info] > git config --get commit.template [7ms]
2024-10-07 16:08:20.144 [info] > git for-each-ref --format=%(refname)%00%(upstream:short)%00%(objectname)%00%(upstream:track)%00%(upstream:remotename)%00%(upstream:remoteref) refs/heads/ejercicio1-branch refs/remotes/ejercicio1-branch [11ms]
2024-10-07 16:08:20.152 [info] > git status -z -uall [3ms]
2024-10-07 16:08:20.178 [info] > git for-each-ref --format=%(refname)%00%(upstream:short)%00%(objectname)%00%(upstream:track)%00%(upstream:remotename)%00%(upstream:remoteref) refs/heads/ejercicio1-branch refs/remotes/ejercicio1-branch [21ms]
2024-10-07 16:08:20.184 [info] > git config --local branch.ejercicio1-branch.vscode-merge-base [2ms]
2024-10-07 16:08:20.190 [info] > git for-each-ref --format=%(refname)%00%(upstream:short)%00%(objectname)%00%(upstream:track)%00%(upstream:remotename)%00%(upstream:remoteref) refs/heads/origin/main refs/remotes/origin/main [2ms]
2024-10-07 16:08:21.236 [info] > git config --get commit.template [14ms]
2024-10-07 16:08:21.241 [info] > git for-each-ref --format=%(refname)%00%(upstream:short)%00%(objectname)%00%(upstream:track)%00%(upstream:remotename)%00%(upstream:remoteref) refs/heads/ejercicio1-branch refs/remotes/ejercicio1-branch [8ms]
2024-10-07 16:08:21.259 [info] > git status -z -uall [6ms]
2024-10-07 16:08:21.274 [info] > git for-each-ref --format=%(refname)%00%(upstream:short)%00%(objectname)%00%(upstream:track)%00%(upstream:remotename)%00%(upstream:remoteref) refs/heads/ejercicio1-branch refs/remotes/ejercicio1-branch [8ms]
2024-10-07 16:08:21.283 [info] > git config --local branch.ejercicio1-branch.vscode-merge-base [3ms]
2024-10-07 16:08:21.293 [info] > git for-each-ref --format=%(refname)%00%(upstream:short)%00%(objectname)%00%(upstream:track)%00%(upstream:remotename)%00%(upstream:remoteref) refs/heads/origin/main refs/remotes/origin/main [3ms]
2024-10-07 16:08:21.343 [info] > git ls-files --stage -- /home/pro/Escritorio/git/ejercicio1-branch/ejercicio1.java [3ms]
2024-10-07 16:08:21.348 [info] > git cat-file -s 4233878164ef710c0e490b1ac70a470944628a0d [1ms]
2024-10-07 16:08:21.358 [info] > git show --textconv :ejercicio1.java [3ms]
2024-10-07 16:08:48.055 [info] > git log --format=%H%n%aN%n%aE%n%at%n%ct%n%P%n%D%n%B -z --shortstat --diff-merges=first-parent -n50 --skip=0 --topo-order --decorate=full 4942f9acfe2fc1ae9d5c0bd133c0d2fa978046b7 7ac1b07828f4e67dbcaa8302a2f2d6b60070ab51 [5ms]
2024-10-07 16:08:48.118 [info] > git log --format=%H%n%aN%n%aE%n%at%n%ct%n%P%n%D%n%B -z --shortstat --diff-merges=first-parent -n50 --skip=0 --topo-order --decorate=full 4942f9acfe2fc1ae9d5c0bd133c0d2fa978046b7 7ac1b07828f4e67dbcaa8302a2f2d6b60070ab51 [17ms]
2024-10-07 16:09:03.802 [info] > git show --textconv :README.md [30ms]
2024-10-07 16:09:03.820 [info] > git ls-files --stage -- /home/pro/Escritorio/git/ejercicio1-branch/README.md [19ms]
2024-10-07 16:09:03.852 [info] > git cat-file -s f2ee01114ce8ce912f84474165dca9523d81b3da [14ms]
2024-10-07 16:11:00.282 [info] > git show --textconv :ejercicio1.java [13ms]
2024-10-07 16:11:00.289 [info] > git ls-files --stage -- /home/pro/Escritorio/git/ejercicio1-branch/ejercicio1.java [8ms]
2024-10-07 16:11:00.303 [info] > git cat-file -s 4233878164ef710c0e490b1ac70a470944628a0d [6ms]
2024-10-07 16:12:26.016 [info] > git config --get commit.template [5ms]
2024-10-07 16:12:26.019 [info] > git for-each-ref --format=%(refname)%00%(upstream:short)%00%(objectname)%00%(upstream:track)%00%(upstream:remotename)%00%(upstream:remoteref) refs/heads/ejercicio1-branch refs/remotes/ejercicio1-branch [4ms]
2024-10-07 16:12:26.025 [info] > git status -z -uall [3ms]
2024-10-07 16:12:26.032 [info] > git for-each-ref --format=%(refname)%00%(upstream:short)%00%(objectname)%00%(upstream:track)%00%(upstream:remotename)%00%(upstream:remoteref) refs/heads/ejercicio1-branch refs/remotes/ejercicio1-branch [3ms]
2024-10-07 16:12:26.046 [info] > git config --local branch.ejercicio1-branch.vscode-merge-base [9ms]
2024-10-07 16:12:26.056 [info] > git for-each-ref --format=%(refname)%00%(upstream:short)%00%(objectname)%00%(upstream:track)%00%(upstream:remotename)%00%(upstream:remoteref) refs/heads/origin/main refs/remotes/origin/main [5ms]
2024-10-07 16:12:27.084 [info] > git config --get commit.template [5ms]
2024-10-07 16:12:27.086 [info] > git for-each-ref --format=%(refname)%00%(upstream:short)%00%(objectname)%00%(upstream:track)%00%(upstream:remotename)%00%(upstream:remoteref) refs/heads/ejercicio1-branch refs/remotes/ejercicio1-branch [3ms]
2024-10-07 16:12:27.092 [info] > git status -z -uall [3ms]
2024-10-07 16:12:27.099 [info] > git for-each-ref --format=%(refname)%00%(upstream:short)%00%(objectname)%00%(upstream:track)%00%(upstream:remotename)%00%(upstream:remoteref) refs/heads/ejercicio1-branch refs/remotes/ejercicio1-branch [4ms]
2024-10-07 16:12:27.104 [info] > git config --local branch.ejercicio1-branch.vscode-merge-base [1ms]
2024-10-07 16:12:27.109 [info] > git for-each-ref --format=%(refname)%00%(upstream:short)%00%(objectname)%00%(upstream:track)%00%(upstream:remotename)%00%(upstream:remoteref) refs/heads/origin/main refs/remotes/origin/main [2ms]
2024-10-07 16:12:27.189 [info] > git ls-files --stage -- /home/pro/Escritorio/git/ejercicio1-branch/ejercicio1.java [3ms]
2024-10-07 16:12:27.204 [info] > git cat-file -s 4233878164ef710c0e490b1ac70a470944628a0d [6ms]
2024-10-07 16:12:27.219 [info] > git show --textconv :ejercicio1.java [4ms]
2024-10-07 16:13:29.287 [info] > git for-each-ref --format=%(refname)%00%(upstream:short)%00%(objectname)%00%(upstream:track)%00%(upstream:remotename)%00%(upstream:remoteref) refs/heads/ejercicio1-branch refs/remotes/ejercicio1-branch [0ms]
2024-10-07 16:13:29.288 [info] > git config --get commit.template [8ms]
2024-10-07 16:13:29.302 [info] > git status -z -uall [2ms]
2024-10-07 16:13:29.310 [info] > git for-each-ref --format=%(refname)%00%(upstream:short)%00%(objectname)%00%(upstream:track)%00%(upstream:remotename)%00%(upstream:remoteref) refs/heads/ejercicio1-branch refs/remotes/ejercicio1-branch [3ms]
2024-10-07 16:13:29.317 [info] > git config --local branch.ejercicio1-branch.vscode-merge-base [3ms]
2024-10-07 16:13:29.323 [info] > git for-each-ref --format=%(refname)%00%(upstream:short)%00%(objectname)%00%(upstream:track)%00%(upstream:remotename)%00%(upstream:remoteref) refs/heads/origin/main refs/remotes/origin/main [1ms]
2024-10-07 16:14:09.402 [info] > git config --get commit.template [6ms]
2024-10-07 16:14:09.404 [info] > git for-each-ref --format=%(refname)%00%(upstream:short)%00%(objectname)%00%(upstream:track)%00%(upstream:remotename)%00%(upstream:remoteref) refs/heads/main refs/remotes/main [2ms]
2024-10-07 16:14:09.411 [info] > git status -z -uall [2ms]
2024-10-07 16:14:09.430 [info] > git for-each-ref --format=%(refname)%00%(upstream:short)%00%(objectname)%00%(upstream:track)%00%(upstream:remotename)%00%(upstream:remoteref) refs/heads/main refs/remotes/main [13ms]
2024-10-07 16:14:09.441 [info] > git config --local branch.main.vscode-merge-base [1ms]
2024-10-07 16:14:09.447 [info] > git for-each-ref --format=%(refname)%00%(upstream:short)%00%(objectname)%00%(upstream:track)%00%(upstream:remotename)%00%(upstream:remoteref) refs/heads/origin/main refs/remotes/origin/main [1ms]
2024-10-07 16:14:09.470 [info] > git merge-base refs/heads/main refs/remotes/origin/main [3ms]
2024-10-07 16:14:09.479 [info] > git rev-list --count --left-right refs/heads/main...refs/remotes/origin/main [5ms]
2024-10-07 16:14:09.486 [info] > git diff --name-status -z --diff-filter=ADMR 7ac1b07828f4e67dbcaa8302a2f2d6b60070ab51...refs/remotes/origin/main [3ms]
2024-10-07 16:14:10.515 [info] > git for-each-ref --format=%(refname)%00%(upstream:short)%00%(objectname)%00%(upstream:track)%00%(upstream:remotename)%00%(upstream:remoteref) refs/heads/main refs/remotes/main [4ms]
2024-10-07 16:14:10.515 [info] > git config --get commit.template [8ms]
2024-10-07 16:14:10.521 [info] > git status -z -uall [2ms]
2024-10-07 16:14:10.532 [info] > git for-each-ref --format=%(refname)%00%(upstream:short)%00%(objectname)%00%(upstream:track)%00%(upstream:remotename)%00%(upstream:remoteref) refs/heads/main refs/remotes/main [4ms]
2024-10-07 16:14:10.539 [info] > git config --local branch.main.vscode-merge-base [2ms]
2024-10-07 16:14:10.545 [info] > git for-each-ref --format=%(refname)%00%(upstream:short)%00%(objectname)%00%(upstream:track)%00%(upstream:remotename)%00%(upstream:remoteref) refs/heads/origin/main refs/remotes/origin/main [2ms]
2024-10-07 16:14:10.620 [info] > git ls-files --stage -- /home/pro/Escritorio/git/ejercicio1-branch/ejercicio1.java [10ms]
2024-10-07 16:14:10.635 [info] > git show --textconv :ejercicio1.java [3ms]
2024-10-07 16:14:27.423 [info] > git config --get commit.template [0ms]
2024-10-07 16:14:27.436 [info] > git for-each-ref --format=%(refname)%00%(upstream:short)%00%(objectname)%00%(upstream:track)%00%(upstream:remotename)%00%(upstream:remoteref) refs/heads/main refs/remotes/main [2ms]
2024-10-07 16:14:27.443 [info] > git status -z -uall [2ms]
2024-10-07 16:14:27.451 [info] > git for-each-ref --format=%(refname)%00%(upstream:short)%00%(objectname)%00%(upstream:track)%00%(upstream:remotename)%00%(upstream:remoteref) refs/heads/main refs/remotes/main [3ms]
2024-10-07 16:14:27.458 [info] > git config --local branch.main.vscode-merge-base [1ms]
2024-10-07 16:14:27.464 [info] > git for-each-ref --format=%(refname)%00%(upstream:short)%00%(objectname)%00%(upstream:track)%00%(upstream:remotename)%00%(upstream:remoteref) refs/heads/origin/main refs/remotes/origin/main [2ms]
2024-10-07 16:14:28.492 [info] > git config --get commit.template [5ms]
2024-10-07 16:14:28.494 [info] > git for-each-ref --format=%(refname)%00%(upstream:short)%00%(objectname)%00%(upstream:track)%00%(upstream:remotename)%00%(upstream:remoteref) refs/heads/main refs/remotes/main [3ms]
2024-10-07 16:14:28.500 [info] > git status -z -uall [2ms]
2024-10-07 16:14:28.510 [info] > git for-each-ref --format=%(refname)%00%(upstream:short)%00%(objectname)%00%(upstream:track)%00%(upstream:remotename)%00%(upstream:remoteref) refs/heads/main refs/remotes/main [4ms]
2024-10-07 16:14:28.516 [info] > git config --local branch.main.vscode-merge-base [1ms]
2024-10-07 16:14:28.522 [info] > git for-each-ref --format=%(refname)%00%(upstream:short)%00%(objectname)%00%(upstream:track)%00%(upstream:remotename)%00%(upstream:remoteref) refs/heads/origin/main refs/remotes/origin/main [1ms]
2024-10-07 16:14:28.599 [info] > git ls-files --stage -- /home/pro/Escritorio/git/ejercicio1-branch/ejercicio1.java [2ms]
2024-10-07 16:14:28.606 [info] > git show --textconv :ejercicio1.java [2ms]
2024-10-07 16:14:56.168 [info] > git config --get commit.template [5ms]
2024-10-07 16:14:56.171 [info] > git for-each-ref --format=%(refname)%00%(upstream:short)%00%(objectname)%00%(upstream:track)%00%(upstream:remotename)%00%(upstream:remoteref) refs/heads/main refs/remotes/main [3ms]
2024-10-07 16:14:56.179 [info] > git status -z -uall [1ms]
2024-10-07 16:14:56.198 [info] > git for-each-ref --format=%(refname)%00%(upstream:short)%00%(objectname)%00%(upstream:track)%00%(upstream:remotename)%00%(upstream:remoteref) refs/heads/main refs/remotes/main [12ms]
2024-10-07 16:14:56.206 [info] > git config --local branch.main.vscode-merge-base [2ms]
2024-10-07 16:14:56.214 [info] > git for-each-ref --format=%(refname)%00%(upstream:short)%00%(objectname)%00%(upstream:track)%00%(upstream:remotename)%00%(upstream:remoteref) refs/heads/origin/main refs/remotes/origin/main [3ms]
2024-10-07 16:14:56.223 [info] > git merge-base refs/heads/main refs/remotes/origin/main [5ms]
2024-10-07 16:14:56.233 [info] > git rev-list --count --left-right refs/heads/main...refs/remotes/origin/main [3ms]
2024-10-07 16:14:56.239 [info] > git diff --name-status -z --diff-filter=ADMR 7ac1b07828f4e67dbcaa8302a2f2d6b60070ab51...refs/remotes/origin/main [2ms]
2024-10-07 16:14:57.235 [info] > git config --get commit.template [2ms]
2024-10-07 16:14:57.252 [info] > git for-each-ref --format=%(refname)%00%(upstream:short)%00%(objectname)%00%(upstream:track)%00%(upstream:remotename)%00%(upstream:remoteref) refs/heads/main refs/remotes/main [0ms]
2024-10-07 16:14:57.269 [info] > git status -z -uall [6ms]
2024-10-07 16:14:57.289 [info] > git for-each-ref --format=%(refname)%00%(upstream:short)%00%(objectname)%00%(upstream:track)%00%(upstream:remotename)%00%(upstream:remoteref) refs/heads/main refs/remotes/main [3ms]
2024-10-07 16:14:57.302 [info] > git config --local branch.main.vscode-merge-base [1ms]
2024-10-07 16:14:57.315 [info] > git for-each-ref --format=%(refname)%00%(upstream:short)%00%(objectname)%00%(upstream:track)%00%(upstream:remotename)%00%(upstream:remoteref) refs/heads/origin/main refs/remotes/origin/main [5ms]
2024-10-07 16:14:57.335 [info] > git ls-files --stage -- /home/pro/Escritorio/git/ejercicio1-branch/ejercicio1.java [4ms]
2024-10-07 16:14:57.357 [info] > git cat-file -s 4233878164ef710c0e490b1ac70a470944628a0d [2ms]
2024-10-07 16:14:57.364 [info] > git show --textconv :ejercicio1.java [2ms]
2024-10-07 16:15:17.303 [info] > git config --get commit.template [5ms]
2024-10-07 16:15:17.306 [info] > git for-each-ref --format=%(refname)%00%(upstream:short)%00%(objectname)%00%(upstream:track)%00%(upstream:remotename)%00%(upstream:remoteref) refs/heads/main refs/remotes/main [3ms]
2024-10-07 16:15:17.315 [info] > git status -z -uall [2ms]
2024-10-07 16:15:17.323 [info] > git for-each-ref --format=%(refname)%00%(upstream:short)%00%(objectname)%00%(upstream:track)%00%(upstream:remotename)%00%(upstream:remoteref) refs/heads/main refs/remotes/main [4ms]
2024-10-07 16:15:17.332 [info] > git config --local branch.main.vscode-merge-base [2ms]
2024-10-07 16:15:17.338 [info] > git for-each-ref --format=%(refname)%00%(upstream:short)%00%(objectname)%00%(upstream:track)%00%(upstream:remotename)%00%(upstream:remoteref) refs/heads/origin/main refs/remotes/origin/main [2ms]
2024-10-07 16:15:17.345 [info] > git merge-base refs/heads/main refs/remotes/origin/main [2ms]
2024-10-07 16:15:17.351 [info] > git rev-list --count --left-right refs/heads/main...refs/remotes/origin/main [2ms]
2024-10-07 16:15:17.363 [info] > git diff --name-status -z --diff-filter=ADMR 4942f9acfe2fc1ae9d5c0bd133c0d2fa978046b7...refs/remotes/origin/main [2ms]
2024-10-07 16:15:18.390 [info] > git config --get commit.template [13ms]
2024-10-07 16:15:18.393 [info] > git for-each-ref --format=%(refname)%00%(upstream:short)%00%(objectname)%00%(upstream:track)%00%(upstream:remotename)%00%(upstream:remoteref) refs/heads/main refs/remotes/main [5ms]
2024-10-07 16:15:18.407 [info] > git status -z -uall [2ms]
2024-10-07 16:15:18.415 [info] > git for-each-ref --format=%(refname)%00%(upstream:short)%00%(objectname)%00%(upstream:track)%00%(upstream:remotename)%00%(upstream:remoteref) refs/heads/main refs/remotes/main [4ms]
2024-10-07 16:15:18.421 [info] > git config --local branch.main.vscode-merge-base [2ms]
2024-10-07 16:15:18.427 [info] > git for-each-ref --format=%(refname)%00%(upstream:short)%00%(objectname)%00%(upstream:track)%00%(upstream:remotename)%00%(upstream:remoteref) refs/heads/origin/main refs/remotes/origin/main [2ms]
2024-10-07 16:15:18.468 [info] > git ls-files --stage -- /home/pro/Escritorio/git/ejercicio1-branch/ejercicio1.java [1ms]
2024-10-07 16:15:18.473 [info] > git cat-file -s 4233878164ef710c0e490b1ac70a470944628a0d [2ms]
2024-10-07 16:15:18.479 [info] > git show --textconv :ejercicio1.java [1ms]
2024-10-07 16:17:41.042 [info] > git config --get commit.template [2ms]
2024-10-07 16:17:41.049 [info] > git for-each-ref --format=%(refname)%00%(upstream:short)%00%(objectname)%00%(upstream:track)%00%(upstream:remotename)%00%(upstream:remoteref) refs/heads/main refs/remotes/main [3ms]
2024-10-07 16:17:41.055 [info] > git status -z -uall [3ms]
2024-10-07 16:17:41.065 [info] > git for-each-ref --format=%(refname)%00%(upstream:short)%00%(objectname)%00%(upstream:track)%00%(upstream:remotename)%00%(upstream:remoteref) refs/heads/main refs/remotes/main [4ms]
2024-10-07 16:17:41.072 [info] > git config --local branch.main.vscode-merge-base [2ms]
2024-10-07 16:17:41.086 [info] > git for-each-ref --format=%(refname)%00%(upstream:short)%00%(objectname)%00%(upstream:track)%00%(upstream:remotename)%00%(upstream:remoteref) refs/heads/origin/main refs/remotes/origin/main [2ms]
2024-10-07 16:18:08.218 [info] > git config --get commit.template [6ms]
2024-10-07 16:18:08.220 [info] > git for-each-ref --format=%(refname)%00%(upstream:short)%00%(objectname)%00%(upstream:track)%00%(upstream:remotename)%00%(upstream:remoteref) refs/heads/main refs/remotes/main [3ms]
2024-10-07 16:18:08.227 [info] > git status -z -uall [2ms]
2024-10-07 16:18:08.239 [info] > git for-each-ref --format=%(refname)%00%(upstream:short)%00%(objectname)%00%(upstream:track)%00%(upstream:remotename)%00%(upstream:remoteref) refs/heads/main refs/remotes/main [7ms]
2024-10-07 16:18:08.245 [info] > git config --local branch.main.vscode-merge-base [2ms]
2024-10-07 16:18:08.251 [info] > git for-each-ref --format=%(refname)%00%(upstream:short)%00%(objectname)%00%(upstream:track)%00%(upstream:remotename)%00%(upstream:remoteref) refs/heads/origin/main refs/remotes/origin/main [2ms]
2024-10-07 16:18:08.322 [info] > git ls-files --stage -- /home/pro/Escritorio/git/ejercicio1-branch/ejercicio1.java [1ms]
2024-10-07 16:18:08.327 [info] > git cat-file -s 4233878164ef710c0e490b1ac70a470944628a0d [2ms]
2024-10-07 16:18:08.333 [info] > git show --textconv :ejercicio1.java [2ms]
2024-10-10 17:51:05.802 [info] > git show --textconv :README.md [14ms]
2024-10-10 17:51:05.805 [info] > git ls-files --stage -- /home/pro/Escritorio/git/ejercicio1-branch/README.md [4ms]
2024-10-10 17:51:05.813 [info] > git cat-file -s 5d67022251b99609f26cbd46c546af9edc3316ba [3ms]
2024-10-10 17:51:58.902 [info] > git show --textconv :ejercicio1.java [11ms]
2024-10-10 17:51:58.913 [info] > git ls-files --stage -- /home/pro/Escritorio/git/ejercicio1-branch/ejercicio1.java [12ms]
2024-10-10 17:51:58.951 [info] > git cat-file -s 4233878164ef710c0e490b1ac70a470944628a0d [5ms]
2024-10-10 17:52:23.563 [info] > git show --textconv :README.md [6ms]
2024-10-10 17:52:23.843 [info] > git ls-files --stage -- /home/pro/Escritorio/git/ejercicio1-branch/README.md [281ms]
2024-10-10 17:52:23.859 [info] > git cat-file -s 5d67022251b99609f26cbd46c546af9edc3316ba [4ms]
2024-10-10 17:52:35.587 [info] > git config --get commit.template [21ms]
2024-10-10 17:52:35.589 [info] > git for-each-ref --format=%(refname)%00%(upstream:short)%00%(objectname)%00%(upstream:track)%00%(upstream:remotename)%00%(upstream:remoteref) refs/heads/main refs/remotes/main [11ms]
2024-10-10 17:52:35.622 [info] > git status -z -uall [22ms]
2024-10-10 17:52:35.638 [info] > git for-each-ref --format=%(refname)%00%(upstream:short)%00%(objectname)%00%(upstream:track)%00%(upstream:remotename)%00%(upstream:remoteref) refs/heads/main refs/remotes/main [4ms]
2024-10-10 17:52:35.647 [info] > git config --local branch.main.vscode-merge-base [3ms]
2024-10-10 17:52:35.654 [info] > git for-each-ref --format=%(refname)%00%(upstream:short)%00%(objectname)%00%(upstream:track)%00%(upstream:remotename)%00%(upstream:remoteref) refs/heads/origin/main refs/remotes/origin/main [2ms]
2024-10-10 17:52:56.739 [info] > git config --get commit.template [17ms]
2024-10-10 17:52:56.755 [info] > git for-each-ref --format=%(refname)%00%(upstream:short)%00%(objectname)%00%(upstream:track)%00%(upstream:remotename)%00%(upstream:remoteref) refs/heads/main refs/remotes/main [18ms]
2024-10-10 17:52:56.765 [info] > git status -z -uall [4ms]
2024-10-10 17:52:56.796 [info] > git for-each-ref --format=%(refname)%00%(upstream:short)%00%(objectname)%00%(upstream:track)%00%(upstream:remotename)%00%(upstream:remoteref) refs/heads/main refs/remotes/main [4ms]
2024-10-10 17:52:56.805 [info] > git config --local branch.main.vscode-merge-base [1ms]
2024-10-10 17:52:56.813 [info] > git for-each-ref --format=%(refname)%00%(upstream:short)%00%(objectname)%00%(upstream:track)%00%(upstream:remotename)%00%(upstream:remoteref) refs/heads/origin/main refs/remotes/origin/main [1ms]
2024-10-10 17:53:01.822 [info] > git config --get commit.template [13ms]
2024-10-10 17:53:01.826 [info] > git for-each-ref --format=%(refname)%00%(upstream:short)%00%(objectname)%00%(upstream:track)%00%(upstream:remotename)%00%(upstream:remoteref) refs/heads/main refs/remotes/main [5ms]
2024-10-10 17:53:01.842 [info] > git status -z -uall [5ms]
2024-10-10 17:53:01.861 [info] > git for-each-ref --format=%(refname)%00%(upstream:short)%00%(objectname)%00%(upstream:track)%00%(upstream:remotename)%00%(upstream:remoteref) refs/heads/main refs/remotes/main [6ms]
2024-10-10 17:53:01.869 [info] > git config --local branch.main.vscode-merge-base [2ms]
2024-10-10 17:53:01.876 [info] > git for-each-ref --format=%(refname)%00%(upstream:short)%00%(objectname)%00%(upstream:track)%00%(upstream:remotename)%00%(upstream:remoteref) refs/heads/origin/main refs/remotes/origin/main [2ms]
2024-10-10 17:53:06.884 [info] > git config --get commit.template [10ms]
2024-10-10 17:53:06.887 [info] > git for-each-ref --format=%(refname)%00%(upstream:short)%00%(objectname)%00%(upstream:track)%00%(upstream:remotename)%00%(upstream:remoteref) refs/heads/main refs/remotes/main [4ms]
2024-10-10 17:53:06.898 [info] > git status -z -uall [4ms]
2024-10-10 17:53:06.910 [info] > git for-each-ref --format=%(refname)%00%(upstream:short)%00%(objectname)%00%(upstream:track)%00%(upstream:remotename)%00%(upstream:remoteref) refs/heads/main refs/remotes/main [5ms]
2024-10-10 17:53:06.917 [info] > git config --local branch.main.vscode-merge-base [2ms]
2024-10-10 17:53:06.922 [info] > git for-each-ref --format=%(refname)%00%(upstream:short)%00%(objectname)%00%(upstream:track)%00%(upstream:remotename)%00%(upstream:remoteref) refs/heads/origin/main refs/remotes/origin/main [2ms]
2024-10-10 17:53:11.924 [info] > git config --get commit.template [1ms]
2024-10-10 17:53:11.931 [info] > git for-each-ref --format=%(refname)%00%(upstream:short)%00%(objectname)%00%(upstream:track)%00%(upstream:remotename)%00%(upstream:remoteref) refs/heads/main refs/remotes/main [3ms]
2024-10-10 17:53:11.937 [info] > git status -z -uall [2ms]
2024-10-10 17:53:11.948 [info] > git for-each-ref --format=%(refname)%00%(upstream:short)%00%(objectname)%00%(upstream:track)%00%(upstream:remotename)%00%(upstream:remoteref) refs/heads/main refs/remotes/main [5ms]
2024-10-10 17:53:11.953 [info] > git config --local branch.main.vscode-merge-base [1ms]
2024-10-10 17:53:11.959 [info] > git for-each-ref --format=%(refname)%00%(upstream:short)%00%(objectname)%00%(upstream:track)%00%(upstream:remotename)%00%(upstream:remoteref) refs/heads/origin/main refs/remotes/origin/main [2ms]
2024-10-10 17:53:18.519 [info] > git config --get commit.template [6ms]
2024-10-10 17:53:18.520 [info] > git for-each-ref --format=%(refname)%00%(upstream:short)%00%(objectname)%00%(upstream:track)%00%(upstream:remotename)%00%(upstream:remoteref) refs/heads/main refs/remotes/main [2ms]
2024-10-10 17:53:18.525 [info] > git status -z -uall [1ms]
2024-10-10 17:53:18.534 [info] > git for-each-ref --format=%(refname)%00%(upstream:short)%00%(objectname)%00%(upstream:track)%00%(upstream:remotename)%00%(upstream:remoteref) refs/heads/main refs/remotes/main [3ms]
2024-10-10 17:53:18.539 [info] > git config --local branch.main.vscode-merge-base [1ms]
2024-10-10 17:53:18.544 [info] > git for-each-ref --format=%(refname)%00%(upstream:short)%00%(objectname)%00%(upstream:track)%00%(upstream:remotename)%00%(upstream:remoteref) refs/heads/origin/main refs/remotes/origin/main [1ms]
2024-10-10 17:53:23.543 [info] > git config --get commit.template [6ms]
2024-10-10 17:53:23.544 [info] > git for-each-ref --format=%(refname)%00%(upstream:short)%00%(objectname)%00%(upstream:track)%00%(upstream:remotename)%00%(upstream:remoteref) refs/heads/main refs/remotes/main [1ms]
2024-10-10 17:53:23.550 [info] > git status -z -uall [2ms]
2024-10-10 17:53:23.560 [info] > git for-each-ref --format=%(refname)%00%(upstream:short)%00%(objectname)%00%(upstream:track)%00%(upstream:remotename)%00%(upstream:remoteref) refs/heads/main refs/remotes/main [4ms]
2024-10-10 17:53:23.569 [info] > git config --local branch.main.vscode-merge-base [5ms]
2024-10-10 17:53:23.579 [info] > git for-each-ref --format=%(refname)%00%(upstream:short)%00%(objectname)%00%(upstream:track)%00%(upstream:remotename)%00%(upstream:remoteref) refs/heads/origin/main refs/remotes/origin/main [2ms]
2024-10-10 17:53:28.633 [info] > git config --get commit.template [62ms]
2024-10-10 17:53:28.636 [info] > git for-each-ref --format=%(refname)%00%(upstream:short)%00%(objectname)%00%(upstream:track)%00%(upstream:remotename)%00%(upstream:remoteref) refs/heads/main refs/remotes/main [55ms]
2024-10-10 17:53:28.660 [info] > git status -z -uall [11ms]
2024-10-10 17:53:28.693 [info] > git for-each-ref --format=%(refname)%00%(upstream:short)%00%(objectname)%00%(upstream:track)%00%(upstream:remotename)%00%(upstream:remoteref) refs/heads/main refs/remotes/main [6ms]
2024-10-10 17:53:28.710 [info] > git config --local branch.main.vscode-merge-base [8ms]
2024-10-10 17:53:28.723 [info] > git for-each-ref --format=%(refname)%00%(upstream:short)%00%(objectname)%00%(upstream:track)%00%(upstream:remotename)%00%(upstream:remoteref) refs/heads/origin/main refs/remotes/origin/main [6ms]
2024-10-10 17:53:33.712 [info] > git for-each-ref --format=%(refname)%00%(upstream:short)%00%(objectname)%00%(upstream:track)%00%(upstream:remotename)%00%(upstream:remoteref) refs/heads/main refs/remotes/main [4ms]
2024-10-10 17:53:33.720 [info] > git config --get commit.template [18ms]
2024-10-10 17:53:33.746 [info] > git status -z -uall [21ms]
2024-10-10 17:53:33.759 [info] > git for-each-ref --format=%(refname)%00%(upstream:short)%00%(objectname)%00%(upstream:track)%00%(upstream:remotename)%00%(upstream:remoteref) refs/heads/main refs/remotes/main [4ms]
2024-10-10 17:53:33.776 [info] > git config --local branch.main.vscode-merge-base [2ms]
2024-10-10 17:53:33.815 [info] > git for-each-ref --format=%(refname)%00%(upstream:short)%00%(objectname)%00%(upstream:track)%00%(upstream:remotename)%00%(upstream:remoteref) refs/heads/origin/main refs/remotes/origin/main [29ms]
2024-10-10 17:53:38.769 [info] > git config --get commit.template [4ms]
2024-10-10 17:53:38.770 [info] > git for-each-ref --format=%(refname)%00%(upstream:short)%00%(objectname)%00%(upstream:track)%00%(upstream:remotename)%00%(upstream:remoteref) refs/heads/main refs/remotes/main [2ms]
2024-10-10 17:53:38.775 [info] > git status -z -uall [1ms]
2024-10-10 17:53:38.784 [info] > git for-each-ref --format=%(refname)%00%(upstream:short)%00%(objectname)%00%(upstream:track)%00%(upstream:remotename)%00%(upstream:remoteref) refs/heads/main refs/remotes/main [2ms]
2024-10-10 17:53:38.791 [info] > git config --local branch.main.vscode-merge-base [3ms]
2024-10-10 17:53:38.796 [info] > git for-each-ref --format=%(refname)%00%(upstream:short)%00%(objectname)%00%(upstream:track)%00%(upstream:remotename)%00%(upstream:remoteref) refs/heads/origin/main refs/remotes/origin/main [1ms]
2024-10-10 17:53:43.794 [info] > git config --get commit.template [4ms]
2024-10-10 17:53:43.795 [info] > git for-each-ref --format=%(refname)%00%(upstream:short)%00%(objectname)%00%(upstream:track)%00%(upstream:remotename)%00%(upstream:remoteref) refs/heads/main refs/remotes/main [2ms]
2024-10-10 17:53:43.801 [info] > git status -z -uall [2ms]
2024-10-10 17:53:43.811 [info] > git for-each-ref --format=%(refname)%00%(upstream:short)%00%(objectname)%00%(upstream:track)%00%(upstream:remotename)%00%(upstream:remoteref) refs/heads/main refs/remotes/main [4ms]
2024-10-10 17:53:43.816 [info] > git config --local branch.main.vscode-merge-base [1ms]
2024-10-10 17:53:43.822 [info] > git for-each-ref --format=%(refname)%00%(upstream:short)%00%(objectname)%00%(upstream:track)%00%(upstream:remotename)%00%(upstream:remoteref) refs/heads/origin/main refs/remotes/origin/main [2ms]
2024-10-10 17:53:48.833 [info] > git config --get commit.template [9ms]
2024-10-10 17:53:48.834 [info] > git for-each-ref --format=%(refname)%00%(upstream:short)%00%(objectname)%00%(upstream:track)%00%(upstream:remotename)%00%(upstream:remoteref) refs/heads/main refs/remotes/main [1ms]
2024-10-10 17:53:48.840 [info] > git status -z -uall [2ms]
2024-10-10 17:53:48.849 [info] > git for-each-ref --format=%(refname)%00%(upstream:short)%00%(objectname)%00%(upstream:track)%00%(upstream:remotename)%00%(upstream:remoteref) refs/heads/main refs/remotes/main [3ms]
2024-10-10 17:53:48.856 [info] > git config --local branch.main.vscode-merge-base [3ms]
2024-10-10 17:53:48.861 [info] > git for-each-ref --format=%(refname)%00%(upstream:short)%00%(objectname)%00%(upstream:track)%00%(upstream:remotename)%00%(upstream:remoteref) refs/heads/origin/main refs/remotes/origin/main [2ms]
2024-10-10 17:54:24.471 [info] > git config --get commit.template [13ms]
2024-10-10 17:54:24.474 [info] > git for-each-ref --format=%(refname)%00%(upstream:short)%00%(objectname)%00%(upstream:track)%00%(upstream:remotename)%00%(upstream:remoteref) refs/heads/main refs/remotes/main [5ms]
2024-10-10 17:54:24.487 [info] > git status -z -uall [2ms]
2024-10-10 17:54:24.494 [info] > git for-each-ref --format=%(refname)%00%(upstream:short)%00%(objectname)%00%(upstream:track)%00%(upstream:remotename)%00%(upstream:remoteref) refs/heads/main refs/remotes/main [3ms]
2024-10-10 17:54:24.500 [info] > git config --local branch.main.vscode-merge-base [2ms]
2024-10-10 17:54:24.506 [info] > git for-each-ref --format=%(refname)%00%(upstream:short)%00%(objectname)%00%(upstream:track)%00%(upstream:remotename)%00%(upstream:remoteref) refs/heads/origin/main refs/remotes/origin/main [2ms]
2024-10-10 17:54:29.506 [info] > git config --get commit.template [5ms]
2024-10-10 17:54:29.507 [info] > git for-each-ref --format=%(refname)%00%(upstream:short)%00%(objectname)%00%(upstream:track)%00%(upstream:remotename)%00%(upstream:remoteref) refs/heads/main refs/remotes/main [2ms]
2024-10-10 17:54:29.512 [info] > git status -z -uall [1ms]
2024-10-10 17:54:29.520 [info] > git for-each-ref --format=%(refname)%00%(upstream:short)%00%(objectname)%00%(upstream:track)%00%(upstream:remotename)%00%(upstream:remoteref) refs/heads/main refs/remotes/main [4ms]
2024-10-10 17:54:29.526 [info] > git config --local branch.main.vscode-merge-base [2ms]
2024-10-10 17:54:29.531 [info] > git for-each-ref --format=%(refname)%00%(upstream:short)%00%(objectname)%00%(upstream:track)%00%(upstream:remotename)%00%(upstream:remoteref) refs/heads/origin/main refs/remotes/origin/main [2ms]
2024-10-10 17:54:32.381 [info] > git config --get commit.template [6ms]
2024-10-10 17:54:32.383 [info] > git for-each-ref --format=%(refname)%00%(upstream:short)%00%(objectname)%00%(upstream:track)%00%(upstream:remotename)%00%(upstream:remoteref) refs/heads/main refs/remotes/main [2ms]
2024-10-10 17:54:32.391 [info] > git status -z -uall [2ms]
2024-10-10 17:54:32.414 [info] > git for-each-ref --format=%(refname)%00%(upstream:short)%00%(objectname)%00%(upstream:track)%00%(upstream:remotename)%00%(upstream:remoteref) refs/heads/main refs/remotes/main [18ms]
2024-10-10 17:54:32.423 [info] > git config --local branch.main.vscode-merge-base [2ms]
2024-10-10 17:54:32.430 [info] > git for-each-ref --format=%(refname)%00%(upstream:short)%00%(objectname)%00%(upstream:track)%00%(upstream:remotename)%00%(upstream:remoteref) refs/heads/origin/main refs/remotes/origin/main [2ms]
2024-10-10 17:54:32.436 [info] > git merge-base refs/heads/main refs/remotes/origin/main [2ms]
2024-10-10 17:54:32.446 [info] > git rev-list --count --left-right refs/heads/main...refs/remotes/origin/main [7ms]
2024-10-10 17:54:32.452 [info] > git diff --name-status -z --diff-filter=ADMR 4942f9acfe2fc1ae9d5c0bd133c0d2fa978046b7...refs/remotes/origin/main [1ms]
2024-10-10 17:54:33.465 [info] > git ls-files --stage -- /home/pro/Escritorio/git/ejercicio1-branch/README.md [2ms]
2024-10-10 17:54:33.469 [info] > git cat-file -s 5d67022251b99609f26cbd46c546af9edc3316ba [1ms]
2024-10-10 17:54:33.476 [info] > git show --textconv :README.md [2ms]
2024-10-10 17:54:34.546 [info] > git config --get commit.template [13ms]
2024-10-10 17:54:34.551 [info] > git for-each-ref --format=%(refname)%00%(upstream:short)%00%(objectname)%00%(upstream:track)%00%(upstream:remotename)%00%(upstream:remoteref) refs/heads/main refs/remotes/main [6ms]
2024-10-10 17:54:34.560 [info] > git status -z -uall [2ms]
2024-10-10 17:54:34.570 [info] > git for-each-ref --format=%(refname)%00%(upstream:short)%00%(objectname)%00%(upstream:track)%00%(upstream:remotename)%00%(upstream:remoteref) refs/heads/main refs/remotes/main [2ms]
2024-10-10 17:54:34.576 [info] > git config --local branch.main.vscode-merge-base [2ms]
2024-10-10 17:54:34.582 [info] > git for-each-ref --format=%(refname)%00%(upstream:short)%00%(objectname)%00%(upstream:track)%00%(upstream:remotename)%00%(upstream:remoteref) refs/heads/origin/main refs/remotes/origin/main [2ms]
2024-10-10 17:54:54.127 [info] > git config --get commit.template [14ms]
2024-10-10 17:54:54.132 [info] > git for-each-ref --format=%(refname)%00%(upstream:short)%00%(objectname)%00%(upstream:track)%00%(upstream:remotename)%00%(upstream:remoteref) refs/heads/main refs/remotes/main [7ms]
2024-10-10 17:54:54.147 [info] > git status -z -uall [5ms]
2024-10-10 17:54:54.168 [info] > git for-each-ref --format=%(refname)%00%(upstream:short)%00%(objectname)%00%(upstream:track)%00%(upstream:remotename)%00%(upstream:remoteref) refs/heads/main refs/remotes/main [9ms]
2024-10-10 17:54:54.176 [info] > git config --local branch.main.vscode-merge-base [2ms]
2024-10-10 17:54:54.183 [info] > git for-each-ref --format=%(refname)%00%(upstream:short)%00%(objectname)%00%(upstream:track)%00%(upstream:remotename)%00%(upstream:remoteref) refs/heads/origin/main refs/remotes/origin/main [2ms]
2024-10-10 17:54:59.190 [info] > git config --get commit.template [13ms]
2024-10-10 17:54:59.194 [info] > git for-each-ref --format=%(refname)%00%(upstream:short)%00%(objectname)%00%(upstream:track)%00%(upstream:remotename)%00%(upstream:remoteref) refs/heads/main refs/remotes/main [5ms]
2024-10-10 17:54:59.218 [info] > git status -z -uall [12ms]
2024-10-10 17:54:59.232 [info] > git for-each-ref --format=%(refname)%00%(upstream:short)%00%(objectname)%00%(upstream:track)%00%(upstream:remotename)%00%(upstream:remoteref) refs/heads/main refs/remotes/main [6ms]
2024-10-10 17:54:59.240 [info] > git config --local branch.main.vscode-merge-base [1ms]
2024-10-10 17:54:59.247 [info] > git for-each-ref --format=%(refname)%00%(upstream:short)%00%(objectname)%00%(upstream:track)%00%(upstream:remotename)%00%(upstream:remoteref) refs/heads/origin/main refs/remotes/origin/main [1ms]
2024-10-10 17:55:04.256 [info] > git config --get commit.template [13ms]
2024-10-10 17:55:04.262 [info] > git for-each-ref --format=%(refname)%00%(upstream:short)%00%(objectname)%00%(upstream:track)%00%(upstream:remotename)%00%(upstream:remoteref) refs/heads/main refs/remotes/main [7ms]
2024-10-10 17:55:04.284 [info] > git status -z -uall [6ms]
2024-10-10 17:55:04.293 [info] > git for-each-ref --format=%(refname)%00%(upstream:short)%00%(objectname)%00%(upstream:track)%00%(upstream:remotename)%00%(upstream:remoteref) refs/heads/main refs/remotes/main [4ms]
2024-10-10 17:55:04.300 [info] > git config --local branch.main.vscode-merge-base [3ms]
2024-10-10 17:55:04.306 [info] > git for-each-ref --format=%(refname)%00%(upstream:short)%00%(objectname)%00%(upstream:track)%00%(upstream:remotename)%00%(upstream:remoteref) refs/heads/origin/main refs/remotes/origin/main [2ms]
2024-10-10 17:55:09.318 [info] > git config --get commit.template [12ms]
2024-10-10 17:55:09.324 [info] > git for-each-ref --format=%(refname)%00%(upstream:short)%00%(objectname)%00%(upstream:track)%00%(upstream:remotename)%00%(upstream:remoteref) refs/heads/main refs/remotes/main [8ms]
2024-10-10 17:55:09.336 [info] > git status -z -uall [3ms]
2024-10-10 17:55:09.351 [info] > git for-each-ref --format=%(refname)%00%(upstream:short)%00%(objectname)%00%(upstream:track)%00%(upstream:remotename)%00%(upstream:remoteref) refs/heads/main refs/remotes/main [5ms]
2024-10-10 17:55:09.358 [info] > git config --local branch.main.vscode-merge-base [2ms]
2024-10-10 17:55:09.364 [info] > git for-each-ref --format=%(refname)%00%(upstream:short)%00%(objectname)%00%(upstream:track)%00%(upstream:remotename)%00%(upstream:remoteref) refs/heads/origin/main refs/remotes/origin/main [2ms]
2024-10-10 17:55:14.361 [info] > git config --get commit.template [4ms]
2024-10-10 17:55:14.363 [info] > git for-each-ref --format=%(refname)%00%(upstream:short)%00%(objectname)%00%(upstream:track)%00%(upstream:remotename)%00%(upstream:remoteref) refs/heads/main refs/remotes/main [2ms]
2024-10-10 17:55:14.369 [info] > git status -z -uall [2ms]
2024-10-10 17:55:14.379 [info] > git for-each-ref --format=%(refname)%00%(upstream:short)%00%(objectname)%00%(upstream:track)%00%(upstream:remotename)%00%(upstream:remoteref) refs/heads/main refs/remotes/main [4ms]
2024-10-10 17:55:14.384 [info] > git config --local branch.main.vscode-merge-base [1ms]
2024-10-10 17:55:14.390 [info] > git for-each-ref --format=%(refname)%00%(upstream:short)%00%(objectname)%00%(upstream:track)%00%(upstream:remotename)%00%(upstream:remoteref) refs/heads/origin/main refs/remotes/origin/main [1ms]
2024-10-10 17:55:35.852 [info] > git config --get commit.template [3ms]
2024-10-10 17:55:35.861 [info] > git for-each-ref --format=%(refname)%00%(upstream:short)%00%(objectname)%00%(upstream:track)%00%(upstream:remotename)%00%(upstream:remoteref) refs/heads/main refs/remotes/main [5ms]
2024-10-10 17:55:35.867 [info] > git status -z -uall [2ms]
2024-10-10 17:55:35.878 [info] > git for-each-ref --format=%(refname)%00%(upstream:short)%00%(objectname)%00%(upstream:track)%00%(upstream:remotename)%00%(upstream:remoteref) refs/heads/main refs/remotes/main [7ms]
2024-10-10 17:55:35.886 [info] > git config --local branch.main.vscode-merge-base [3ms]
2024-10-10 17:55:35.892 [info] > git for-each-ref --format=%(refname)%00%(upstream:short)%00%(objectname)%00%(upstream:track)%00%(upstream:remotename)%00%(upstream:remoteref) refs/heads/origin/main refs/remotes/origin/main [3ms]
2024-10-10 17:55:40.881 [info] > git config --get commit.template [4ms]
2024-10-10 17:55:40.882 [info] > git for-each-ref --format=%(refname)%00%(upstream:short)%00%(objectname)%00%(upstream:track)%00%(upstream:remotename)%00%(upstream:remoteref) refs/heads/main refs/remotes/main [2ms]
2024-10-10 17:55:40.888 [info] > git status -z -uall [1ms]
2024-10-10 17:55:40.897 [info] > git for-each-ref --format=%(refname)%00%(upstream:short)%00%(objectname)%00%(upstream:track)%00%(upstream:remotename)%00%(upstream:remoteref) refs/heads/main refs/remotes/main [4ms]
2024-10-10 17:55:40.902 [info] > git config --local branch.main.vscode-merge-base [1ms]
2024-10-10 17:55:40.907 [info] > git for-each-ref --format=%(refname)%00%(upstream:short)%00%(objectname)%00%(upstream:track)%00%(upstream:remotename)%00%(upstream:remoteref) refs/heads/origin/main refs/remotes/origin/main [1ms]
2024-10-10 17:56:01.549 [info] > git config --get commit.template [1ms]
2024-10-10 17:56:01.557 [info] > git for-each-ref --format=%(refname)%00%(upstream:short)%00%(objectname)%00%(upstream:track)%00%(upstream:remotename)%00%(upstream:remoteref) refs/heads/main refs/remotes/main [2ms]
2024-10-10 17:56:01.567 [info] > git status -z -uall [5ms]
2024-10-10 17:56:01.573 [info] > git for-each-ref --format=%(refname)%00%(upstream:short)%00%(objectname)%00%(upstream:track)%00%(upstream:remotename)%00%(upstream:remoteref) refs/heads/main refs/remotes/main [1ms]
2024-10-10 17:56:01.578 [info] > git config --local branch.main.vscode-merge-base [2ms]
2024-10-10 17:56:01.586 [info] > git for-each-ref --format=%(refname)%00%(upstream:short)%00%(objectname)%00%(upstream:track)%00%(upstream:remotename)%00%(upstream:remoteref) refs/heads/origin/main refs/remotes/origin/main [3ms]
2024-10-10 17:56:32.893 [info] > git config --get commit.template [5ms]
2024-10-10 17:56:32.897 [info] > git for-each-ref --format=%(refname)%00%(upstream:short)%00%(objectname)%00%(upstream:track)%00%(upstream:remotename)%00%(upstream:remoteref) refs/heads/main refs/remotes/main [5ms]
2024-10-10 17:56:32.903 [info] > git status -z -uall [2ms]
2024-10-10 17:56:32.912 [info] > git for-each-ref --format=%(refname)%00%(upstream:short)%00%(objectname)%00%(upstream:track)%00%(upstream:remotename)%00%(upstream:remoteref) refs/heads/main refs/remotes/main [4ms]
2024-10-10 17:56:32.917 [info] > git config --local branch.main.vscode-merge-base [1ms]
2024-10-10 17:56:32.924 [info] > git for-each-ref --format=%(refname)%00%(upstream:short)%00%(objectname)%00%(upstream:track)%00%(upstream:remotename)%00%(upstream:remoteref) refs/heads/origin/main refs/remotes/origin/main [3ms]
2024-10-10 17:56:37.939 [info] > git config --get commit.template [16ms]
2024-10-10 17:56:37.941 [info] > git for-each-ref --format=%(refname)%00%(upstream:short)%00%(objectname)%00%(upstream:track)%00%(upstream:remotename)%00%(upstream:remoteref) refs/heads/main refs/remotes/main [6ms]
2024-10-10 17:56:37.958 [info] > git status -z -uall [6ms]
2024-10-10 17:56:37.975 [info] > git for-each-ref --format=%(refname)%00%(upstream:short)%00%(objectname)%00%(upstream:track)%00%(upstream:remotename)%00%(upstream:remoteref) refs/heads/main refs/remotes/main [6ms]
2024-10-10 17:56:37.982 [info] > git config --local branch.main.vscode-merge-base [2ms]
2024-10-10 17:56:37.989 [info] > git for-each-ref --format=%(refname)%00%(upstream:short)%00%(objectname)%00%(upstream:track)%00%(upstream:remotename)%00%(upstream:remoteref) refs/heads/origin/main refs/remotes/origin/main [2ms]
2024-10-10 17:56:42.998 [info] > git config --get commit.template [13ms]
2024-10-10 17:56:43.003 [info] > git for-each-ref --format=%(refname)%00%(upstream:short)%00%(objectname)%00%(upstream:track)%00%(upstream:remotename)%00%(upstream:remoteref) refs/heads/main refs/remotes/main [6ms]
2024-10-10 17:56:43.026 [info] > git status -z -uall [5ms]
2024-10-10 17:56:43.039 [info] > git for-each-ref --format=%(refname)%00%(upstream:short)%00%(objectname)%00%(upstream:track)%00%(upstream:remotename)%00%(upstream:remoteref) refs/heads/main refs/remotes/main [4ms]
2024-10-10 17:56:43.045 [info] > git config --local branch.main.vscode-merge-base [1ms]
2024-10-10 17:56:43.051 [info] > git for-each-ref --format=%(refname)%00%(upstream:short)%00%(objectname)%00%(upstream:track)%00%(upstream:remotename)%00%(upstream:remoteref) refs/heads/origin/main refs/remotes/origin/main [1ms]
2024-10-10 17:56:48.609 [info] > git config --get commit.template [10ms]
2024-10-10 17:56:48.619 [info] > git for-each-ref --format=%(refname)%00%(upstream:short)%00%(objectname)%00%(upstream:track)%00%(upstream:remotename)%00%(upstream:remoteref) refs/heads/main refs/remotes/main [8ms]
2024-10-10 17:56:48.665 [info] > git status -z -uall [9ms]
2024-10-10 17:56:48.688 [info] > git for-each-ref --format=%(refname)%00%(upstream:short)%00%(objectname)%00%(upstream:track)%00%(upstream:remotename)%00%(upstream:remoteref) refs/heads/main refs/remotes/main [7ms]
2024-10-10 17:56:48.739 [info] > git config --local branch.main.vscode-merge-base [18ms]
2024-10-10 17:56:48.762 [info] > git for-each-ref --format=%(refname)%00%(upstream:short)%00%(objectname)%00%(upstream:track)%00%(upstream:remotename)%00%(upstream:remoteref) refs/heads/origin/main refs/remotes/origin/main [7ms]
2024-10-10 17:56:53.693 [info] > git config --get commit.template [4ms]
2024-10-10 17:56:53.695 [info] > git for-each-ref --format=%(refname)%00%(upstream:short)%00%(objectname)%00%(upstream:track)%00%(upstream:remotename)%00%(upstream:remoteref) refs/heads/main refs/remotes/main [3ms]
2024-10-10 17:56:53.701 [info] > git status -z -uall [2ms]
2024-10-10 17:56:53.710 [info] > git for-each-ref --format=%(refname)%00%(upstream:short)%00%(objectname)%00%(upstream:track)%00%(upstream:remotename)%00%(upstream:remoteref) refs/heads/main refs/remotes/main [3ms]
2024-10-10 17:56:53.715 [info] > git config --local branch.main.vscode-merge-base [1ms]
2024-10-10 17:56:53.721 [info] > git for-each-ref --format=%(refname)%00%(upstream:short)%00%(objectname)%00%(upstream:track)%00%(upstream:remotename)%00%(upstream:remoteref) refs/heads/origin/main refs/remotes/origin/main [1ms]
2024-10-10 17:56:58.738 [info] > git config --get commit.template [13ms]
2024-10-10 17:56:58.743 [info] > git for-each-ref --format=%(refname)%00%(upstream:short)%00%(objectname)%00%(upstream:track)%00%(upstream:remotename)%00%(upstream:remoteref) refs/heads/main refs/remotes/main [6ms]
2024-10-10 17:56:58.761 [info] > git status -z -uall [5ms]
2024-10-10 17:56:58.781 [info] > git for-each-ref --format=%(refname)%00%(upstream:short)%00%(objectname)%00%(upstream:track)%00%(upstream:remotename)%00%(upstream:remoteref) refs/heads/main refs/remotes/main [8ms]
2024-10-10 17:56:58.789 [info] > git config --local branch.main.vscode-merge-base [2ms]
2024-10-10 17:56:58.796 [info] > git for-each-ref --format=%(refname)%00%(upstream:short)%00%(objectname)%00%(upstream:track)%00%(upstream:remotename)%00%(upstream:remoteref) refs/heads/origin/main refs/remotes/origin/main [3ms]
2024-10-10 17:57:03.789 [info] > git config --get commit.template [5ms]
2024-10-10 17:57:03.792 [info] > git for-each-ref --format=%(refname)%00%(upstream:short)%00%(objectname)%00%(upstream:track)%00%(upstream:remotename)%00%(upstream:remoteref) refs/heads/main refs/remotes/main [3ms]
2024-10-10 17:57:03.798 [info] > git status -z -uall [2ms]
2024-10-10 17:57:03.810 [info] > git for-each-ref --format=%(refname)%00%(upstream:short)%00%(objectname)%00%(upstream:track)%00%(upstream:remotename)%00%(upstream:remoteref) refs/heads/main refs/remotes/main [5ms]
2024-10-10 17:57:03.816 [info] > git config --local branch.main.vscode-merge-base [2ms]
2024-10-10 17:57:03.822 [info] > git for-each-ref --format=%(refname)%00%(upstream:short)%00%(objectname)%00%(upstream:track)%00%(upstream:remotename)%00%(upstream:remoteref) refs/heads/origin/main refs/remotes/origin/main [2ms]
2024-10-10 17:57:08.832 [info] > git config --get commit.template [12ms]
2024-10-10 17:57:08.839 [info] > git for-each-ref --format=%(refname)%00%(upstream:short)%00%(objectname)%00%(upstream:track)%00%(upstream:remotename)%00%(upstream:remoteref) refs/heads/main refs/remotes/main [8ms]
2024-10-10 17:57:08.851 [info] > git status -z -uall [3ms]
2024-10-10 17:57:08.867 [info] > git for-each-ref --format=%(refname)%00%(upstream:short)%00%(objectname)%00%(upstream:track)%00%(upstream:remotename)%00%(upstream:remoteref) refs/heads/main refs/remotes/main [7ms]
2024-10-10 17:57:08.873 [info] > git config --local branch.main.vscode-merge-base [1ms]
2024-10-10 17:57:08.879 [info] > git for-each-ref --format=%(refname)%00%(upstream:short)%00%(objectname)%00%(upstream:track)%00%(upstream:remotename)%00%(upstream:remoteref) refs/heads/origin/main refs/remotes/origin/main [2ms]
2024-10-10 17:59:55.754 [info] > git config --get commit.template [9ms]
2024-10-10 17:59:55.758 [info] > git for-each-ref --format=%(refname)%00%(upstream:short)%00%(objectname)%00%(upstream:track)%00%(upstream:remotename)%00%(upstream:remoteref) refs/heads/main refs/remotes/main [5ms]
2024-10-10 17:59:55.772 [info] > git status -z -uall [4ms]
2024-10-10 17:59:55.792 [info] > git for-each-ref --format=%(refname)%00%(upstream:short)%00%(objectname)%00%(upstream:track)%00%(upstream:remotename)%00%(upstream:remoteref) refs/heads/main refs/remotes/main [6ms]
2024-10-10 17:59:55.832 [info] > git config --local branch.main.vscode-merge-base [12ms]
2024-10-10 17:59:55.849 [info] > git for-each-ref --format=%(refname)%00%(upstream:short)%00%(objectname)%00%(upstream:track)%00%(upstream:remotename)%00%(upstream:remoteref) refs/heads/origin/main refs/remotes/origin/main [7ms]
2024-10-10 18:00:00.809 [info] > git config --get commit.template [12ms]
2024-10-10 18:00:00.816 [info] > git for-each-ref --format=%(refname)%00%(upstream:short)%00%(objectname)%00%(upstream:track)%00%(upstream:remotename)%00%(upstream:remoteref) refs/heads/main refs/remotes/main [8ms]
2024-10-10 18:00:00.832 [info] > git status -z -uall [5ms]
2024-10-10 18:00:00.872 [info] > git for-each-ref --format=%(refname)%00%(upstream:short)%00%(objectname)%00%(upstream:track)%00%(upstream:remotename)%00%(upstream:remoteref) refs/heads/main refs/remotes/main [30ms]
2024-10-10 18:00:00.887 [info] > git config --local branch.main.vscode-merge-base [3ms]
2024-10-10 18:00:00.903 [info] > git for-each-ref --format=%(refname)%00%(upstream:short)%00%(objectname)%00%(upstream:track)%00%(upstream:remotename)%00%(upstream:remoteref) refs/heads/origin/main refs/remotes/origin/main [7ms]
2024-10-10 18:00:05.863 [info] > git config --get commit.template [6ms]
2024-10-10 18:00:05.869 [info] > git for-each-ref --format=%(refname)%00%(upstream:short)%00%(objectname)%00%(upstream:track)%00%(upstream:remotename)%00%(upstream:remoteref) refs/heads/main refs/remotes/main [7ms]
2024-10-10 18:00:05.876 [info] > git status -z -uall [2ms]
2024-10-10 18:00:05.935 [info] > git for-each-ref --format=%(refname)%00%(upstream:short)%00%(objectname)%00%(upstream:track)%00%(upstream:remotename)%00%(upstream:remoteref) refs/heads/main refs/remotes/main [20ms]
2024-10-10 18:00:05.954 [info] > git config --local branch.main.vscode-merge-base [1ms]
2024-10-10 18:00:05.965 [info] > git for-each-ref --format=%(refname)%00%(upstream:short)%00%(objectname)%00%(upstream:track)%00%(upstream:remotename)%00%(upstream:remoteref) refs/heads/origin/main refs/remotes/origin/main [2ms]
2024-10-10 18:00:10.944 [info] > git config --get commit.template [20ms]
2024-10-10 18:00:10.945 [info] > git for-each-ref --format=%(refname)%00%(upstream:short)%00%(objectname)%00%(upstream:track)%00%(upstream:remotename)%00%(upstream:remoteref) refs/heads/main refs/remotes/main [2ms]
2024-10-10 18:00:10.952 [info] > git status -z -uall [2ms]
2024-10-10 18:00:10.963 [info] > git for-each-ref --format=%(refname)%00%(upstream:short)%00%(objectname)%00%(upstream:track)%00%(upstream:remotename)%00%(upstream:remoteref) refs/heads/main refs/remotes/main [4ms]
2024-10-10 18:00:10.969 [info] > git config --local branch.main.vscode-merge-base [2ms]
2024-10-10 18:00:10.976 [info] > git for-each-ref --format=%(refname)%00%(upstream:short)%00%(objectname)%00%(upstream:track)%00%(upstream:remotename)%00%(upstream:remoteref) refs/heads/origin/main refs/remotes/origin/main [2ms]
2024-10-10 18:00:15.986 [info] > git config --get commit.template [12ms]
2024-10-10 18:00:15.992 [info] > git for-each-ref --format=%(refname)%00%(upstream:short)%00%(objectname)%00%(upstream:track)%00%(upstream:remotename)%00%(upstream:remoteref) refs/heads/main refs/remotes/main [7ms]
2024-10-10 18:00:16.007 [info] > git status -z -uall [4ms]
2024-10-10 18:00:16.017 [info] > git for-each-ref --format=%(refname)%00%(upstream:short)%00%(objectname)%00%(upstream:track)%00%(upstream:remotename)%00%(upstream:remoteref) refs/heads/main refs/remotes/main [4ms]
2024-10-10 18:00:16.025 [info] > git config --local branch.main.vscode-merge-base [2ms]
2024-10-10 18:00:16.031 [info] > git for-each-ref --format=%(refname)%00%(upstream:short)%00%(objectname)%00%(upstream:track)%00%(upstream:remotename)%00%(upstream:remoteref) refs/heads/origin/main refs/remotes/origin/main [2ms]
2024-10-10 18:00:34.364 [info] > git config --get commit.template [15ms]
2024-10-10 18:00:34.376 [info] > git for-each-ref --format=%(refname)%00%(upstream:short)%00%(objectname)%00%(upstream:track)%00%(upstream:remotename)%00%(upstream:remoteref) refs/heads/main refs/remotes/main [12ms]
2024-10-10 18:00:34.391 [info] > git status -z -uall [5ms]
2024-10-10 18:00:34.408 [info] > git for-each-ref --format=%(refname)%00%(upstream:short)%00%(objectname)%00%(upstream:track)%00%(upstream:remotename)%00%(upstream:remoteref) refs/heads/main refs/remotes/main [5ms]
2024-10-10 18:00:34.425 [info] > git config --local branch.main.vscode-merge-base [8ms]
2024-10-10 18:00:34.440 [info] > git for-each-ref --format=%(refname)%00%(upstream:short)%00%(objectname)%00%(upstream:track)%00%(upstream:remotename)%00%(upstream:remoteref) refs/heads/origin/main refs/remotes/origin/main [7ms]
2024-10-10 18:00:35.514 [info] > git ls-files --stage -- /home/pro/Escritorio/git/ejercicio1-branch/README.md [3ms]
2024-10-10 18:00:35.537 [info] > git cat-file -s 5d67022251b99609f26cbd46c546af9edc3316ba [3ms]
2024-10-10 18:00:35.549 [info] > git show --textconv :README.md [3ms]
2024-10-10 18:00:51.957 [info] > git config --get commit.template [14ms]
2024-10-10 18:00:51.961 [info] > git for-each-ref --format=%(refname)%00%(upstream:short)%00%(objectname)%00%(upstream:track)%00%(upstream:remotename)%00%(upstream:remoteref) refs/heads/main refs/remotes/main [5ms]
2024-10-10 18:00:51.977 [info] > git status -z -uall [5ms]
2024-10-10 18:00:51.993 [info] > git for-each-ref --format=%(refname)%00%(upstream:short)%00%(objectname)%00%(upstream:track)%00%(upstream:remotename)%00%(upstream:remoteref) refs/heads/main refs/remotes/main [5ms]
2024-10-10 18:00:52.001 [info] > git config --local branch.main.vscode-merge-base [2ms]
2024-10-10 18:00:52.007 [info] > git for-each-ref --format=%(refname)%00%(upstream:short)%00%(objectname)%00%(upstream:track)%00%(upstream:remotename)%00%(upstream:remoteref) refs/heads/origin/main refs/remotes/origin/main [2ms]
2024-10-10 18:01:04.561 [info] > git config --get commit.template [5ms]
2024-10-10 18:01:04.574 [info] > git for-each-ref --format=%(refname)%00%(upstream:short)%00%(objectname)%00%(upstream:track)%00%(upstream:remotename)%00%(upstream:remoteref) refs/heads/main refs/remotes/main [13ms]
2024-10-10 18:01:04.593 [info] > git status -z -uall [3ms]
2024-10-10 18:01:04.606 [info] > git for-each-ref --format=%(refname)%00%(upstream:short)%00%(objectname)%00%(upstream:track)%00%(upstream:remotename)%00%(upstream:remoteref) refs/heads/main refs/remotes/main [7ms]
2024-10-10 18:01:04.613 [info] > git config --local branch.main.vscode-merge-base [2ms]
2024-10-10 18:01:04.624 [info] > git for-each-ref --format=%(refname)%00%(upstream:short)%00%(objectname)%00%(upstream:track)%00%(upstream:remotename)%00%(upstream:remoteref) refs/heads/origin/main refs/remotes/origin/main [4ms]
2024-10-10 18:01:09.618 [info] > git config --get commit.template [4ms]
2024-10-10 18:01:09.619 [info] > git for-each-ref --format=%(refname)%00%(upstream:short)%00%(objectname)%00%(upstream:track)%00%(upstream:remotename)%00%(upstream:remoteref) refs/heads/main refs/remotes/main [1ms]
2024-10-10 18:01:09.625 [info] > git status -z -uall [2ms]
2024-10-10 18:01:09.635 [info] > git for-each-ref --format=%(refname)%00%(upstream:short)%00%(objectname)%00%(upstream:track)%00%(upstream:remotename)%00%(upstream:remoteref) refs/heads/main refs/remotes/main [4ms]
2024-10-10 18:01:09.642 [info] > git config --local branch.main.vscode-merge-base [2ms]
2024-10-10 18:01:09.648 [info] > git for-each-ref --format=%(refname)%00%(upstream:short)%00%(objectname)%00%(upstream:track)%00%(upstream:remotename)%00%(upstream:remoteref) refs/heads/origin/main refs/remotes/origin/main [2ms]
2024-10-10 18:01:14.656 [info] > git for-each-ref --format=%(refname)%00%(upstream:short)%00%(objectname)%00%(upstream:track)%00%(upstream:remotename)%00%(upstream:remoteref) refs/heads/main refs/remotes/main [3ms]
2024-10-10 18:01:14.656 [info] > git config --get commit.template [10ms]
2024-10-10 18:01:14.664 [info] > git status -z -uall [2ms]
2024-10-10 18:01:14.673 [info] > git for-each-ref --format=%(refname)%00%(upstream:short)%00%(objectname)%00%(upstream:track)%00%(upstream:remotename)%00%(upstream:remoteref) refs/heads/main refs/remotes/main [5ms]
2024-10-10 18:01:14.679 [info] > git config --local branch.main.vscode-merge-base [2ms]
2024-10-10 18:01:14.685 [info] > git for-each-ref --format=%(refname)%00%(upstream:short)%00%(objectname)%00%(upstream:track)%00%(upstream:remotename)%00%(upstream:remoteref) refs/heads/origin/main refs/remotes/origin/main [2ms]
2024-10-10 18:01:19.678 [info] > git config --get commit.template [4ms]
2024-10-10 18:01:19.679 [info] > git for-each-ref --format=%(refname)%00%(upstream:short)%00%(objectname)%00%(upstream:track)%00%(upstream:remotename)%00%(upstream:remoteref) refs/heads/main refs/remotes/main [2ms]
2024-10-10 18:01:19.685 [info] > git status -z -uall [1ms]
2024-10-10 18:01:19.696 [info] > git for-each-ref --format=%(refname)%00%(upstream:short)%00%(objectname)%00%(upstream:track)%00%(upstream:remotename)%00%(upstream:remoteref) refs/heads/main refs/remotes/main [5ms]
2024-10-10 18:01:19.701 [info] > git config --local branch.main.vscode-merge-base [2ms]
2024-10-10 18:01:19.706 [info] > git for-each-ref --format=%(refname)%00%(upstream:short)%00%(objectname)%00%(upstream:track)%00%(upstream:remotename)%00%(upstream:remoteref) refs/heads/origin/main refs/remotes/origin/main [1ms]
2024-10-10 18:01:24.702 [info] > git config --get commit.template [5ms]
2024-10-10 18:01:24.704 [info] > git for-each-ref --format=%(refname)%00%(upstream:short)%00%(objectname)%00%(upstream:track)%00%(upstream:remotename)%00%(upstream:remoteref) refs/heads/main refs/remotes/main [2ms]
2024-10-10 18:01:24.710 [info] > git status -z -uall [2ms]
2024-10-10 18:01:24.720 [info] > git for-each-ref --format=%(refname)%00%(upstream:short)%00%(objectname)%00%(upstream:track)%00%(upstream:remotename)%00%(upstream:remoteref) refs/heads/main refs/remotes/main [5ms]
2024-10-10 18:01:24.734 [info] > git config --local branch.main.vscode-merge-base [9ms]
2024-10-10 18:01:24.740 [info] > git for-each-ref --format=%(refname)%00%(upstream:short)%00%(objectname)%00%(upstream:track)%00%(upstream:remotename)%00%(upstream:remoteref) refs/heads/origin/main refs/remotes/origin/main [2ms]
2024-10-10 18:01:32.533 [info] > git config --get commit.template [13ms]
2024-10-10 18:01:32.537 [info] > git for-each-ref --format=%(refname)%00%(upstream:short)%00%(objectname)%00%(upstream:track)%00%(upstream:remotename)%00%(upstream:remoteref) refs/heads/main refs/remotes/main [5ms]
2024-10-10 18:01:32.553 [info] > git status -z -uall [5ms]
2024-10-10 18:01:32.575 [info] > git for-each-ref --format=%(refname)%00%(upstream:short)%00%(objectname)%00%(upstream:track)%00%(upstream:remotename)%00%(upstream:remoteref) refs/heads/main refs/remotes/main [10ms]
2024-10-10 18:01:32.586 [info] > git config --local branch.main.vscode-merge-base [2ms]
2024-10-10 18:01:32.600 [info] > git for-each-ref --format=%(refname)%00%(upstream:short)%00%(objectname)%00%(upstream:track)%00%(upstream:remotename)%00%(upstream:remoteref) refs/heads/origin/main refs/remotes/origin/main [8ms]
2024-10-10 18:01:37.578 [info] > git config --get commit.template [4ms]
2024-10-10 18:01:37.579 [info] > git for-each-ref --format=%(refname)%00%(upstream:short)%00%(objectname)%00%(upstream:track)%00%(upstream:remotename)%00%(upstream:remoteref) refs/heads/main refs/remotes/main [1ms]
2024-10-10 18:01:37.585 [info] > git status -z -uall [2ms]
2024-10-10 18:01:37.593 [info] > git for-each-ref --format=%(refname)%00%(upstream:short)%00%(objectname)%00%(upstream:track)%00%(upstream:remotename)%00%(upstream:remoteref) refs/heads/main refs/remotes/main [3ms]
2024-10-10 18:01:37.599 [info] > git config --local branch.main.vscode-merge-base [1ms]
2024-10-10 18:01:37.604 [info] > git for-each-ref --format=%(refname)%00%(upstream:short)%00%(objectname)%00%(upstream:track)%00%(upstream:remotename)%00%(upstream:remoteref) refs/heads/origin/main refs/remotes/origin/main [1ms]
2024-10-10 18:01:42.623 [info] > git config --get commit.template [16ms]
2024-10-10 18:01:42.626 [info] > git for-each-ref --format=%(refname)%00%(upstream:short)%00%(objectname)%00%(upstream:track)%00%(upstream:remotename)%00%(upstream:remoteref) refs/heads/main refs/remotes/main [6ms]
2024-10-10 18:01:42.646 [info] > git status -z -uall [6ms]
2024-10-10 18:01:42.660 [info] > git for-each-ref --format=%(refname)%00%(upstream:short)%00%(objectname)%00%(upstream:track)%00%(upstream:remotename)%00%(upstream:remoteref) refs/heads/main refs/remotes/main [6ms]
2024-10-10 18:01:42.666 [info] > git config --local branch.main.vscode-merge-base [1ms]
2024-10-10 18:01:42.673 [info] > git for-each-ref --format=%(refname)%00%(upstream:short)%00%(objectname)%00%(upstream:track)%00%(upstream:remotename)%00%(upstream:remoteref) refs/heads/origin/main refs/remotes/origin/main [2ms]
2024-10-10 18:01:54.677 [info] > git config --get commit.template [11ms]
2024-10-10 18:01:54.679 [info] > git for-each-ref --format=%(refname)%00%(upstream:short)%00%(objectname)%00%(upstream:track)%00%(upstream:remotename)%00%(upstream:remoteref) refs/heads/main refs/remotes/main [3ms]
2024-10-10 18:01:54.702 [info] > git status -z -uall [4ms]
2024-10-10 18:01:54.711 [info] > git for-each-ref --format=%(refname)%00%(upstream:short)%00%(objectname)%00%(upstream:track)%00%(upstream:remotename)%00%(upstream:remoteref) refs/heads/main refs/remotes/main [4ms]
2024-10-10 18:01:54.720 [info] > git config --local branch.main.vscode-merge-base [2ms]
2024-10-10 18:01:54.727 [info] > git for-each-ref --format=%(refname)%00%(upstream:short)%00%(objectname)%00%(upstream:track)%00%(upstream:remotename)%00%(upstream:remoteref) refs/heads/origin/main refs/remotes/origin/main [3ms]
2024-10-10 18:01:54.732 [info] > git merge-base refs/heads/main refs/remotes/origin/main [1ms]
2024-10-10 18:01:54.741 [info] > git rev-list --count --left-right refs/heads/main...refs/remotes/origin/main [2ms]
2024-10-10 18:01:54.747 [info] > git diff --name-status -z --diff-filter=ADMR b7f31f801fe3b315bb2ad439ed2c8d5a79d92a81...refs/remotes/origin/main [1ms]
2024-10-10 18:01:55.823 [info] > git ls-files --stage -- /home/pro/Escritorio/git/ejercicio1-branch/README.md [7ms]
2024-10-10 18:01:55.832 [info] > git cat-file -s 5d67022251b99609f26cbd46c546af9edc3316ba [2ms]
2024-10-10 18:01:55.845 [info] > git show --textconv :README.md [5ms]
2024-10-10 18:02:04.526 [info] > git config --get commit.template [13ms]
2024-10-10 18:02:04.530 [info] > git for-each-ref --format=%(refname)%00%(upstream:short)%00%(objectname)%00%(upstream:track)%00%(upstream:remotename)%00%(upstream:remoteref) refs/heads/main refs/remotes/main [4ms]
2024-10-10 18:02:04.546 [info] > git status -z -uall [5ms]
2024-10-10 18:02:04.563 [info] > git for-each-ref --format=%(refname)%00%(upstream:short)%00%(objectname)%00%(upstream:track)%00%(upstream:remotename)%00%(upstream:remoteref) refs/heads/main refs/remotes/main [5ms]
2024-10-10 18:02:04.572 [info] > git config --local branch.main.vscode-merge-base [3ms]
2024-10-10 18:02:04.578 [info] > git for-each-ref --format=%(refname)%00%(upstream:short)%00%(objectname)%00%(upstream:track)%00%(upstream:remotename)%00%(upstream:remoteref) refs/heads/origin/main refs/remotes/origin/main [2ms]
2024-10-10 18:03:10.323 [info] > git config --get commit.template [13ms]
2024-10-10 18:03:10.328 [info] > git for-each-ref --format=%(refname)%00%(upstream:short)%00%(objectname)%00%(upstream:track)%00%(upstream:remotename)%00%(upstream:remoteref) refs/heads/main refs/remotes/main [6ms]
2024-10-10 18:03:10.342 [info] > git status -z -uall [4ms]
2024-10-10 18:03:10.354 [info] > git for-each-ref --format=%(refname)%00%(upstream:short)%00%(objectname)%00%(upstream:track)%00%(upstream:remotename)%00%(upstream:remoteref) refs/heads/main refs/remotes/main [4ms]
2024-10-10 18:03:10.361 [info] > git config --local branch.main.vscode-merge-base [1ms]
2024-10-10 18:03:10.368 [info] > git for-each-ref --format=%(refname)%00%(upstream:short)%00%(objectname)%00%(upstream:track)%00%(upstream:remotename)%00%(upstream:remoteref) refs/heads/origin/main refs/remotes/origin/main [1ms]
2024-10-10 18:03:15.381 [info] > git config --get commit.template [15ms]
2024-10-10 18:03:15.389 [info] > git for-each-ref --format=%(refname)%00%(upstream:short)%00%(objectname)%00%(upstream:track)%00%(upstream:remotename)%00%(upstream:remoteref) refs/heads/main refs/remotes/main [9ms]
2024-10-10 18:03:15.396 [info] > git status -z -uall [2ms]
2024-10-10 18:03:15.417 [info] > git for-each-ref --format=%(refname)%00%(upstream:short)%00%(objectname)%00%(upstream:track)%00%(upstream:remotename)%00%(upstream:remoteref) refs/heads/main refs/remotes/main [7ms]
2024-10-10 18:03:15.427 [info] > git config --local branch.main.vscode-merge-base [2ms]
2024-10-10 18:03:15.442 [info] > git for-each-ref --format=%(refname)%00%(upstream:short)%00%(objectname)%00%(upstream:track)%00%(upstream:remotename)%00%(upstream:remoteref) refs/heads/origin/main refs/remotes/origin/main [3ms]
2024-10-10 18:03:22.691 [info] > git config --get commit.template [13ms]
2024-10-10 18:03:22.695 [info] > git for-each-ref --format=%(refname)%00%(upstream:short)%00%(objectname)%00%(upstream:track)%00%(upstream:remotename)%00%(upstream:remoteref) refs/heads/main refs/remotes/main [6ms]
2024-10-10 18:03:22.712 [info] > git status -z -uall [5ms]
2024-10-10 18:03:22.730 [info] > git for-each-ref --format=%(refname)%00%(upstream:short)%00%(objectname)%00%(upstream:track)%00%(upstream:remotename)%00%(upstream:remoteref) refs/heads/main refs/remotes/main [6ms]
2024-10-10 18:03:22.738 [info] > git config --local branch.main.vscode-merge-base [2ms]
2024-10-10 18:03:22.745 [info] > git for-each-ref --format=%(refname)%00%(upstream:short)%00%(objectname)%00%(upstream:track)%00%(upstream:remotename)%00%(upstream:remoteref) refs/heads/origin/main refs/remotes/origin/main [2ms]
2024-10-10 18:03:27.749 [info] > git config --get commit.template [10ms]
2024-10-10 18:03:27.753 [info] > git for-each-ref --format=%(refname)%00%(upstream:short)%00%(objectname)%00%(upstream:track)%00%(upstream:remotename)%00%(upstream:remoteref) refs/heads/main refs/remotes/main [5ms]
2024-10-10 18:03:27.764 [info] > git status -z -uall [2ms]
2024-10-10 18:03:27.772 [info] > git for-each-ref --format=%(refname)%00%(upstream:short)%00%(objectname)%00%(upstream:track)%00%(upstream:remotename)%00%(upstream:remoteref) refs/heads/main refs/remotes/main [3ms]
2024-10-10 18:03:27.777 [info] > git config --local branch.main.vscode-merge-base [1ms]
2024-10-10 18:03:27.783 [info] > git for-each-ref --format=%(refname)%00%(upstream:short)%00%(objectname)%00%(upstream:track)%00%(upstream:remotename)%00%(upstream:remoteref) refs/heads/origin/main refs/remotes/origin/main [2ms]
2024-10-10 18:03:32.780 [info] > git config --get commit.template [5ms]
2024-10-10 18:03:32.782 [info] > git for-each-ref --format=%(refname)%00%(upstream:short)%00%(objectname)%00%(upstream:track)%00%(upstream:remotename)%00%(upstream:remoteref) refs/heads/main refs/remotes/main [3ms]
2024-10-10 18:03:32.787 [info] > git status -z -uall [1ms]
2024-10-10 18:03:32.800 [info] > git for-each-ref --format=%(refname)%00%(upstream:short)%00%(objectname)%00%(upstream:track)%00%(upstream:remotename)%00%(upstream:remoteref) refs/heads/main refs/remotes/main [4ms]
2024-10-10 18:03:32.806 [info] > git config --local branch.main.vscode-merge-base [1ms]
2024-10-10 18:03:32.812 [info] > git for-each-ref --format=%(refname)%00%(upstream:short)%00%(objectname)%00%(upstream:track)%00%(upstream:remotename)%00%(upstream:remoteref) refs/heads/origin/main refs/remotes/origin/main [1ms]
2024-10-10 18:03:37.809 [info] > git config --get commit.template [4ms]
2024-10-10 18:03:37.811 [info] > git for-each-ref --format=%(refname)%00%(upstream:short)%00%(objectname)%00%(upstream:track)%00%(upstream:remotename)%00%(upstream:remoteref) refs/heads/main refs/remotes/main [2ms]
2024-10-10 18:03:37.817 [info] > git status -z -uall [2ms]
2024-10-10 18:03:37.824 [info] > git for-each-ref --format=%(refname)%00%(upstream:short)%00%(objectname)%00%(upstream:track)%00%(upstream:remotename)%00%(upstream:remoteref) refs/heads/main refs/remotes/main [3ms]
2024-10-10 18:03:37.830 [info] > git config --local branch.main.vscode-merge-base [2ms]
2024-10-10 18:03:37.836 [info] > git for-each-ref --format=%(refname)%00%(upstream:short)%00%(objectname)%00%(upstream:track)%00%(upstream:remotename)%00%(upstream:remoteref) refs/heads/origin/main refs/remotes/origin/main [2ms]
2024-10-10 18:04:22.852 [info] > git config --get commit.template [4ms]
2024-10-10 18:04:22.863 [info] > git for-each-ref --format=%(refname)%00%(upstream:short)%00%(objectname)%00%(upstream:track)%00%(upstream:remotename)%00%(upstream:remoteref) refs/heads/main refs/remotes/main [11ms]
2024-10-10 18:04:22.870 [info] > git status -z -uall [2ms]
2024-10-10 18:04:22.879 [info] > git for-each-ref --format=%(refname)%00%(upstream:short)%00%(objectname)%00%(upstream:track)%00%(upstream:remotename)%00%(upstream:remoteref) refs/heads/main refs/remotes/main [4ms]
2024-10-10 18:04:22.885 [info] > git config --local branch.main.vscode-merge-base [1ms]
2024-10-10 18:04:22.893 [info] > git for-each-ref --format=%(refname)%00%(upstream:short)%00%(objectname)%00%(upstream:track)%00%(upstream:remotename)%00%(upstream:remoteref) refs/heads/origin/main refs/remotes/origin/main [2ms]
2024-10-10 18:05:39.967 [info] > git show --textconv :ejercicio1.java [29ms]
2024-10-10 18:05:39.987 [info] > git ls-files --stage -- /home/pro/Escritorio/git/ejercicio1-branch/ejercicio1.java [21ms]
2024-10-10 18:05:40.011 [info] > git cat-file -s 4233878164ef710c0e490b1ac70a470944628a0d [16ms]
2024-10-10 18:05:41.704 [info] > git show --textconv :README.md [12ms]
2024-10-10 18:05:41.708 [info] > git ls-files --stage -- /home/pro/Escritorio/git/ejercicio1-branch/README.md [5ms]
2024-10-10 18:05:41.716 [info] > git cat-file -s 5d67022251b99609f26cbd46c546af9edc3316ba [3ms]
2024-10-10 18:05:51.771 [info] > git show --textconv :ejercicio1.java [14ms]
2024-10-10 18:05:51.774 [info] > git ls-files --stage -- /home/pro/Escritorio/git/ejercicio1-branch/ejercicio1.java [3ms]
2024-10-10 18:05:51.796 [info] > git cat-file -s 4233878164ef710c0e490b1ac70a470944628a0d [10ms]
2024-10-10 18:05:54.256 [info] > git show --textconv :README.md [8ms]
2024-10-10 18:05:54.260 [info] > git ls-files --stage -- /home/pro/Escritorio/git/ejercicio1-branch/README.md [4ms]
2024-10-10 18:05:54.270 [info] > git cat-file -s 5d67022251b99609f26cbd46c546af9edc3316ba [5ms]
2024-10-10 18:08:42.036 [info] > git config --get commit.template [12ms]
2024-10-10 18:08:42.039 [info] > git for-each-ref --format=%(refname)%00%(upstream:short)%00%(objectname)%00%(upstream:track)%00%(upstream:remotename)%00%(upstream:remoteref) refs/heads/main refs/remotes/main [3ms]
2024-10-10 18:08:42.052 [info] > git status -z -uall [2ms]
2024-10-10 18:08:42.065 [info] > git for-each-ref --format=%(refname)%00%(upstream:short)%00%(objectname)%00%(upstream:track)%00%(upstream:remotename)%00%(upstream:remoteref) refs/heads/main refs/remotes/main [7ms]
2024-10-10 18:08:42.077 [info] > git config --local branch.main.vscode-merge-base [2ms]
2024-10-10 18:08:42.083 [info] > git for-each-ref --format=%(refname)%00%(upstream:short)%00%(objectname)%00%(upstream:track)%00%(upstream:remotename)%00%(upstream:remoteref) refs/heads/origin/main refs/remotes/origin/main [2ms]
2024-10-10 18:09:07.983 [info] > git show --textconv :ejercicio1.java [52ms]
2024-10-10 18:09:07.984 [info] > git ls-files --stage -- /home/pro/Escritorio/git/ejercicio1-branch/ejercicio1.java [2ms]
2024-10-10 18:09:08.006 [info] > git cat-file -s 4233878164ef710c0e490b1ac70a470944628a0d [9ms]
2024-10-10 18:09:15.988 [info] > git show --textconv :README.md [4ms]
2024-10-10 18:09:15.990 [info] > git ls-files --stage -- /home/pro/Escritorio/git/ejercicio1-branch/README.md [2ms]
2024-10-10 18:09:16.003 [info] > git cat-file -s 5d67022251b99609f26cbd46c546af9edc3316ba [9ms]
2024-10-10 18:10:06.591 [info] > git show --textconv :ejercicio2.java [14ms]
2024-10-10 18:10:06.593 [info] > git ls-files --stage -- /home/pro/Escritorio/git/ejercicio1-branch/ejercicio2.java [4ms]
2024-10-10 18:10:06.925 [info] > git check-ignore -v -z --stdin [18ms]
2024-10-10 18:10:07.602 [info] > git config --get commit.template [6ms]
2024-10-10 18:10:07.603 [info] > git for-each-ref --format=%(refname)%00%(upstream:short)%00%(objectname)%00%(upstream:track)%00%(upstream:remotename)%00%(upstream:remoteref) refs/heads/main refs/remotes/main [2ms]
2024-10-10 18:10:07.610 [info] > git status -z -uall [2ms]
2024-10-10 18:10:07.619 [info] > git for-each-ref --format=%(refname)%00%(upstream:short)%00%(objectname)%00%(upstream:track)%00%(upstream:remotename)%00%(upstream:remoteref) refs/heads/main refs/remotes/main [4ms]
2024-10-10 18:10:07.625 [info] > git config --local branch.main.vscode-merge-base [1ms]
2024-10-10 18:10:07.632 [info] > git for-each-ref --format=%(refname)%00%(upstream:short)%00%(objectname)%00%(upstream:track)%00%(upstream:remotename)%00%(upstream:remoteref) refs/heads/origin/main refs/remotes/origin/main [2ms]
2024-10-10 18:10:10.850 [info] > git show --textconv :ejercicio1.java [10ms]
2024-10-10 18:10:10.857 [info] > git ls-files --stage -- /home/pro/Escritorio/git/ejercicio1-branch/ejercicio1.java [7ms]
2024-10-10 18:10:10.864 [info] > git cat-file -s 4233878164ef710c0e490b1ac70a470944628a0d [1ms]
2024-10-10 18:10:17.911 [info] > git show --textconv :ejercicio2.java [7ms]
2024-10-10 18:10:17.938 [info] > git ls-files --stage -- /home/pro/Escritorio/git/ejercicio1-branch/ejercicio2.java [28ms]
2024-10-10 18:10:21.965 [info] > git config --get commit.template [11ms]
2024-10-10 18:10:21.969 [info] > git for-each-ref --format=%(refname)%00%(upstream:short)%00%(objectname)%00%(upstream:track)%00%(upstream:remotename)%00%(upstream:remoteref) refs/heads/main refs/remotes/main [5ms]
2024-10-10 18:10:21.977 [info] > git status -z -uall [2ms]
2024-10-10 18:10:21.990 [info] > git for-each-ref --format=%(refname)%00%(upstream:short)%00%(objectname)%00%(upstream:track)%00%(upstream:remotename)%00%(upstream:remoteref) refs/heads/main refs/remotes/main [4ms]
2024-10-10 18:10:21.996 [info] > git config --local branch.main.vscode-merge-base [3ms]
2024-10-10 18:10:22.004 [info] > git for-each-ref --format=%(refname)%00%(upstream:short)%00%(objectname)%00%(upstream:track)%00%(upstream:remotename)%00%(upstream:remoteref) refs/heads/origin/main refs/remotes/origin/main [2ms]
2024-10-10 18:10:27.015 [info] > git config --get commit.template [16ms]
2024-10-10 18:10:27.016 [info] > git for-each-ref --format=%(refname)%00%(upstream:short)%00%(objectname)%00%(upstream:track)%00%(upstream:remotename)%00%(upstream:remoteref) refs/heads/main refs/remotes/main [1ms]
2024-10-10 18:10:27.026 [info] > git status -z -uall [2ms]
2024-10-10 18:10:27.035 [info] > git for-each-ref --format=%(refname)%00%(upstream:short)%00%(objectname)%00%(upstream:track)%00%(upstream:remotename)%00%(upstream:remoteref) refs/heads/main refs/remotes/main [3ms]
2024-10-10 18:10:27.041 [info] > git config --local branch.main.vscode-merge-base [2ms]
2024-10-10 18:10:27.046 [info] > git for-each-ref --format=%(refname)%00%(upstream:short)%00%(objectname)%00%(upstream:track)%00%(upstream:remotename)%00%(upstream:remoteref) refs/heads/origin/main refs/remotes/origin/main [1ms]
2024-10-10 18:10:30.843 [info] > git show --textconv :ejercicio1.java [13ms]
2024-10-10 18:10:30.851 [info] > git ls-files --stage -- /home/pro/Escritorio/git/ejercicio1-branch/ejercicio1.java [9ms]
2024-10-10 18:10:30.869 [info] > git cat-file -s 4233878164ef710c0e490b1ac70a470944628a0d [10ms]
2024-10-10 18:10:32.063 [info] > git config --get commit.template [15ms]
2024-10-10 18:10:32.067 [info] > git for-each-ref --format=%(refname)%00%(upstream:short)%00%(objectname)%00%(upstream:track)%00%(upstream:remotename)%00%(upstream:remoteref) refs/heads/main refs/remotes/main [4ms]
2024-10-10 18:10:32.076 [info] > git status -z -uall [4ms]
2024-10-10 18:10:32.084 [info] > git for-each-ref --format=%(refname)%00%(upstream:short)%00%(objectname)%00%(upstream:track)%00%(upstream:remotename)%00%(upstream:remoteref) refs/heads/main refs/remotes/main [3ms]
2024-10-10 18:10:32.091 [info] > git config --local branch.main.vscode-merge-base [2ms]
2024-10-10 18:10:32.096 [info] > git for-each-ref --format=%(refname)%00%(upstream:short)%00%(objectname)%00%(upstream:track)%00%(upstream:remotename)%00%(upstream:remoteref) refs/heads/origin/main refs/remotes/origin/main [1ms]
2024-10-10 18:10:33.738 [info] > git show --textconv :ejercicio2.java [17ms]
2024-10-10 18:10:33.747 [info] > git ls-files --stage -- /home/pro/Escritorio/git/ejercicio1-branch/ejercicio2.java [10ms]
2024-10-10 18:10:34.712 [info] > git show --textconv :ejercicio1.java [13ms]
2024-10-10 18:10:34.716 [info] > git ls-files --stage -- /home/pro/Escritorio/git/ejercicio1-branch/ejercicio1.java [5ms]
2024-10-10 18:10:34.729 [info] > git cat-file -s 4233878164ef710c0e490b1ac70a470944628a0d [3ms]
2024-10-10 18:10:36.087 [info] > git show --textconv :ejercicio2.java [14ms]
2024-10-10 18:10:36.090 [info] > git ls-files --stage -- /home/pro/Escritorio/git/ejercicio1-branch/ejercicio2.java [3ms]
2024-10-10 18:10:41.444 [info] > git config --get commit.template [13ms]
2024-10-10 18:10:41.448 [info] > git for-each-ref --format=%(refname)%00%(upstream:short)%00%(objectname)%00%(upstream:track)%00%(upstream:remotename)%00%(upstream:remoteref) refs/heads/main refs/remotes/main [5ms]
2024-10-10 18:10:41.458 [info] > git status -z -uall [3ms]
2024-10-10 18:10:41.467 [info] > git for-each-ref --format=%(refname)%00%(upstream:short)%00%(objectname)%00%(upstream:track)%00%(upstream:remotename)%00%(upstream:remoteref) refs/heads/main refs/remotes/main [3ms]
2024-10-10 18:10:41.473 [info] > git config --local branch.main.vscode-merge-base [1ms]
2024-10-10 18:10:41.483 [info] > git for-each-ref --format=%(refname)%00%(upstream:short)%00%(objectname)%00%(upstream:track)%00%(upstream:remotename)%00%(upstream:remoteref) refs/heads/origin/main refs/remotes/origin/main [4ms]
2024-10-10 18:10:44.182 [info] > git show --textconv :README.md [18ms]
2024-10-10 18:10:44.184 [info] > git ls-files --stage -- /home/pro/Escritorio/git/ejercicio1-branch/README.md [4ms]
2024-10-10 18:10:44.211 [info] > git cat-file -s 5d67022251b99609f26cbd46c546af9edc3316ba [7ms]
2024-10-10 18:11:09.368 [info] > git config --get commit.template [10ms]
2024-10-10 18:11:09.370 [info] > git for-each-ref --format=%(refname)%00%(upstream:short)%00%(objectname)%00%(upstream:track)%00%(upstream:remotename)%00%(upstream:remoteref) refs/heads/ejercicio2-branch refs/remotes/ejercicio2-branch [3ms]
2024-10-10 18:11:09.378 [info] > git status -z -uall [3ms]
2024-10-10 18:11:09.392 [info] > git for-each-ref --format=%(refname)%00%(upstream:short)%00%(objectname)%00%(upstream:track)%00%(upstream:remotename)%00%(upstream:remoteref) refs/heads/ejercicio2-branch refs/remotes/ejercicio2-branch [4ms]
2024-10-10 18:11:09.403 [info] > git config --local branch.ejercicio2-branch.vscode-merge-base [6ms]
2024-10-10 18:11:09.403 [warning] [Git][config] git config failed: Failed to execute git
2024-10-10 18:11:09.411 [info] > git reflog ejercicio2-branch --grep-reflog=branch: Created from *. [4ms]
2024-10-10 18:11:09.419 [info] > git reflog HEAD --grep-reflog=checkout: moving from .* to ejercicio2-branch [4ms]
2024-10-10 18:11:09.424 [info] > git for-each-ref --format=%(refname)%00%(upstream:short)%00%(objectname)%00%(upstream:track)%00%(upstream:remotename)%00%(upstream:remoteref) refs/heads/main refs/remotes/main [1ms]
2024-10-10 18:11:09.433 [info] > git for-each-ref --format=%(refname)%00%(upstream:short)%00%(objectname)%00%(upstream:track)%00%(upstream:remotename)%00%(upstream:remoteref) refs/remotes/origin/main [1ms]
2024-10-10 18:11:09.440 [info] > git config --local branch.ejercicio2-branch.vscode-merge-base origin/main [2ms]
2024-10-10 18:11:09.449 [info] > git config --get commit.template [5ms]
2024-10-10 18:11:09.450 [info] > git for-each-ref --format=%(refname)%00%(upstream:short)%00%(objectname)%00%(upstream:track)%00%(upstream:remotename)%00%(upstream:remoteref) refs/heads/ejercicio2-branch refs/remotes/ejercicio2-branch [2ms]
2024-10-10 18:11:09.455 [info] > git status -z -uall [2ms]
2024-10-10 18:11:09.464 [info] > git for-each-ref --format=%(refname)%00%(upstream:short)%00%(objectname)%00%(upstream:track)%00%(upstream:remotename)%00%(upstream:remoteref) refs/heads/ejercicio2-branch refs/remotes/ejercicio2-branch [5ms]
2024-10-10 18:11:09.471 [info] > git config --local branch.ejercicio2-branch.vscode-merge-base [1ms]
2024-10-10 18:11:09.477 [info] > git for-each-ref --format=%(refname)%00%(upstream:short)%00%(objectname)%00%(upstream:track)%00%(upstream:remotename)%00%(upstream:remoteref) refs/heads/origin/main refs/remotes/origin/main [1ms]
2024-10-10 18:11:10.595 [info] > git config --get commit.template [13ms]
2024-10-10 18:11:10.599 [info] > git for-each-ref --format=%(refname)%00%(upstream:short)%00%(objectname)%00%(upstream:track)%00%(upstream:remotename)%00%(upstream:remoteref) refs/heads/ejercicio2-branch refs/remotes/ejercicio2-branch [5ms]
2024-10-10 18:11:10.616 [info] > git status -z -uall [5ms]
2024-10-10 18:11:10.635 [info] > git for-each-ref --format=%(refname)%00%(upstream:short)%00%(objectname)%00%(upstream:track)%00%(upstream:remotename)%00%(upstream:remoteref) refs/heads/ejercicio2-branch refs/remotes/ejercicio2-branch [7ms]
2024-10-10 18:11:10.644 [info] > git config --local branch.ejercicio2-branch.vscode-merge-base [1ms]
2024-10-10 18:11:10.651 [info] > git for-each-ref --format=%(refname)%00%(upstream:short)%00%(objectname)%00%(upstream:track)%00%(upstream:remotename)%00%(upstream:remoteref) refs/heads/origin/main refs/remotes/origin/main [1ms]
2024-10-10 18:11:10.675 [info] > git ls-files --stage -- /home/pro/Escritorio/git/ejercicio1-branch/README.md [1ms]
2024-10-10 18:11:10.681 [info] > git cat-file -s 5d67022251b99609f26cbd46c546af9edc3316ba [1ms]
2024-10-10 18:11:10.688 [info] > git show --textconv :README.md [2ms]
2024-10-10 18:11:28.675 [info] > git config --get commit.template [13ms]
2024-10-10 18:11:28.678 [info] > git for-each-ref --format=%(refname)%00%(upstream:short)%00%(objectname)%00%(upstream:track)%00%(upstream:remotename)%00%(upstream:remoteref) refs/heads/ejercicio2-branch refs/remotes/ejercicio2-branch [4ms]
2024-10-10 18:11:28.693 [info] > git status -z -uall [5ms]
2024-10-10 18:11:28.722 [info] > git for-each-ref --format=%(refname)%00%(upstream:short)%00%(objectname)%00%(upstream:track)%00%(upstream:remotename)%00%(upstream:remoteref) refs/heads/ejercicio2-branch refs/remotes/ejercicio2-branch [15ms]
2024-10-10 18:11:28.733 [info] > git config --local branch.ejercicio2-branch.vscode-merge-base [2ms]
2024-10-10 18:11:28.741 [info] > git for-each-ref --format=%(refname)%00%(upstream:short)%00%(objectname)%00%(upstream:track)%00%(upstream:remotename)%00%(upstream:remoteref) refs/heads/origin/main refs/remotes/origin/main [2ms]
2024-10-10 18:11:33.753 [info] > git config --get commit.template [15ms]
2024-10-10 18:11:33.754 [info] > git for-each-ref --format=%(refname)%00%(upstream:short)%00%(objectname)%00%(upstream:track)%00%(upstream:remotename)%00%(upstream:remoteref) refs/heads/ejercicio2-branch refs/remotes/ejercicio2-branch [3ms]
2024-10-10 18:11:33.762 [info] > git status -z -uall [1ms]
2024-10-10 18:11:33.807 [info] > git for-each-ref --format=%(refname)%00%(upstream:short)%00%(objectname)%00%(upstream:track)%00%(upstream:remotename)%00%(upstream:remoteref) refs/heads/ejercicio2-branch refs/remotes/ejercicio2-branch [8ms]
2024-10-10 18:11:33.831 [info] > git config --local branch.ejercicio2-branch.vscode-merge-base [4ms]
2024-10-10 18:11:33.855 [info] > git for-each-ref --format=%(refname)%00%(upstream:short)%00%(objectname)%00%(upstream:track)%00%(upstream:remotename)%00%(upstream:remoteref) refs/heads/origin/main refs/remotes/origin/main [9ms]
2024-10-10 18:12:09.531 [info] > git show --textconv :ejercicio2.java [31ms]
2024-10-10 18:12:09.536 [info] > git ls-files --stage -- /home/pro/Escritorio/git/ejercicio1-branch/ejercicio2.java [5ms]
2024-10-10 18:12:12.291 [info] > git show --textconv :README.md [7ms]
2024-10-10 18:12:12.293 [info] > git ls-files --stage -- /home/pro/Escritorio/git/ejercicio1-branch/README.md [3ms]
2024-10-10 18:12:12.299 [info] > git cat-file -s 5d67022251b99609f26cbd46c546af9edc3316ba [2ms]
2024-10-10 18:12:48.289 [info] > git config --get commit.template [14ms]
2024-10-10 18:12:48.295 [info] > git for-each-ref --format=%(refname)%00%(upstream:short)%00%(objectname)%00%(upstream:track)%00%(upstream:remotename)%00%(upstream:remoteref) refs/heads/ejercicio2-branch refs/remotes/ejercicio2-branch [6ms]
2024-10-10 18:12:48.302 [info] > git status -z -uall [2ms]
2024-10-10 18:12:48.309 [info] > git for-each-ref --format=%(refname)%00%(upstream:short)%00%(objectname)%00%(upstream:track)%00%(upstream:remotename)%00%(upstream:remoteref) refs/heads/ejercicio2-branch refs/remotes/ejercicio2-branch [3ms]
2024-10-10 18:12:48.315 [info] > git config --local branch.ejercicio2-branch.vscode-merge-base [2ms]
2024-10-10 18:12:48.321 [info] > git for-each-ref --format=%(refname)%00%(upstream:short)%00%(objectname)%00%(upstream:track)%00%(upstream:remotename)%00%(upstream:remoteref) refs/heads/origin/main refs/remotes/origin/main [2ms]
2024-10-10 18:12:56.622 [info] > git config --get commit.template [15ms]
2024-10-10 18:12:56.627 [info] > git for-each-ref --format=%(refname)%00%(upstream:short)%00%(objectname)%00%(upstream:track)%00%(upstream:remotename)%00%(upstream:remoteref) refs/heads/ejercicio2-branch refs/remotes/ejercicio2-branch [8ms]
2024-10-10 18:12:56.643 [info] > git status -z -uall [6ms]
2024-10-10 18:12:56.675 [info] > git for-each-ref --format=%(refname)%00%(upstream:short)%00%(objectname)%00%(upstream:track)%00%(upstream:remotename)%00%(upstream:remoteref) refs/heads/ejercicio2-branch refs/remotes/ejercicio2-branch [12ms]
2024-10-10 18:12:56.694 [info] > git config --local branch.ejercicio2-branch.vscode-merge-base [9ms]
2024-10-10 18:12:56.702 [info] > git for-each-ref --format=%(refname)%00%(upstream:short)%00%(objectname)%00%(upstream:track)%00%(upstream:remotename)%00%(upstream:remoteref) refs/heads/origin/main refs/remotes/origin/main [1ms]
2024-10-10 18:13:06.125 [info] > git config --get commit.template [14ms]
2024-10-10 18:13:06.131 [info] > git for-each-ref --format=%(refname)%00%(upstream:short)%00%(objectname)%00%(upstream:track)%00%(upstream:remotename)%00%(upstream:remoteref) refs/heads/ejercicio2-branch refs/remotes/ejercicio2-branch [8ms]
2024-10-10 18:13:06.144 [info] > git status -z -uall [5ms]
2024-10-10 18:13:06.154 [info] > git for-each-ref --format=%(refname)%00%(upstream:short)%00%(objectname)%00%(upstream:track)%00%(upstream:remotename)%00%(upstream:remoteref) refs/heads/ejercicio2-branch refs/remotes/ejercicio2-branch [4ms]
2024-10-10 18:13:06.160 [info] > git config --local branch.ejercicio2-branch.vscode-merge-base [2ms]
2024-10-10 18:13:06.168 [info] > git for-each-ref --format=%(refname)%00%(upstream:short)%00%(objectname)%00%(upstream:track)%00%(upstream:remotename)%00%(upstream:remoteref) refs/heads/origin/main refs/remotes/origin/main [4ms]
2024-10-10 18:13:11.166 [info] > git config --get commit.template [6ms]
2024-10-10 18:13:11.166 [info] > git for-each-ref --format=%(refname)%00%(upstream:short)%00%(objectname)%00%(upstream:track)%00%(upstream:remotename)%00%(upstream:remoteref) refs/heads/ejercicio2-branch refs/remotes/ejercicio2-branch [2ms]
2024-10-10 18:13:11.173 [info] > git status -z -uall [1ms]
2024-10-10 18:13:11.182 [info] > git for-each-ref --format=%(refname)%00%(upstream:short)%00%(objectname)%00%(upstream:track)%00%(upstream:remotename)%00%(upstream:remoteref) refs/heads/ejercicio2-branch refs/remotes/ejercicio2-branch [2ms]
2024-10-10 18:13:11.189 [info] > git config --local branch.ejercicio2-branch.vscode-merge-base [1ms]
2024-10-10 18:13:11.196 [info] > git for-each-ref --format=%(refname)%00%(upstream:short)%00%(objectname)%00%(upstream:track)%00%(upstream:remotename)%00%(upstream:remoteref) refs/heads/origin/main refs/remotes/origin/main [1ms]
2024-10-10 18:13:16.209 [info] > git config --get commit.template [14ms]
2024-10-10 18:13:16.212 [info] > git for-each-ref --format=%(refname)%00%(upstream:short)%00%(objectname)%00%(upstream:track)%00%(upstream:remotename)%00%(upstream:remoteref) refs/heads/ejercicio2-branch refs/remotes/ejercicio2-branch [5ms]
2024-10-10 18:13:16.228 [info] > git status -z -uall [5ms]
2024-10-10 18:13:16.247 [info] > git for-each-ref --format=%(refname)%00%(upstream:short)%00%(objectname)%00%(upstream:track)%00%(upstream:remotename)%00%(upstream:remoteref) refs/heads/ejercicio2-branch refs/remotes/ejercicio2-branch [8ms]
2024-10-10 18:13:16.256 [info] > git config --local branch.ejercicio2-branch.vscode-merge-base [2ms]
2024-10-10 18:13:16.263 [info] > git for-each-ref --format=%(refname)%00%(upstream:short)%00%(objectname)%00%(upstream:track)%00%(upstream:remotename)%00%(upstream:remoteref) refs/heads/origin/main refs/remotes/origin/main [1ms]
2024-10-10 18:13:49.590 [info] > git config --get commit.template [13ms]
2024-10-10 18:13:49.593 [info] > git for-each-ref --format=%(refname)%00%(upstream:short)%00%(objectname)%00%(upstream:track)%00%(upstream:remotename)%00%(upstream:remoteref) refs/heads/ejercicio2-branch refs/remotes/ejercicio2-branch [4ms]
2024-10-10 18:13:49.617 [info] > git status -z -uall [6ms]
2024-10-10 18:13:49.631 [info] > git for-each-ref --format=%(refname)%00%(upstream:short)%00%(objectname)%00%(upstream:track)%00%(upstream:remotename)%00%(upstream:remoteref) refs/heads/ejercicio2-branch refs/remotes/ejercicio2-branch [7ms]
2024-10-10 18:13:49.645 [info] > git config --local branch.ejercicio2-branch.vscode-merge-base [2ms]
2024-10-10 18:13:49.653 [info] > git for-each-ref --format=%(refname)%00%(upstream:short)%00%(objectname)%00%(upstream:track)%00%(upstream:remotename)%00%(upstream:remoteref) refs/heads/origin/main refs/remotes/origin/main [2ms]
2024-10-10 18:13:54.636 [info] > git config --get commit.template [6ms]
2024-10-10 18:13:54.639 [info] > git for-each-ref --format=%(refname)%00%(upstream:short)%00%(objectname)%00%(upstream:track)%00%(upstream:remotename)%00%(upstream:remoteref) refs/heads/ejercicio2-branch refs/remotes/ejercicio2-branch [4ms]
2024-10-10 18:13:54.646 [info] > git status -z -uall [2ms]
2024-10-10 18:13:54.657 [info] > git for-each-ref --format=%(refname)%00%(upstream:short)%00%(objectname)%00%(upstream:track)%00%(upstream:remotename)%00%(upstream:remoteref) refs/heads/ejercicio2-branch refs/remotes/ejercicio2-branch [4ms]
2024-10-10 18:13:54.664 [info] > git config --local branch.ejercicio2-branch.vscode-merge-base [1ms]
2024-10-10 18:13:54.673 [info] > git for-each-ref --format=%(refname)%00%(upstream:short)%00%(objectname)%00%(upstream:track)%00%(upstream:remotename)%00%(upstream:remoteref) refs/heads/origin/main refs/remotes/origin/main [3ms]
2024-10-10 18:13:59.676 [info] > git config --get commit.template [10ms]
2024-10-10 18:13:59.691 [info] > git for-each-ref --format=%(refname)%00%(upstream:short)%00%(objectname)%00%(upstream:track)%00%(upstream:remotename)%00%(upstream:remoteref) refs/heads/ejercicio2-branch refs/remotes/ejercicio2-branch [4ms]
2024-10-10 18:13:59.705 [info] > git status -z -uall [5ms]
2024-10-10 18:13:59.722 [info] > git for-each-ref --format=%(refname)%00%(upstream:short)%00%(objectname)%00%(upstream:track)%00%(upstream:remotename)%00%(upstream:remoteref) refs/heads/ejercicio2-branch refs/remotes/ejercicio2-branch [7ms]
2024-10-10 18:13:59.733 [info] > git config --local branch.ejercicio2-branch.vscode-merge-base [4ms]
2024-10-10 18:13:59.740 [info] > git for-each-ref --format=%(refname)%00%(upstream:short)%00%(objectname)%00%(upstream:track)%00%(upstream:remotename)%00%(upstream:remoteref) refs/heads/origin/main refs/remotes/origin/main [2ms]
2024-10-10 18:14:04.756 [info] > git config --get commit.template [17ms]
2024-10-10 18:14:04.760 [info] > git for-each-ref --format=%(refname)%00%(upstream:short)%00%(objectname)%00%(upstream:track)%00%(upstream:remotename)%00%(upstream:remoteref) refs/heads/ejercicio2-branch refs/remotes/ejercicio2-branch [5ms]
2024-10-10 18:14:04.768 [info] > git status -z -uall [3ms]
2024-10-10 18:14:04.778 [info] > git for-each-ref --format=%(refname)%00%(upstream:short)%00%(objectname)%00%(upstream:track)%00%(upstream:remotename)%00%(upstream:remoteref) refs/heads/ejercicio2-branch refs/remotes/ejercicio2-branch [4ms]
2024-10-10 18:14:04.791 [info] > git config --local branch.ejercicio2-branch.vscode-merge-base [7ms]
2024-10-10 18:14:04.799 [info] > git for-each-ref --format=%(refname)%00%(upstream:short)%00%(objectname)%00%(upstream:track)%00%(upstream:remotename)%00%(upstream:remoteref) refs/heads/origin/main refs/remotes/origin/main [2ms]
2024-10-10 18:14:09.803 [info] > git config --get commit.template [13ms]
2024-10-10 18:14:09.806 [info] > git for-each-ref --format=%(refname)%00%(upstream:short)%00%(objectname)%00%(upstream:track)%00%(upstream:remotename)%00%(upstream:remoteref) refs/heads/ejercicio2-branch refs/remotes/ejercicio2-branch [4ms]
2024-10-10 18:14:09.821 [info] > git status -z -uall [5ms]
2024-10-10 18:14:09.839 [info] > git for-each-ref --format=%(refname)%00%(upstream:short)%00%(objectname)%00%(upstream:track)%00%(upstream:remotename)%00%(upstream:remoteref) refs/heads/ejercicio2-branch refs/remotes/ejercicio2-branch [7ms]
2024-10-10 18:14:09.848 [info] > git config --local branch.ejercicio2-branch.vscode-merge-base [2ms]
2024-10-10 18:14:09.855 [info] > git for-each-ref --format=%(refname)%00%(upstream:short)%00%(objectname)%00%(upstream:track)%00%(upstream:remotename)%00%(upstream:remoteref) refs/heads/origin/main refs/remotes/origin/main [2ms]
2024-10-10 18:14:25.816 [info] > git config --get commit.template [13ms]
2024-10-10 18:14:25.820 [info] > git for-each-ref --format=%(refname)%00%(upstream:short)%00%(objectname)%00%(upstream:track)%00%(upstream:remotename)%00%(upstream:remoteref) refs/heads/ejercicio2-branch refs/remotes/ejercicio2-branch [6ms]
2024-10-10 18:14:25.836 [info] > git status -z -uall [5ms]
2024-10-10 18:14:25.851 [info] > git for-each-ref --format=%(refname)%00%(upstream:short)%00%(objectname)%00%(upstream:track)%00%(upstream:remotename)%00%(upstream:remoteref) refs/heads/ejercicio2-branch refs/remotes/ejercicio2-branch [5ms]
2024-10-10 18:14:25.860 [info] > git config --local branch.ejercicio2-branch.vscode-merge-base [3ms]
2024-10-10 18:14:25.866 [info] > git for-each-ref --format=%(refname)%00%(upstream:short)%00%(objectname)%00%(upstream:track)%00%(upstream:remotename)%00%(upstream:remoteref) refs/heads/origin/main refs/remotes/origin/main [1ms]
2024-10-10 18:14:25.895 [info] > git ls-files --stage -- /home/pro/Escritorio/git/ejercicio1-branch/README.md [2ms]
2024-10-10 18:14:25.900 [info] > git cat-file -s 5d67022251b99609f26cbd46c546af9edc3316ba [2ms]
2024-10-10 18:14:25.907 [info] > git show --textconv :README.md [2ms]
2024-10-10 18:15:10.088 [info] > git config --get commit.template [4ms]
2024-10-10 18:15:10.090 [info] > git for-each-ref --format=%(refname)%00%(upstream:short)%00%(objectname)%00%(upstream:track)%00%(upstream:remotename)%00%(upstream:remoteref) refs/heads/ejercicio2-branch refs/remotes/ejercicio2-branch [2ms]
2024-10-10 18:15:10.095 [info] > git status -z -uall [2ms]
2024-10-10 18:15:10.102 [info] > git for-each-ref --format=%(refname)%00%(upstream:short)%00%(objectname)%00%(upstream:track)%00%(upstream:remotename)%00%(upstream:remoteref) refs/heads/ejercicio2-branch refs/remotes/ejercicio2-branch [3ms]
2024-10-10 18:15:10.107 [info] > git config --local branch.ejercicio2-branch.vscode-merge-base [1ms]
2024-10-10 18:15:10.113 [info] > git for-each-ref --format=%(refname)%00%(upstream:short)%00%(objectname)%00%(upstream:track)%00%(upstream:remotename)%00%(upstream:remoteref) refs/heads/origin/main refs/remotes/origin/main [1ms]
2024-10-10 18:15:10.203 [info] > git ls-files --stage -- /home/pro/Escritorio/git/ejercicio1-branch/README.md [5ms]
2024-10-10 18:15:10.214 [info] > git cat-file -s 5d67022251b99609f26cbd46c546af9edc3316ba [1ms]
2024-10-10 18:15:10.221 [info] > git show --textconv :README.md [2ms]
2024-10-10 18:15:47.636 [info] > git show --textconv :ejercicio2.java [13ms]
2024-10-10 18:15:47.654 [info] > git ls-files --stage -- /home/pro/Escritorio/git/ejercicio1-branch/ejercicio2.java [19ms]
2024-10-10 18:19:02.973 [info] > git config --get commit.template [5ms]
2024-10-10 18:19:02.974 [info] > git for-each-ref --format=%(refname)%00%(upstream:short)%00%(objectname)%00%(upstream:track)%00%(upstream:remotename)%00%(upstream:remoteref) refs/heads/ejercicio2-branch refs/remotes/ejercicio2-branch [1ms]
2024-10-10 18:19:02.980 [info] > git status -z -uall [2ms]
2024-10-10 18:19:02.987 [info] > git for-each-ref --format=%(refname)%00%(upstream:short)%00%(objectname)%00%(upstream:track)%00%(upstream:remotename)%00%(upstream:remoteref) refs/heads/ejercicio2-branch refs/remotes/ejercicio2-branch [3ms]
2024-10-10 18:19:02.995 [info] > git config --local branch.ejercicio2-branch.vscode-merge-base [2ms]
2024-10-10 18:19:03.002 [info] > git for-each-ref --format=%(refname)%00%(upstream:short)%00%(objectname)%00%(upstream:track)%00%(upstream:remotename)%00%(upstream:remoteref) refs/heads/origin/main refs/remotes/origin/main [1ms]
2024-10-10 18:19:03.075 [info] > git ls-files --stage -- /home/pro/Escritorio/git/ejercicio1-branch/ejercicio2.java [2ms]
2024-10-10 18:19:03.083 [info] > git show --textconv :ejercicio2.java [1ms]
2024-10-10 18:19:26.347 [info] > git show --textconv :README.md [28ms]
2024-10-10 18:19:26.347 [info] > git ls-files --stage -- /home/pro/Escritorio/git/ejercicio1-branch/README.md [1ms]
2024-10-10 18:19:26.370 [info] > git cat-file -s 5d67022251b99609f26cbd46c546af9edc3316ba [7ms]
2024-10-10 18:19:37.053 [info] > git config --get commit.template [4ms]
2024-10-10 18:19:37.054 [info] > git for-each-ref --format=%(refname)%00%(upstream:short)%00%(objectname)%00%(upstream:track)%00%(upstream:remotename)%00%(upstream:remoteref) refs/heads/ejercicio2-branch refs/remotes/ejercicio2-branch [2ms]
2024-10-10 18:19:37.058 [info] > git status -z -uall [1ms]
2024-10-10 18:19:37.066 [info] > git for-each-ref --format=%(refname)%00%(upstream:short)%00%(objectname)%00%(upstream:track)%00%(upstream:remotename)%00%(upstream:remoteref) refs/heads/ejercicio2-branch refs/remotes/ejercicio2-branch [3ms]
2024-10-10 18:19:37.071 [info] > git config --local branch.ejercicio2-branch.vscode-merge-base [2ms]
2024-10-10 18:19:37.077 [info] > git for-each-ref --format=%(refname)%00%(upstream:short)%00%(objectname)%00%(upstream:track)%00%(upstream:remotename)%00%(upstream:remoteref) refs/heads/origin/main refs/remotes/origin/main [3ms]
2024-10-10 18:19:42.890 [info] > git config --get commit.template [7ms]
2024-10-10 18:19:42.894 [info] > git for-each-ref --format=%(refname)%00%(upstream:short)%00%(objectname)%00%(upstream:track)%00%(upstream:remotename)%00%(upstream:remoteref) refs/heads/ejercicio2-branch refs/remotes/ejercicio2-branch [5ms]
2024-10-10 18:19:42.900 [info] > git status -z -uall [2ms]
2024-10-10 18:19:42.907 [info] > git for-each-ref --format=%(refname)%00%(upstream:short)%00%(objectname)%00%(upstream:track)%00%(upstream:remotename)%00%(upstream:remoteref) refs/heads/ejercicio2-branch refs/remotes/ejercicio2-branch [3ms]
2024-10-10 18:19:42.929 [info] > git config --local branch.ejercicio2-branch.vscode-merge-base [12ms]
2024-10-10 18:19:42.955 [info] > git for-each-ref --format=%(refname)%00%(upstream:short)%00%(objectname)%00%(upstream:track)%00%(upstream:remotename)%00%(upstream:remoteref) refs/heads/origin/main refs/remotes/origin/main [5ms]
2024-10-10 18:19:44.356 [info] > git config --get commit.template [6ms]
2024-10-10 18:19:44.364 [info] > git for-each-ref --format=%(refname)%00%(upstream:short)%00%(objectname)%00%(upstream:track)%00%(upstream:remotename)%00%(upstream:remoteref) refs/heads/ejercicio2-branch refs/remotes/ejercicio2-branch [8ms]
2024-10-10 18:19:44.371 [info] > git status -z -uall [3ms]
2024-10-10 18:19:44.385 [info] > git for-each-ref --format=%(refname)%00%(upstream:short)%00%(objectname)%00%(upstream:track)%00%(upstream:remotename)%00%(upstream:remoteref) refs/heads/ejercicio2-branch refs/remotes/ejercicio2-branch [5ms]
2024-10-10 18:19:44.391 [info] > git config --local branch.ejercicio2-branch.vscode-merge-base [2ms]
2024-10-10 18:19:44.397 [info] > git for-each-ref --format=%(refname)%00%(upstream:short)%00%(objectname)%00%(upstream:track)%00%(upstream:remotename)%00%(upstream:remoteref) refs/heads/origin/main refs/remotes/origin/main [2ms]
2024-10-10 18:19:54.482 [info] > git config --get commit.template [11ms]
2024-10-10 18:19:54.483 [info] > git for-each-ref --format=%(refname)%00%(upstream:short)%00%(objectname)%00%(upstream:track)%00%(upstream:remotename)%00%(upstream:remoteref) refs/heads/ejercicio2-branch refs/remotes/ejercicio2-branch [2ms]
2024-10-10 18:19:54.491 [info] > git status -z -uall [4ms]
2024-10-10 18:19:54.499 [info] > git for-each-ref --format=%(refname)%00%(upstream:short)%00%(objectname)%00%(upstream:track)%00%(upstream:remotename)%00%(upstream:remoteref) refs/heads/ejercicio2-branch refs/remotes/ejercicio2-branch [3ms]
2024-10-10 18:19:54.508 [info] > git config --local branch.ejercicio2-branch.vscode-merge-base [3ms]
2024-10-10 18:19:54.514 [info] > git for-each-ref --format=%(refname)%00%(upstream:short)%00%(objectname)%00%(upstream:track)%00%(upstream:remotename)%00%(upstream:remoteref) refs/heads/origin/main refs/remotes/origin/main [2ms]
2024-10-10 18:19:55.593 [info] > git ls-files --stage -- /home/pro/Escritorio/git/ejercicio1-branch/README.md [5ms]
2024-10-10 18:19:55.608 [info] > git cat-file -s 6e7d68d6760209ed58dfcff78eeacfcfb03a2c66 [4ms]
2024-10-10 18:19:55.627 [info] > git show --textconv :README.md [5ms]
2024-10-10 18:20:17.137 [info] > git config --get commit.template [6ms]
2024-10-10 18:20:17.140 [info] > git for-each-ref --format=%(refname)%00%(upstream:short)%00%(objectname)%00%(upstream:track)%00%(upstream:remotename)%00%(upstream:remoteref) refs/heads/ejercicio2-branch refs/remotes/ejercicio2-branch [3ms]
2024-10-10 18:20:17.152 [info] > git status -z -uall [8ms]
2024-10-10 18:20:17.172 [info] > git for-each-ref --format=%(refname)%00%(upstream:short)%00%(objectname)%00%(upstream:track)%00%(upstream:remotename)%00%(upstream:remoteref) refs/heads/ejercicio2-branch refs/remotes/ejercicio2-branch [15ms]
2024-10-10 18:20:17.183 [info] > git config --local branch.ejercicio2-branch.vscode-merge-base [2ms]
2024-10-10 18:20:17.188 [info] > git for-each-ref --format=%(refname)%00%(upstream:short)%00%(objectname)%00%(upstream:track)%00%(upstream:remotename)%00%(upstream:remoteref) refs/heads/origin/main refs/remotes/origin/main [1ms]
2024-10-10 18:20:18.218 [info] > git config --get commit.template [6ms]
2024-10-10 18:20:18.219 [info] > git for-each-ref --format=%(refname)%00%(upstream:short)%00%(objectname)%00%(upstream:track)%00%(upstream:remotename)%00%(upstream:remoteref) refs/heads/ejercicio2-branch refs/remotes/ejercicio2-branch [2ms]
2024-10-10 18:20:18.227 [info] > git status -z -uall [2ms]
2024-10-10 18:20:18.238 [info] > git for-each-ref --format=%(refname)%00%(upstream:short)%00%(objectname)%00%(upstream:track)%00%(upstream:remotename)%00%(upstream:remoteref) refs/heads/ejercicio2-branch refs/remotes/ejercicio2-branch [5ms]
2024-10-10 18:20:18.246 [info] > git config --local branch.ejercicio2-branch.vscode-merge-base [3ms]
2024-10-10 18:20:18.254 [info] > git for-each-ref --format=%(refname)%00%(upstream:short)%00%(objectname)%00%(upstream:track)%00%(upstream:remotename)%00%(upstream:remoteref) refs/heads/origin/main refs/remotes/origin/main [3ms]
2024-10-10 18:20:18.316 [info] > git ls-files --stage -- /home/pro/Escritorio/git/ejercicio1-branch/README.md [1ms]
2024-10-10 18:20:18.321 [info] > git cat-file -s 6e7d68d6760209ed58dfcff78eeacfcfb03a2c66 [2ms]
2024-10-10 18:20:18.328 [info] > git show --textconv :README.md [1ms]
2024-10-10 18:20:31.053 [info] > git config --get commit.template [26ms]
2024-10-10 18:20:31.055 [info] > git for-each-ref --format=%(refname)%00%(upstream:short)%00%(objectname)%00%(upstream:track)%00%(upstream:remotename)%00%(upstream:remoteref) refs/heads/ejercicio2-branch refs/remotes/ejercicio2-branch [3ms]
2024-10-10 18:20:31.073 [info] > git status -z -uall [2ms]
2024-10-10 18:20:31.088 [info] > git for-each-ref --format=%(refname)%00%(upstream:short)%00%(objectname)%00%(upstream:track)%00%(upstream:remotename)%00%(upstream:remoteref) refs/heads/ejercicio2-branch refs/remotes/ejercicio2-branch [9ms]
2024-10-10 18:20:31.098 [info] > git config --local branch.ejercicio2-branch.vscode-merge-base [3ms]
2024-10-10 18:20:31.105 [info] > git for-each-ref --format=%(refname)%00%(upstream:short)%00%(objectname)%00%(upstream:track)%00%(upstream:remotename)%00%(upstream:remoteref) refs/heads/origin/main refs/remotes/origin/main [2ms]
2024-10-10 18:20:36.246 [info] > git config --get commit.template [12ms]
2024-10-10 18:20:36.251 [info] > git for-each-ref --format=%(refname)%00%(upstream:short)%00%(objectname)%00%(upstream:track)%00%(upstream:remotename)%00%(upstream:remoteref) refs/heads/ejercicio2-branch refs/remotes/ejercicio2-branch [7ms]
2024-10-10 18:20:36.263 [info] > git status -z -uall [4ms]
2024-10-10 18:20:36.278 [info] > git for-each-ref --format=%(refname)%00%(upstream:short)%00%(objectname)%00%(upstream:track)%00%(upstream:remotename)%00%(upstream:remoteref) refs/heads/ejercicio2-branch refs/remotes/ejercicio2-branch [5ms]
2024-10-10 18:20:36.286 [info] > git config --local branch.ejercicio2-branch.vscode-merge-base [2ms]
2024-10-10 18:20:36.293 [info] > git for-each-ref --format=%(refname)%00%(upstream:short)%00%(objectname)%00%(upstream:track)%00%(upstream:remotename)%00%(upstream:remoteref) refs/heads/origin/main refs/remotes/origin/main [2ms]
2024-10-10 18:20:42.908 [info] > git config --get commit.template [10ms]
2024-10-10 18:20:42.912 [info] > git for-each-ref --format=%(refname)%00%(upstream:short)%00%(objectname)%00%(upstream:track)%00%(upstream:remotename)%00%(upstream:remoteref) refs/heads/ejercicio2-branch refs/remotes/ejercicio2-branch [5ms]
2024-10-10 18:20:42.922 [info] > git status -z -uall [2ms]
2024-10-10 18:20:42.931 [info] > git for-each-ref --format=%(refname)%00%(upstream:short)%00%(objectname)%00%(upstream:track)%00%(upstream:remotename)%00%(upstream:remoteref) refs/heads/ejercicio2-branch refs/remotes/ejercicio2-branch [3ms]
2024-10-10 18:20:42.938 [info] > git config --local branch.ejercicio2-branch.vscode-merge-base [2ms]
2024-10-10 18:20:42.945 [info] > git for-each-ref --format=%(refname)%00%(upstream:short)%00%(objectname)%00%(upstream:track)%00%(upstream:remotename)%00%(upstream:remoteref) refs/heads/origin/main refs/remotes/origin/main [2ms]
2024-10-10 18:20:47.953 [info] > git config --get commit.template [11ms]
2024-10-10 18:20:47.955 [info] > git for-each-ref --format=%(refname)%00%(upstream:short)%00%(objectname)%00%(upstream:track)%00%(upstream:remotename)%00%(upstream:remoteref) refs/heads/ejercicio2-branch refs/remotes/ejercicio2-branch [2ms]
2024-10-10 18:20:47.964 [info] > git status -z -uall [2ms]
2024-10-10 18:20:47.972 [info] > git for-each-ref --format=%(refname)%00%(upstream:short)%00%(objectname)%00%(upstream:track)%00%(upstream:remotename)%00%(upstream:remoteref) refs/heads/ejercicio2-branch refs/remotes/ejercicio2-branch [3ms]
2024-10-10 18:20:47.978 [info] > git config --local branch.ejercicio2-branch.vscode-merge-base [1ms]
2024-10-10 18:20:47.985 [info] > git for-each-ref --format=%(refname)%00%(upstream:short)%00%(objectname)%00%(upstream:track)%00%(upstream:remotename)%00%(upstream:remoteref) refs/heads/origin/main refs/remotes/origin/main [2ms]
2024-10-10 18:20:52.997 [info] > git config --get commit.template [8ms]
2024-10-10 18:20:52.997 [info] > git for-each-ref --format=%(refname)%00%(upstream:short)%00%(objectname)%00%(upstream:track)%00%(upstream:remotename)%00%(upstream:remoteref) refs/heads/ejercicio2-branch refs/remotes/ejercicio2-branch [2ms]
2024-10-10 18:20:53.003 [info] > git status -z -uall [2ms]
2024-10-10 18:20:53.012 [info] > git for-each-ref --format=%(refname)%00%(upstream:short)%00%(objectname)%00%(upstream:track)%00%(upstream:remotename)%00%(upstream:remoteref) refs/heads/ejercicio2-branch refs/remotes/ejercicio2-branch [5ms]
2024-10-10 18:20:53.018 [info] > git config --local branch.ejercicio2-branch.vscode-merge-base [1ms]
2024-10-10 18:20:53.025 [info] > git for-each-ref --format=%(refname)%00%(upstream:short)%00%(objectname)%00%(upstream:track)%00%(upstream:remotename)%00%(upstream:remoteref) refs/heads/origin/main refs/remotes/origin/main [2ms]
2024-10-10 18:20:58.860 [info] > git config --get commit.template [13ms]
2024-10-10 18:20:58.866 [info] > git for-each-ref --format=%(refname)%00%(upstream:short)%00%(objectname)%00%(upstream:track)%00%(upstream:remotename)%00%(upstream:remoteref) refs/heads/ejercicio2-branch refs/remotes/ejercicio2-branch [7ms]
2024-10-10 18:20:58.878 [info] > git status -z -uall [4ms]
2024-10-10 18:20:58.894 [info] > git for-each-ref --format=%(refname)%00%(upstream:short)%00%(objectname)%00%(upstream:track)%00%(upstream:remotename)%00%(upstream:remoteref) refs/heads/ejercicio2-branch refs/remotes/ejercicio2-branch [7ms]
2024-10-10 18:20:58.903 [info] > git config --local branch.ejercicio2-branch.vscode-merge-base [2ms]
2024-10-10 18:20:58.911 [info] > git for-each-ref --format=%(refname)%00%(upstream:short)%00%(objectname)%00%(upstream:track)%00%(upstream:remotename)%00%(upstream:remoteref) refs/heads/origin/main refs/remotes/origin/main [2ms]
2024-10-10 18:21:05.396 [info] > git config --get commit.template [13ms]
2024-10-10 18:21:05.402 [info] > git for-each-ref --format=%(refname)%00%(upstream:short)%00%(objectname)%00%(upstream:track)%00%(upstream:remotename)%00%(upstream:remoteref) refs/heads/ejercicio2-branch refs/remotes/ejercicio2-branch [7ms]
2024-10-10 18:21:05.414 [info] > git status -z -uall [4ms]
2024-10-10 18:21:05.424 [info] > git for-each-ref --format=%(refname)%00%(upstream:short)%00%(objectname)%00%(upstream:track)%00%(upstream:remotename)%00%(upstream:remoteref) refs/heads/ejercicio2-branch refs/remotes/ejercicio2-branch [4ms]
2024-10-10 18:21:05.431 [info] > git config --local branch.ejercicio2-branch.vscode-merge-base [2ms]
2024-10-10 18:21:05.437 [info] > git for-each-ref --format=%(refname)%00%(upstream:short)%00%(objectname)%00%(upstream:track)%00%(upstream:remotename)%00%(upstream:remoteref) refs/heads/origin/main refs/remotes/origin/main [2ms]
2024-10-10 18:21:30.247 [info] > git for-each-ref --format=%(refname)%00%(upstream:short)%00%(objectname)%00%(upstream:track)%00%(upstream:remotename)%00%(upstream:remoteref) refs/heads/ejercicio2-branch refs/remotes/ejercicio2-branch [14ms]
2024-10-10 18:21:30.247 [info] > git config --get commit.template [31ms]
2024-10-10 18:21:30.284 [info] > git status -z -uall [25ms]
2024-10-10 18:21:30.311 [info] > git for-each-ref --format=%(refname)%00%(upstream:short)%00%(objectname)%00%(upstream:track)%00%(upstream:remotename)%00%(upstream:remoteref) refs/heads/ejercicio2-branch refs/remotes/ejercicio2-branch [18ms]
2024-10-10 18:21:30.331 [info] > git config --local branch.ejercicio2-branch.vscode-merge-base [8ms]
2024-10-10 18:21:30.371 [info] > git for-each-ref --format=%(refname)%00%(upstream:short)%00%(objectname)%00%(upstream:track)%00%(upstream:remotename)%00%(upstream:remoteref) refs/heads/origin/main refs/remotes/origin/main [27ms]
2024-10-10 18:21:35.303 [info] > git config --get commit.template [4ms]
2024-10-10 18:21:35.304 [info] > git for-each-ref --format=%(refname)%00%(upstream:short)%00%(objectname)%00%(upstream:track)%00%(upstream:remotename)%00%(upstream:remoteref) refs/heads/ejercicio2-branch refs/remotes/ejercicio2-branch [1ms]
2024-10-10 18:21:35.309 [info] > git status -z -uall [1ms]
2024-10-10 18:21:35.316 [info] > git for-each-ref --format=%(refname)%00%(upstream:short)%00%(objectname)%00%(upstream:track)%00%(upstream:remotename)%00%(upstream:remoteref) refs/heads/ejercicio2-branch refs/remotes/ejercicio2-branch [3ms]
2024-10-10 18:21:35.322 [info] > git config --local branch.ejercicio2-branch.vscode-merge-base [1ms]
2024-10-10 18:21:35.328 [info] > git for-each-ref --format=%(refname)%00%(upstream:short)%00%(objectname)%00%(upstream:track)%00%(upstream:remotename)%00%(upstream:remoteref) refs/heads/origin/main refs/remotes/origin/main [2ms]
2024-10-10 18:21:40.345 [info] > git config --get commit.template [15ms]
2024-10-10 18:21:40.346 [info] > git for-each-ref --format=%(refname)%00%(upstream:short)%00%(objectname)%00%(upstream:track)%00%(upstream:remotename)%00%(upstream:remoteref) refs/heads/ejercicio2-branch refs/remotes/ejercicio2-branch [2ms]
2024-10-10 18:21:40.366 [info] > git status -z -uall [3ms]
2024-10-10 18:21:40.375 [info] > git for-each-ref --format=%(refname)%00%(upstream:short)%00%(objectname)%00%(upstream:track)%00%(upstream:remotename)%00%(upstream:remoteref) refs/heads/ejercicio2-branch refs/remotes/ejercicio2-branch [4ms]
2024-10-10 18:21:40.391 [info] > git config --local branch.ejercicio2-branch.vscode-merge-base [10ms]
2024-10-10 18:21:40.406 [info] > git for-each-ref --format=%(refname)%00%(upstream:short)%00%(objectname)%00%(upstream:track)%00%(upstream:remotename)%00%(upstream:remoteref) refs/heads/origin/main refs/remotes/origin/main [3ms]
2024-10-10 18:21:45.402 [info] > git config --get commit.template [13ms]
2024-10-10 18:21:45.403 [info] > git for-each-ref --format=%(refname)%00%(upstream:short)%00%(objectname)%00%(upstream:track)%00%(upstream:remotename)%00%(upstream:remoteref) refs/heads/ejercicio2-branch refs/remotes/ejercicio2-branch [1ms]
2024-10-10 18:21:45.414 [info] > git status -z -uall [1ms]
2024-10-10 18:21:45.434 [info] > git for-each-ref --format=%(refname)%00%(upstream:short)%00%(objectname)%00%(upstream:track)%00%(upstream:remotename)%00%(upstream:remoteref) refs/heads/ejercicio2-branch refs/remotes/ejercicio2-branch [7ms]
2024-10-10 18:21:45.440 [info] > git config --local branch.ejercicio2-branch.vscode-merge-base [1ms]
2024-10-10 18:21:45.447 [info] > git for-each-ref --format=%(refname)%00%(upstream:short)%00%(objectname)%00%(upstream:track)%00%(upstream:remotename)%00%(upstream:remoteref) refs/heads/origin/main refs/remotes/origin/main [2ms]
2024-10-10 18:23:27.937 [info] > git config --get commit.template [23ms]
2024-10-10 18:23:27.939 [info] > git for-each-ref --format=%(refname)%00%(upstream:short)%00%(objectname)%00%(upstream:track)%00%(upstream:remotename)%00%(upstream:remoteref) refs/heads/ejercicio2-branch refs/remotes/ejercicio2-branch [2ms]
2024-10-10 18:23:27.944 [info] > git status -z -uall [2ms]
2024-10-10 18:23:27.951 [info] > git for-each-ref --format=%(refname)%00%(upstream:short)%00%(objectname)%00%(upstream:track)%00%(upstream:remotename)%00%(upstream:remoteref) refs/heads/ejercicio2-branch refs/remotes/ejercicio2-branch [3ms]
2024-10-10 18:23:27.957 [info] > git config --local branch.ejercicio2-branch.vscode-merge-base [2ms]
2024-10-10 18:23:27.962 [info] > git for-each-ref --format=%(refname)%00%(upstream:short)%00%(objectname)%00%(upstream:track)%00%(upstream:remotename)%00%(upstream:remoteref) refs/heads/origin/main refs/remotes/origin/main [1ms]
2024-10-10 18:23:32.963 [info] > git config --get commit.template [5ms]
2024-10-10 18:23:32.965 [info] > git for-each-ref --format=%(refname)%00%(upstream:short)%00%(objectname)%00%(upstream:track)%00%(upstream:remotename)%00%(upstream:remoteref) refs/heads/ejercicio2-branch refs/remotes/ejercicio2-branch [2ms]
2024-10-10 18:23:32.970 [info] > git status -z -uall [1ms]
2024-10-10 18:23:32.978 [info] > git for-each-ref --format=%(refname)%00%(upstream:short)%00%(objectname)%00%(upstream:track)%00%(upstream:remotename)%00%(upstream:remoteref) refs/heads/ejercicio2-branch refs/remotes/ejercicio2-branch [3ms]
2024-10-10 18:23:32.990 [info] > git config --local branch.ejercicio2-branch.vscode-merge-base [5ms]
2024-10-10 18:23:32.997 [info] > git for-each-ref --format=%(refname)%00%(upstream:short)%00%(objectname)%00%(upstream:track)%00%(upstream:remotename)%00%(upstream:remoteref) refs/heads/origin/main refs/remotes/origin/main [2ms]
2024-10-10 18:23:38.007 [info] > git config --get commit.template [13ms]
2024-10-10 18:23:38.010 [info] > git for-each-ref --format=%(refname)%00%(upstream:short)%00%(objectname)%00%(upstream:track)%00%(upstream:remotename)%00%(upstream:remoteref) refs/heads/ejercicio2-branch refs/remotes/ejercicio2-branch [5ms]
2024-10-10 18:23:38.023 [info] > git status -z -uall [5ms]
2024-10-10 18:23:38.037 [info] > git for-each-ref --format=%(refname)%00%(upstream:short)%00%(objectname)%00%(upstream:track)%00%(upstream:remotename)%00%(upstream:remoteref) refs/heads/ejercicio2-branch refs/remotes/ejercicio2-branch [5ms]
2024-10-10 18:23:38.043 [info] > git config --local branch.ejercicio2-branch.vscode-merge-base [2ms]
2024-10-10 18:23:38.049 [info] > git for-each-ref --format=%(refname)%00%(upstream:short)%00%(objectname)%00%(upstream:track)%00%(upstream:remotename)%00%(upstream:remoteref) refs/heads/origin/main refs/remotes/origin/main [2ms]
2024-10-10 18:23:43.043 [info] > git config --get commit.template [5ms]
2024-10-10 18:23:43.044 [info] > git for-each-ref --format=%(refname)%00%(upstream:short)%00%(objectname)%00%(upstream:track)%00%(upstream:remotename)%00%(upstream:remoteref) refs/heads/ejercicio2-branch refs/remotes/ejercicio2-branch [2ms]
2024-10-10 18:23:43.055 [info] > git status -z -uall [3ms]
2024-10-10 18:23:43.074 [info] > git for-each-ref --format=%(refname)%00%(upstream:short)%00%(objectname)%00%(upstream:track)%00%(upstream:remotename)%00%(upstream:remoteref) refs/heads/ejercicio2-branch refs/remotes/ejercicio2-branch [13ms]
2024-10-10 18:23:43.084 [info] > git config --local branch.ejercicio2-branch.vscode-merge-base [2ms]
2024-10-10 18:23:43.090 [info] > git for-each-ref --format=%(refname)%00%(upstream:short)%00%(objectname)%00%(upstream:track)%00%(upstream:remotename)%00%(upstream:remoteref) refs/heads/origin/main refs/remotes/origin/main [2ms]
2024-10-10 18:23:48.076 [info] > git config --get commit.template [5ms]
2024-10-10 18:23:48.079 [info] > git for-each-ref --format=%(refname)%00%(upstream:short)%00%(objectname)%00%(upstream:track)%00%(upstream:remotename)%00%(upstream:remoteref) refs/heads/ejercicio2-branch refs/remotes/ejercicio2-branch [3ms]
2024-10-10 18:23:48.087 [info] > git status -z -uall [2ms]
2024-10-10 18:23:48.096 [info] > git for-each-ref --format=%(refname)%00%(upstream:short)%00%(objectname)%00%(upstream:track)%00%(upstream:remotename)%00%(upstream:remoteref) refs/heads/ejercicio2-branch refs/remotes/ejercicio2-branch [4ms]
2024-10-10 18:23:48.103 [info] > git config --local branch.ejercicio2-branch.vscode-merge-base [2ms]
2024-10-10 18:23:48.110 [info] > git for-each-ref --format=%(refname)%00%(upstream:short)%00%(objectname)%00%(upstream:track)%00%(upstream:remotename)%00%(upstream:remoteref) refs/heads/origin/main refs/remotes/origin/main [2ms]
2024-10-10 18:23:57.045 [info] > git config --get commit.template [5ms]
2024-10-10 18:23:57.052 [info] > git for-each-ref --format=%(refname)%00%(upstream:short)%00%(objectname)%00%(upstream:track)%00%(upstream:remotename)%00%(upstream:remoteref) refs/heads/ejercicio2-branch refs/remotes/ejercicio2-branch [8ms]
2024-10-10 18:23:57.059 [info] > git status -z -uall [2ms]
2024-10-10 18:23:57.069 [info] > git for-each-ref --format=%(refname)%00%(upstream:short)%00%(objectname)%00%(upstream:track)%00%(upstream:remotename)%00%(upstream:remoteref) refs/heads/ejercicio2-branch refs/remotes/ejercicio2-branch [5ms]
2024-10-10 18:23:57.075 [info] > git config --local branch.ejercicio2-branch.vscode-merge-base [2ms]
2024-10-10 18:23:57.080 [info] > git for-each-ref --format=%(refname)%00%(upstream:short)%00%(objectname)%00%(upstream:track)%00%(upstream:remotename)%00%(upstream:remoteref) refs/heads/origin/main refs/remotes/origin/main [1ms]
2024-10-10 18:24:20.770 [info] > git config --get commit.template [4ms]
2024-10-10 18:24:20.771 [info] > git for-each-ref --format=%(refname)%00%(upstream:short)%00%(objectname)%00%(upstream:track)%00%(upstream:remotename)%00%(upstream:remoteref) refs/heads/ejercicio2-branch refs/remotes/ejercicio2-branch [1ms]
2024-10-10 18:24:20.776 [info] > git status -z -uall [2ms]
2024-10-10 18:24:20.783 [info] > git for-each-ref --format=%(refname)%00%(upstream:short)%00%(objectname)%00%(upstream:track)%00%(upstream:remotename)%00%(upstream:remoteref) refs/heads/ejercicio2-branch refs/remotes/ejercicio2-branch [3ms]
2024-10-10 18:24:20.789 [info] > git config --local branch.ejercicio2-branch.vscode-merge-base [2ms]
2024-10-10 18:24:20.796 [info] > git for-each-ref --format=%(refname)%00%(upstream:short)%00%(objectname)%00%(upstream:track)%00%(upstream:remotename)%00%(upstream:remoteref) refs/heads/origin/main refs/remotes/origin/main [2ms]
2024-10-10 18:24:25.813 [info] > git config --get commit.template [15ms]
2024-10-10 18:24:25.815 [info] > git for-each-ref --format=%(refname)%00%(upstream:short)%00%(objectname)%00%(upstream:track)%00%(upstream:remotename)%00%(upstream:remoteref) refs/heads/ejercicio2-branch refs/remotes/ejercicio2-branch [5ms]
2024-10-10 18:24:25.824 [info] > git status -z -uall [0ms]
2024-10-10 18:24:25.836 [info] > git for-each-ref --format=%(refname)%00%(upstream:short)%00%(objectname)%00%(upstream:track)%00%(upstream:remotename)%00%(upstream:remoteref) refs/heads/ejercicio2-branch refs/remotes/ejercicio2-branch [4ms]
2024-10-10 18:24:25.843 [info] > git config --local branch.ejercicio2-branch.vscode-merge-base [1ms]
2024-10-10 18:24:25.849 [info] > git for-each-ref --format=%(refname)%00%(upstream:short)%00%(objectname)%00%(upstream:track)%00%(upstream:remotename)%00%(upstream:remoteref) refs/heads/origin/main refs/remotes/origin/main [1ms]
2024-10-10 18:24:39.354 [info] > git config --get commit.template [3ms]
2024-10-10 18:24:39.372 [info] > git for-each-ref --format=%(refname)%00%(upstream:short)%00%(objectname)%00%(upstream:track)%00%(upstream:remotename)%00%(upstream:remoteref) refs/heads/ejercicio2-branch refs/remotes/ejercicio2-branch [3ms]
2024-10-10 18:24:39.379 [info] > git status -z -uall [3ms]
2024-10-10 18:24:39.396 [info] > git for-each-ref --format=%(refname)%00%(upstream:short)%00%(objectname)%00%(upstream:track)%00%(upstream:remotename)%00%(upstream:remoteref) refs/heads/ejercicio2-branch refs/remotes/ejercicio2-branch [13ms]
2024-10-10 18:24:39.407 [info] > git config --local branch.ejercicio2-branch.vscode-merge-base [2ms]
2024-10-10 18:24:39.413 [info] > git for-each-ref --format=%(refname)%00%(upstream:short)%00%(objectname)%00%(upstream:track)%00%(upstream:remotename)%00%(upstream:remoteref) refs/heads/origin/main refs/remotes/origin/main [2ms]
2024-10-10 18:24:45.208 [info] > git config --get commit.template [6ms]
2024-10-10 18:24:45.209 [info] > git for-each-ref --format=%(refname)%00%(upstream:short)%00%(objectname)%00%(upstream:track)%00%(upstream:remotename)%00%(upstream:remoteref) refs/heads/ejercicio2-branch refs/remotes/ejercicio2-branch [2ms]
2024-10-10 18:24:45.214 [info] > git status -z -uall [2ms]
2024-10-10 18:24:45.222 [info] > git for-each-ref --format=%(refname)%00%(upstream:short)%00%(objectname)%00%(upstream:track)%00%(upstream:remotename)%00%(upstream:remoteref) refs/heads/ejercicio2-branch refs/remotes/ejercicio2-branch [3ms]
2024-10-10 18:24:45.228 [info] > git config --local branch.ejercicio2-branch.vscode-merge-base [2ms]
2024-10-10 18:24:45.234 [info] > git for-each-ref --format=%(refname)%00%(upstream:short)%00%(objectname)%00%(upstream:track)%00%(upstream:remotename)%00%(upstream:remoteref) refs/heads/origin/main refs/remotes/origin/main [1ms]
2024-10-10 18:24:50.571 [info] > git config --get commit.template [9ms]
2024-10-10 18:24:50.584 [info] > git for-each-ref --format=%(refname)%00%(upstream:short)%00%(objectname)%00%(upstream:track)%00%(upstream:remotename)%00%(upstream:remoteref) refs/heads/ejercicio2-branch refs/remotes/ejercicio2-branch [5ms]
2024-10-10 18:24:50.592 [info] > git status -z -uall [3ms]
2024-10-10 18:24:50.602 [info] > git for-each-ref --format=%(refname)%00%(upstream:short)%00%(objectname)%00%(upstream:track)%00%(upstream:remotename)%00%(upstream:remoteref) refs/heads/ejercicio2-branch refs/remotes/ejercicio2-branch [6ms]
2024-10-10 18:24:50.608 [info] > git config --local branch.ejercicio2-branch.vscode-merge-base [2ms]
2024-10-10 18:24:50.615 [info] > git for-each-ref --format=%(refname)%00%(upstream:short)%00%(objectname)%00%(upstream:track)%00%(upstream:remotename)%00%(upstream:remoteref) refs/heads/origin/main refs/remotes/origin/main [3ms]
2024-10-10 18:24:55.623 [info] > git config --get commit.template [13ms]
2024-10-10 18:24:55.626 [info] > git for-each-ref --format=%(refname)%00%(upstream:short)%00%(objectname)%00%(upstream:track)%00%(upstream:remotename)%00%(upstream:remoteref) refs/heads/ejercicio2-branch refs/remotes/ejercicio2-branch [4ms]
2024-10-10 18:24:55.641 [info] > git status -z -uall [5ms]
2024-10-10 18:24:55.663 [info] > git for-each-ref --format=%(refname)%00%(upstream:short)%00%(objectname)%00%(upstream:track)%00%(upstream:remotename)%00%(upstream:remoteref) refs/heads/ejercicio2-branch refs/remotes/ejercicio2-branch [9ms]
2024-10-10 18:24:55.672 [info] > git config --local branch.ejercicio2-branch.vscode-merge-base [1ms]
2024-10-10 18:24:55.679 [info] > git for-each-ref --format=%(refname)%00%(upstream:short)%00%(objectname)%00%(upstream:track)%00%(upstream:remotename)%00%(upstream:remoteref) refs/heads/origin/main refs/remotes/origin/main [1ms]
2024-10-10 18:25:08.870 [info] > git config --get commit.template [5ms]
2024-10-10 18:25:08.873 [info] > git for-each-ref --format=%(refname)%00%(upstream:short)%00%(objectname)%00%(upstream:track)%00%(upstream:remotename)%00%(upstream:remoteref) refs/heads/ejercicio2-branch refs/remotes/ejercicio2-branch [3ms]
2024-10-10 18:25:08.879 [info] > git status -z -uall [3ms]
2024-10-10 18:25:08.908 [info] > git for-each-ref --format=%(refname)%00%(upstream:short)%00%(objectname)%00%(upstream:track)%00%(upstream:remotename)%00%(upstream:remoteref) refs/heads/ejercicio2-branch refs/remotes/ejercicio2-branch [13ms]
2024-10-10 18:25:08.919 [info] > git config --local branch.ejercicio2-branch.vscode-merge-base [3ms]
2024-10-10 18:25:08.925 [info] > git for-each-ref --format=%(refname)%00%(upstream:short)%00%(objectname)%00%(upstream:track)%00%(upstream:remotename)%00%(upstream:remoteref) refs/heads/origin/main refs/remotes/origin/main [2ms]
2024-10-10 18:25:09.925 [info] > git config --get commit.template [11ms]
2024-10-10 18:25:09.928 [info] > git for-each-ref --format=%(refname)%00%(upstream:short)%00%(objectname)%00%(upstream:track)%00%(upstream:remotename)%00%(upstream:remoteref) refs/heads/ejercicio2-branch refs/remotes/ejercicio2-branch [4ms]
2024-10-10 18:25:09.946 [info] > git status -z -uall [3ms]
2024-10-10 18:25:09.962 [info] > git for-each-ref --format=%(refname)%00%(upstream:short)%00%(objectname)%00%(upstream:track)%00%(upstream:remotename)%00%(upstream:remoteref) refs/heads/ejercicio2-branch refs/remotes/ejercicio2-branch [5ms]
2024-10-10 18:25:09.980 [info] > git config --local branch.ejercicio2-branch.vscode-merge-base [6ms]
2024-10-10 18:25:09.997 [info] > git for-each-ref --format=%(refname)%00%(upstream:short)%00%(objectname)%00%(upstream:track)%00%(upstream:remotename)%00%(upstream:remoteref) refs/heads/origin/main refs/remotes/origin/main [11ms]
2024-10-10 18:25:10.053 [info] > git ls-files --stage -- /home/pro/Escritorio/git/ejercicio1-branch/README.md [13ms]
2024-10-10 18:25:10.081 [info] > git cat-file -s 6e7d68d6760209ed58dfcff78eeacfcfb03a2c66 [9ms]
2024-10-10 18:25:10.137 [info] > git show --textconv :README.md [10ms]
2024-10-10 18:25:32.964 [info] > git config --get commit.template [6ms]
2024-10-10 18:25:32.966 [info] > git for-each-ref --format=%(refname)%00%(upstream:short)%00%(objectname)%00%(upstream:track)%00%(upstream:remotename)%00%(upstream:remoteref) refs/heads/ejercicio2-branch refs/remotes/ejercicio2-branch [2ms]
2024-10-10 18:25:32.973 [info] > git status -z -uall [3ms]
2024-10-10 18:25:32.982 [info] > git for-each-ref --format=%(refname)%00%(upstream:short)%00%(objectname)%00%(upstream:track)%00%(upstream:remotename)%00%(upstream:remoteref) refs/heads/ejercicio2-branch refs/remotes/ejercicio2-branch [3ms]
2024-10-10 18:25:32.987 [info] > git config --local branch.ejercicio2-branch.vscode-merge-base [1ms]
2024-10-10 18:25:32.993 [info] > git for-each-ref --format=%(refname)%00%(upstream:short)%00%(objectname)%00%(upstream:track)%00%(upstream:remotename)%00%(upstream:remoteref) refs/heads/origin/main refs/remotes/origin/main [2ms]
2024-10-10 18:25:38.008 [info] > git config --get commit.template [13ms]
2024-10-10 18:25:38.010 [info] > git for-each-ref --format=%(refname)%00%(upstream:short)%00%(objectname)%00%(upstream:track)%00%(upstream:remotename)%00%(upstream:remoteref) refs/heads/ejercicio2-branch refs/remotes/ejercicio2-branch [4ms]
2024-10-10 18:25:38.025 [info] > git status -z -uall [4ms]
2024-10-10 18:25:38.048 [info] > git for-each-ref --format=%(refname)%00%(upstream:short)%00%(objectname)%00%(upstream:track)%00%(upstream:remotename)%00%(upstream:remoteref) refs/heads/ejercicio2-branch refs/remotes/ejercicio2-branch [11ms]
2024-10-10 18:25:38.064 [info] > git config --local branch.ejercicio2-branch.vscode-merge-base [3ms]
2024-10-10 18:25:38.080 [info] > git for-each-ref --format=%(refname)%00%(upstream:short)%00%(objectname)%00%(upstream:track)%00%(upstream:remotename)%00%(upstream:remoteref) refs/heads/origin/main refs/remotes/origin/main [8ms]
2024-10-10 18:25:53.069 [info] > git config --get commit.template [13ms]
2024-10-10 18:25:53.075 [info] > git for-each-ref --format=%(refname)%00%(upstream:short)%00%(objectname)%00%(upstream:track)%00%(upstream:remotename)%00%(upstream:remoteref) refs/heads/ejercicio2-branch refs/remotes/ejercicio2-branch [7ms]
2024-10-10 18:25:53.088 [info] > git status -z -uall [4ms]
2024-10-10 18:25:53.100 [info] > git for-each-ref --format=%(refname)%00%(upstream:short)%00%(objectname)%00%(upstream:track)%00%(upstream:remotename)%00%(upstream:remoteref) refs/heads/ejercicio2-branch refs/remotes/ejercicio2-branch [4ms]
2024-10-10 18:25:53.109 [info] > git config --local branch.ejercicio2-branch.vscode-merge-base [2ms]
2024-10-10 18:25:53.121 [info] > git for-each-ref --format=%(refname)%00%(upstream:short)%00%(objectname)%00%(upstream:track)%00%(upstream:remotename)%00%(upstream:remoteref) refs/heads/origin/main refs/remotes/origin/main [6ms]
2024-10-10 18:26:46.027 [info] > git config --get commit.template [4ms]
2024-10-10 18:26:46.028 [info] > git for-each-ref --format=%(refname)%00%(upstream:short)%00%(objectname)%00%(upstream:track)%00%(upstream:remotename)%00%(upstream:remoteref) refs/heads/ejercicio2-branch refs/remotes/ejercicio2-branch [1ms]
2024-10-10 18:26:46.034 [info] > git status -z -uall [2ms]
2024-10-10 18:26:46.046 [info] > git for-each-ref --format=%(refname)%00%(upstream:short)%00%(objectname)%00%(upstream:track)%00%(upstream:remotename)%00%(upstream:remoteref) refs/heads/ejercicio2-branch refs/remotes/ejercicio2-branch [7ms]
2024-10-10 18:26:46.065 [info] > git config --local branch.ejercicio2-branch.vscode-merge-base [3ms]
2024-10-10 18:26:46.071 [info] > git for-each-ref --format=%(refname)%00%(upstream:short)%00%(objectname)%00%(upstream:track)%00%(upstream:remotename)%00%(upstream:remoteref) refs/heads/origin/main refs/remotes/origin/main [2ms]
2024-10-10 18:26:51.059 [info] > git config --get commit.template [7ms]
2024-10-10 18:26:51.061 [info] > git for-each-ref --format=%(refname)%00%(upstream:short)%00%(objectname)%00%(upstream:track)%00%(upstream:remotename)%00%(upstream:remoteref) refs/heads/ejercicio2-branch refs/remotes/ejercicio2-branch [3ms]
2024-10-10 18:26:51.068 [info] > git status -z -uall [3ms]
2024-10-10 18:26:51.080 [info] > git for-each-ref --format=%(refname)%00%(upstream:short)%00%(objectname)%00%(upstream:track)%00%(upstream:remotename)%00%(upstream:remoteref) refs/heads/ejercicio2-branch refs/remotes/ejercicio2-branch [5ms]
2024-10-10 18:26:51.089 [info] > git config --local branch.ejercicio2-branch.vscode-merge-base [2ms]
2024-10-10 18:26:51.112 [info] > git for-each-ref --format=%(refname)%00%(upstream:short)%00%(objectname)%00%(upstream:track)%00%(upstream:remotename)%00%(upstream:remoteref) refs/heads/origin/main refs/remotes/origin/main [5ms]
2024-10-10 18:26:56.653 [info] > git config --get commit.template [7ms]
2024-10-10 18:26:56.655 [info] > git for-each-ref --format=%(refname)%00%(upstream:short)%00%(objectname)%00%(upstream:track)%00%(upstream:remotename)%00%(upstream:remoteref) refs/heads/ejercicio2-branch refs/remotes/ejercicio2-branch [3ms]
2024-10-10 18:26:56.660 [info] > git status -z -uall [2ms]
2024-10-10 18:26:56.667 [info] > git for-each-ref --format=%(refname)%00%(upstream:short)%00%(objectname)%00%(upstream:track)%00%(upstream:remotename)%00%(upstream:remoteref) refs/heads/ejercicio2-branch refs/remotes/ejercicio2-branch [3ms]
2024-10-10 18:26:56.672 [info] > git config --local branch.ejercicio2-branch.vscode-merge-base [1ms]
2024-10-10 18:26:56.678 [info] > git for-each-ref --format=%(refname)%00%(upstream:short)%00%(objectname)%00%(upstream:track)%00%(upstream:remotename)%00%(upstream:remoteref) refs/heads/origin/main refs/remotes/origin/main [2ms]
2024-10-10 18:27:01.679 [info] > git config --get commit.template [5ms]
2024-10-10 18:27:01.680 [info] > git for-each-ref --format=%(refname)%00%(upstream:short)%00%(objectname)%00%(upstream:track)%00%(upstream:remotename)%00%(upstream:remoteref) refs/heads/ejercicio2-branch refs/remotes/ejercicio2-branch [2ms]
2024-10-10 18:27:01.685 [info] > git status -z -uall [2ms]
2024-10-10 18:27:01.693 [info] > git for-each-ref --format=%(refname)%00%(upstream:short)%00%(objectname)%00%(upstream:track)%00%(upstream:remotename)%00%(upstream:remoteref) refs/heads/ejercicio2-branch refs/remotes/ejercicio2-branch [4ms]
2024-10-10 18:27:01.698 [info] > git config --local branch.ejercicio2-branch.vscode-merge-base [1ms]
2024-10-10 18:27:01.704 [info] > git for-each-ref --format=%(refname)%00%(upstream:short)%00%(objectname)%00%(upstream:track)%00%(upstream:remotename)%00%(upstream:remoteref) refs/heads/origin/main refs/remotes/origin/main [2ms]
2024-10-10 18:27:06.713 [info] > git config --get commit.template [8ms]
2024-10-10 18:27:06.715 [info] > git for-each-ref --format=%(refname)%00%(upstream:short)%00%(objectname)%00%(upstream:track)%00%(upstream:remotename)%00%(upstream:remoteref) refs/heads/ejercicio2-branch refs/remotes/ejercicio2-branch [3ms]
2024-10-10 18:27:06.721 [info] > git status -z -uall [2ms]
2024-10-10 18:27:06.730 [info] > git for-each-ref --format=%(refname)%00%(upstream:short)%00%(objectname)%00%(upstream:track)%00%(upstream:remotename)%00%(upstream:remoteref) refs/heads/ejercicio2-branch refs/remotes/ejercicio2-branch [4ms]
2024-10-10 18:27:06.735 [info] > git config --local branch.ejercicio2-branch.vscode-merge-base [1ms]
2024-10-10 18:27:06.740 [info] > git for-each-ref --format=%(refname)%00%(upstream:short)%00%(objectname)%00%(upstream:track)%00%(upstream:remotename)%00%(upstream:remoteref) refs/heads/origin/main refs/remotes/origin/main [1ms]
2024-10-10 18:27:31.930 [info] > git config --get commit.template [9ms]
2024-10-10 18:27:31.932 [info] > git for-each-ref --format=%(refname)%00%(upstream:short)%00%(objectname)%00%(upstream:track)%00%(upstream:remotename)%00%(upstream:remoteref) refs/heads/ejercicio2-branch refs/remotes/ejercicio2-branch [2ms]
2024-10-10 18:27:31.967 [info] > git status -z -uall [9ms]
2024-10-10 18:27:31.990 [info] > git for-each-ref --format=%(refname)%00%(upstream:short)%00%(objectname)%00%(upstream:track)%00%(upstream:remotename)%00%(upstream:remoteref) refs/heads/ejercicio2-branch refs/remotes/ejercicio2-branch [4ms]
2024-10-10 18:27:32.006 [info] > git config --local branch.ejercicio2-branch.vscode-merge-base [1ms]
2024-10-10 18:27:32.013 [info] > git for-each-ref --format=%(refname)%00%(upstream:short)%00%(objectname)%00%(upstream:track)%00%(upstream:remotename)%00%(upstream:remoteref) refs/heads/origin/main refs/remotes/origin/main [2ms]
2024-10-10 18:27:32.019 [info] > git merge-base refs/heads/ejercicio2-branch refs/remotes/origin/ejercicio2-branch [2ms]
2024-10-10 18:27:32.025 [info] > git rev-list --count --left-right refs/heads/ejercicio2-branch...refs/remotes/origin/ejercicio2-branch [2ms]
2024-10-10 18:27:32.031 [info] > git diff --name-status -z --diff-filter=ADMR dbc20882d3fa9ec85c97c9bfd2bcb5df816491e6...refs/remotes/origin/ejercicio2-branch [2ms]
2024-10-10 18:27:33.035 [info] > git ls-files --stage -- /home/pro/Escritorio/git/ejercicio1-branch/README.md [1ms]
2024-10-10 18:27:33.041 [info] > git cat-file -s 6e7d68d6760209ed58dfcff78eeacfcfb03a2c66 [2ms]
2024-10-10 18:27:33.048 [info] > git show --textconv :README.md [2ms]
2024-10-10 18:28:36.096 [info] > git config --get commit.template [14ms]
2024-10-10 18:28:36.098 [info] > git for-each-ref --format=%(refname)%00%(upstream:short)%00%(objectname)%00%(upstream:track)%00%(upstream:remotename)%00%(upstream:remoteref) refs/heads/ejercicio2-branch refs/remotes/ejercicio2-branch [5ms]
2024-10-10 18:28:36.115 [info] > git status -z -uall [5ms]
2024-10-10 18:28:36.130 [info] > git for-each-ref --format=%(refname)%00%(upstream:short)%00%(objectname)%00%(upstream:track)%00%(upstream:remotename)%00%(upstream:remoteref) refs/heads/ejercicio2-branch refs/remotes/ejercicio2-branch [5ms]
2024-10-10 18:28:36.137 [info] > git config --local branch.ejercicio2-branch.vscode-merge-base [2ms]
2024-10-10 18:28:36.145 [info] > git for-each-ref --format=%(refname)%00%(upstream:short)%00%(objectname)%00%(upstream:track)%00%(upstream:remotename)%00%(upstream:remoteref) refs/heads/origin/main refs/remotes/origin/main [3ms]
2024-10-10 18:28:41.162 [info] > git config --get commit.template [18ms]
2024-10-10 18:28:41.166 [info] > git for-each-ref --format=%(refname)%00%(upstream:short)%00%(objectname)%00%(upstream:track)%00%(upstream:remotename)%00%(upstream:remoteref) refs/heads/ejercicio2-branch refs/remotes/ejercicio2-branch [5ms]
2024-10-10 18:28:41.174 [info] > git status -z -uall [2ms]
2024-10-10 18:28:41.184 [info] > git for-each-ref --format=%(refname)%00%(upstream:short)%00%(objectname)%00%(upstream:track)%00%(upstream:remotename)%00%(upstream:remoteref) refs/heads/ejercicio2-branch refs/remotes/ejercicio2-branch [4ms]
2024-10-10 18:28:41.191 [info] > git config --local branch.ejercicio2-branch.vscode-merge-base [3ms]
2024-10-10 18:28:41.197 [info] > git for-each-ref --format=%(refname)%00%(upstream:short)%00%(objectname)%00%(upstream:track)%00%(upstream:remotename)%00%(upstream:remoteref) refs/heads/origin/main refs/remotes/origin/main [2ms]
2024-10-10 18:29:26.138 [info] > git config --get commit.template [13ms]
2024-10-10 18:29:26.141 [info] > git for-each-ref --format=%(refname)%00%(upstream:short)%00%(objectname)%00%(upstream:track)%00%(upstream:remotename)%00%(upstream:remoteref) refs/heads/ejercicio2-branch refs/remotes/ejercicio2-branch [4ms]
2024-10-10 18:29:26.158 [info] > git status -z -uall [5ms]
2024-10-10 18:29:26.178 [info] > git for-each-ref --format=%(refname)%00%(upstream:short)%00%(objectname)%00%(upstream:track)%00%(upstream:remotename)%00%(upstream:remoteref) refs/heads/ejercicio2-branch refs/remotes/ejercicio2-branch [7ms]
2024-10-10 18:29:26.187 [info] > git config --local branch.ejercicio2-branch.vscode-merge-base [3ms]
2024-10-10 18:29:26.193 [info] > git for-each-ref --format=%(refname)%00%(upstream:short)%00%(objectname)%00%(upstream:track)%00%(upstream:remotename)%00%(upstream:remoteref) refs/heads/origin/main refs/remotes/origin/main [2ms]
2024-10-10 18:29:31.187 [info] > git config --get commit.template [5ms]
2024-10-10 18:29:31.188 [info] > git for-each-ref --format=%(refname)%00%(upstream:short)%00%(objectname)%00%(upstream:track)%00%(upstream:remotename)%00%(upstream:remoteref) refs/heads/ejercicio2-branch refs/remotes/ejercicio2-branch [3ms]
2024-10-10 18:29:31.198 [info] > git status -z -uall [4ms]
2024-10-10 18:29:31.213 [info] > git for-each-ref --format=%(refname)%00%(upstream:short)%00%(objectname)%00%(upstream:track)%00%(upstream:remotename)%00%(upstream:remoteref) refs/heads/ejercicio2-branch refs/remotes/ejercicio2-branch [4ms]
2024-10-10 18:29:31.219 [info] > git config --local branch.ejercicio2-branch.vscode-merge-base [1ms]
2024-10-10 18:29:31.224 [info] > git for-each-ref --format=%(refname)%00%(upstream:short)%00%(objectname)%00%(upstream:track)%00%(upstream:remotename)%00%(upstream:remoteref) refs/heads/origin/main refs/remotes/origin/main [2ms]
2024-10-10 18:29:36.241 [info] > git config --get commit.template [13ms]
2024-10-10 18:29:36.244 [info] > git for-each-ref --format=%(refname)%00%(upstream:short)%00%(objectname)%00%(upstream:track)%00%(upstream:remotename)%00%(upstream:remoteref) refs/heads/ejercicio2-branch refs/remotes/ejercicio2-branch [4ms]
2024-10-10 18:29:36.253 [info] > git status -z -uall [3ms]
2024-10-10 18:29:36.263 [info] > git for-each-ref --format=%(refname)%00%(upstream:short)%00%(objectname)%00%(upstream:track)%00%(upstream:remotename)%00%(upstream:remoteref) refs/heads/ejercicio2-branch refs/remotes/ejercicio2-branch [4ms]
2024-10-10 18:29:36.270 [info] > git config --local branch.ejercicio2-branch.vscode-merge-base [2ms]
2024-10-10 18:29:36.276 [info] > git for-each-ref --format=%(refname)%00%(upstream:short)%00%(objectname)%00%(upstream:track)%00%(upstream:remotename)%00%(upstream:remoteref) refs/heads/origin/main refs/remotes/origin/main [1ms]
2024-10-10 18:32:11.220 [info] > git show --textconv :Ejercicio3.java [24ms]
2024-10-10 18:32:11.234 [info] > git ls-files --stage -- /home/pro/Escritorio/git/ejercicio1-branch/Ejercicio3.java [14ms]
2024-10-10 18:32:11.332 [info] > git check-ignore -v -z --stdin [8ms]
2024-10-10 18:32:12.330 [info] > git config --get commit.template [5ms]
2024-10-10 18:32:12.331 [info] > git for-each-ref --format=%(refname)%00%(upstream:short)%00%(objectname)%00%(upstream:track)%00%(upstream:remotename)%00%(upstream:remoteref) refs/heads/ejercicio2-branch refs/remotes/ejercicio2-branch [2ms]
2024-10-10 18:32:12.351 [info] > git status -z -uall [16ms]
2024-10-10 18:32:12.368 [info] > git for-each-ref --format=%(refname)%00%(upstream:short)%00%(objectname)%00%(upstream:track)%00%(upstream:remotename)%00%(upstream:remoteref) refs/heads/ejercicio2-branch refs/remotes/ejercicio2-branch [5ms]
2024-10-10 18:32:12.383 [info] > git config --local branch.ejercicio2-branch.vscode-merge-base [1ms]
2024-10-10 18:32:12.400 [info] > git for-each-ref --format=%(refname)%00%(upstream:short)%00%(objectname)%00%(upstream:track)%00%(upstream:remotename)%00%(upstream:remoteref) refs/heads/origin/main refs/remotes/origin/main [1ms]
2024-10-10 18:32:12.695 [info] > git show --textconv :ejercicio2.java [17ms]
2024-10-10 18:32:12.701 [info] > git ls-files --stage -- /home/pro/Escritorio/git/ejercicio1-branch/ejercicio2.java [12ms]
2024-10-10 18:32:12.726 [info] > git cat-file -s cbef41742926c5773325075925af5556cb2e6b66 [10ms]
2024-10-10 18:32:20.026 [info] > git show --textconv :Ejercicio3.java [7ms]
2024-10-10 18:32:20.029 [info] > git ls-files --stage -- /home/pro/Escritorio/git/ejercicio1-branch/Ejercicio3.java [3ms]
2024-10-10 18:32:24.336 [info] > git for-each-ref --format=%(refname)%00%(upstream:short)%00%(objectname)%00%(upstream:track)%00%(upstream:remotename)%00%(upstream:remoteref) refs/heads/ejercicio2-branch refs/remotes/ejercicio2-branch [3ms]
2024-10-10 18:32:24.336 [info] > git config --get commit.template [22ms]
2024-10-10 18:32:24.355 [info] > git status -z -uall [11ms]
2024-10-10 18:32:24.366 [info] > git for-each-ref --format=%(refname)%00%(upstream:short)%00%(objectname)%00%(upstream:track)%00%(upstream:remotename)%00%(upstream:remoteref) refs/heads/ejercicio2-branch refs/remotes/ejercicio2-branch [4ms]
2024-10-10 18:32:24.383 [info] > git config --local branch.ejercicio2-branch.vscode-merge-base [12ms]
2024-10-10 18:32:24.396 [info] > git for-each-ref --format=%(refname)%00%(upstream:short)%00%(objectname)%00%(upstream:track)%00%(upstream:remotename)%00%(upstream:remoteref) refs/heads/origin/main refs/remotes/origin/main [4ms]
2024-10-10 18:32:25.629 [info] > git show --textconv :ejercicio2.java [10ms]
2024-10-10 18:32:25.650 [info] > git ls-files --stage -- /home/pro/Escritorio/git/ejercicio1-branch/ejercicio2.java [22ms]
2024-10-10 18:32:25.686 [info] > git cat-file -s cbef41742926c5773325075925af5556cb2e6b66 [6ms]
2024-10-10 18:32:26.771 [info] > git show --textconv :Ejercicio3.java [13ms]
2024-10-10 18:32:26.782 [info] > git ls-files --stage -- /home/pro/Escritorio/git/ejercicio1-branch/Ejercicio3.java [12ms]
2024-10-10 18:32:27.811 [info] > git show --textconv :README.md [5ms]
2024-10-10 18:32:27.813 [info] > git ls-files --stage -- /home/pro/Escritorio/git/ejercicio1-branch/README.md [3ms]
2024-10-10 18:32:27.818 [info] > git cat-file -s 6e7d68d6760209ed58dfcff78eeacfcfb03a2c66 [1ms]
2024-10-10 18:32:40.793 [info] > git config --get commit.template [8ms]
2024-10-10 18:32:40.794 [info] > git for-each-ref --format=%(refname)%00%(upstream:short)%00%(objectname)%00%(upstream:track)%00%(upstream:remotename)%00%(upstream:remoteref) refs/heads/ejercicio3-branch refs/remotes/ejercicio3-branch [2ms]
2024-10-10 18:32:40.803 [info] > git status -z -uall [2ms]
2024-10-10 18:32:40.827 [info] > git for-each-ref --format=%(refname)%00%(upstream:short)%00%(objectname)%00%(upstream:track)%00%(upstream:remotename)%00%(upstream:remoteref) refs/heads/ejercicio3-branch refs/remotes/ejercicio3-branch [7ms]
2024-10-10 18:32:40.834 [info] > git config --local branch.ejercicio3-branch.vscode-merge-base [2ms]
2024-10-10 18:32:40.834 [warning] [Git][config] git config failed: Failed to execute git
2024-10-10 18:32:40.843 [info] > git reflog ejercicio3-branch --grep-reflog=branch: Created from *. [3ms]
2024-10-10 18:32:40.849 [info] > git reflog HEAD --grep-reflog=checkout: moving from .* to ejercicio3-branch [3ms]
2024-10-10 18:32:40.855 [info] > git for-each-ref --format=%(refname)%00%(upstream:short)%00%(objectname)%00%(upstream:track)%00%(upstream:remotename)%00%(upstream:remoteref) refs/heads/ejercicio2-branch refs/remotes/ejercicio2-branch [2ms]
2024-10-10 18:32:40.863 [info] > git for-each-ref --format=%(refname)%00%(upstream:short)%00%(objectname)%00%(upstream:track)%00%(upstream:remotename)%00%(upstream:remoteref) refs/remotes/origin/ejercicio2-branch [4ms]
2024-10-10 18:32:40.872 [info] > git config --local branch.ejercicio3-branch.vscode-merge-base origin/ejercicio2-branch [4ms]
2024-10-10 18:32:40.886 [info] > git config --get commit.template [5ms]
2024-10-10 18:32:40.887 [info] > git for-each-ref --format=%(refname)%00%(upstream:short)%00%(objectname)%00%(upstream:track)%00%(upstream:remotename)%00%(upstream:remoteref) refs/heads/ejercicio3-branch refs/remotes/ejercicio3-branch [1ms]
2024-10-10 18:32:40.892 [info] > git status -z -uall [2ms]
2024-10-10 18:32:40.899 [info] > git for-each-ref --format=%(refname)%00%(upstream:short)%00%(objectname)%00%(upstream:track)%00%(upstream:remotename)%00%(upstream:remoteref) refs/heads/ejercicio3-branch refs/remotes/ejercicio3-branch [3ms]
2024-10-10 18:32:40.906 [info] > git config --local branch.ejercicio3-branch.vscode-merge-base [2ms]
2024-10-10 18:32:40.912 [info] > git for-each-ref --format=%(refname)%00%(upstream:short)%00%(objectname)%00%(upstream:track)%00%(upstream:remotename)%00%(upstream:remoteref) refs/heads/origin/ejercicio2-branch refs/remotes/origin/ejercicio2-branch [3ms]
2024-10-10 18:32:42.029 [info] > git config --get commit.template [13ms]
2024-10-10 18:32:42.032 [info] > git for-each-ref --format=%(refname)%00%(upstream:short)%00%(objectname)%00%(upstream:track)%00%(upstream:remotename)%00%(upstream:remoteref) refs/heads/ejercicio3-branch refs/remotes/ejercicio3-branch [4ms]
2024-10-10 18:32:42.047 [info] > git status -z -uall [5ms]
2024-10-10 18:32:42.066 [info] > git for-each-ref --format=%(refname)%00%(upstream:short)%00%(objectname)%00%(upstream:track)%00%(upstream:remotename)%00%(upstream:remoteref) refs/heads/ejercicio3-branch refs/remotes/ejercicio3-branch [7ms]
2024-10-10 18:32:42.076 [info] > git config --local branch.ejercicio3-branch.vscode-merge-base [2ms]
2024-10-10 18:32:42.084 [info] > git for-each-ref --format=%(refname)%00%(upstream:short)%00%(objectname)%00%(upstream:track)%00%(upstream:remotename)%00%(upstream:remoteref) refs/heads/origin/ejercicio2-branch refs/remotes/origin/ejercicio2-branch [2ms]
2024-10-10 18:32:42.109 [info] > git ls-files --stage -- /home/pro/Escritorio/git/ejercicio1-branch/README.md [1ms]
2024-10-10 18:32:42.114 [info] > git cat-file -s 6e7d68d6760209ed58dfcff78eeacfcfb03a2c66 [1ms]
2024-10-10 18:32:42.123 [info] > git show --textconv :README.md [2ms]
2024-10-10 18:32:51.670 [info] > git config --get commit.template [7ms]
2024-10-10 18:32:51.672 [info] > git for-each-ref --format=%(refname)%00%(upstream:short)%00%(objectname)%00%(upstream:track)%00%(upstream:remotename)%00%(upstream:remoteref) refs/heads/ejercicio3-branch refs/remotes/ejercicio3-branch [2ms]
2024-10-10 18:32:51.678 [info] > git status -z -uall [2ms]
2024-10-10 18:32:51.688 [info] > git for-each-ref --format=%(refname)%00%(upstream:short)%00%(objectname)%00%(upstream:track)%00%(upstream:remotename)%00%(upstream:remoteref) refs/heads/ejercicio3-branch refs/remotes/ejercicio3-branch [4ms]
2024-10-10 18:32:51.696 [info] > git config --local branch.ejercicio3-branch.vscode-merge-base [3ms]
2024-10-10 18:32:51.720 [info] > git for-each-ref --format=%(refname)%00%(upstream:short)%00%(objectname)%00%(upstream:track)%00%(upstream:remotename)%00%(upstream:remoteref) refs/heads/origin/ejercicio2-branch refs/remotes/origin/ejercicio2-branch [5ms]
2024-10-10 18:32:56.700 [info] > git config --get commit.template [9ms]
2024-10-10 18:32:56.702 [info] > git for-each-ref --format=%(refname)%00%(upstream:short)%00%(objectname)%00%(upstream:track)%00%(upstream:remotename)%00%(upstream:remoteref) refs/heads/ejercicio3-branch refs/remotes/ejercicio3-branch [2ms]
2024-10-10 18:32:56.717 [info] > git status -z -uall [3ms]
2024-10-10 18:32:56.725 [info] > git for-each-ref --format=%(refname)%00%(upstream:short)%00%(objectname)%00%(upstream:track)%00%(upstream:remotename)%00%(upstream:remoteref) refs/heads/ejercicio3-branch refs/remotes/ejercicio3-branch [3ms]
2024-10-10 18:32:56.732 [info] > git config --local branch.ejercicio3-branch.vscode-merge-base [2ms]
2024-10-10 18:32:56.741 [info] > git for-each-ref --format=%(refname)%00%(upstream:short)%00%(objectname)%00%(upstream:track)%00%(upstream:remotename)%00%(upstream:remoteref) refs/heads/origin/ejercicio2-branch refs/remotes/origin/ejercicio2-branch [2ms]
2024-10-10 18:33:02.895 [info] > git config --get commit.template [11ms]
2024-10-10 18:33:02.921 [info] > git for-each-ref --format=%(refname)%00%(upstream:short)%00%(objectname)%00%(upstream:track)%00%(upstream:remotename)%00%(upstream:remoteref) refs/heads/ejercicio3-branch refs/remotes/ejercicio3-branch [2ms]
2024-10-10 18:33:02.934 [info] > git status -z -uall [3ms]
2024-10-10 18:33:02.944 [info] > git for-each-ref --format=%(refname)%00%(upstream:short)%00%(objectname)%00%(upstream:track)%00%(upstream:remotename)%00%(upstream:remoteref) refs/heads/ejercicio3-branch refs/remotes/ejercicio3-branch [4ms]
2024-10-10 18:33:02.951 [info] > git config --local branch.ejercicio3-branch.vscode-merge-base [2ms]
2024-10-10 18:33:02.959 [info] > git for-each-ref --format=%(refname)%00%(upstream:short)%00%(objectname)%00%(upstream:track)%00%(upstream:remotename)%00%(upstream:remoteref) refs/heads/origin/ejercicio2-branch refs/remotes/origin/ejercicio2-branch [2ms]
2024-10-10 18:33:58.318 [info] > git config --get commit.template [5ms]
2024-10-10 18:33:58.320 [info] > git for-each-ref --format=%(refname)%00%(upstream:short)%00%(objectname)%00%(upstream:track)%00%(upstream:remotename)%00%(upstream:remoteref) refs/heads/ejercicio3-branch refs/remotes/ejercicio3-branch [3ms]
2024-10-10 18:33:58.327 [info] > git status -z -uall [2ms]
2024-10-10 18:33:58.335 [info] > git for-each-ref --format=%(refname)%00%(upstream:short)%00%(objectname)%00%(upstream:track)%00%(upstream:remotename)%00%(upstream:remoteref) refs/heads/ejercicio3-branch refs/remotes/ejercicio3-branch [4ms]
2024-10-10 18:33:58.341 [info] > git config --local branch.ejercicio3-branch.vscode-merge-base [2ms]
2024-10-10 18:33:58.347 [info] > git for-each-ref --format=%(refname)%00%(upstream:short)%00%(objectname)%00%(upstream:track)%00%(upstream:remotename)%00%(upstream:remoteref) refs/heads/origin/ejercicio2-branch refs/remotes/origin/ejercicio2-branch [2ms]
2024-10-10 18:34:03.341 [info] > git config --get commit.template [4ms]
2024-10-10 18:34:03.342 [info] > git for-each-ref --format=%(refname)%00%(upstream:short)%00%(objectname)%00%(upstream:track)%00%(upstream:remotename)%00%(upstream:remoteref) refs/heads/ejercicio3-branch refs/remotes/ejercicio3-branch [1ms]
2024-10-10 18:34:03.348 [info] > git status -z -uall [2ms]
2024-10-10 18:34:03.355 [info] > git for-each-ref --format=%(refname)%00%(upstream:short)%00%(objectname)%00%(upstream:track)%00%(upstream:remotename)%00%(upstream:remoteref) refs/heads/ejercicio3-branch refs/remotes/ejercicio3-branch [3ms]
2024-10-10 18:34:03.362 [info] > git config --local branch.ejercicio3-branch.vscode-merge-base [2ms]
2024-10-10 18:34:03.369 [info] > git for-each-ref --format=%(refname)%00%(upstream:short)%00%(objectname)%00%(upstream:track)%00%(upstream:remotename)%00%(upstream:remoteref) refs/heads/origin/ejercicio2-branch refs/remotes/origin/ejercicio2-branch [3ms]
2024-10-10 18:34:08.370 [info] > git config --get commit.template [8ms]
2024-10-10 18:34:08.372 [info] > git for-each-ref --format=%(refname)%00%(upstream:short)%00%(objectname)%00%(upstream:track)%00%(upstream:remotename)%00%(upstream:remoteref) refs/heads/ejercicio3-branch refs/remotes/ejercicio3-branch [3ms]
2024-10-10 18:34:08.384 [info] > git status -z -uall [4ms]
2024-10-10 18:34:08.405 [info] > git for-each-ref --format=%(refname)%00%(upstream:short)%00%(objectname)%00%(upstream:track)%00%(upstream:remotename)%00%(upstream:remoteref) refs/heads/ejercicio3-branch refs/remotes/ejercicio3-branch [12ms]
2024-10-10 18:34:08.422 [info] > git config --local branch.ejercicio3-branch.vscode-merge-base [3ms]
2024-10-10 18:34:08.429 [info] > git for-each-ref --format=%(refname)%00%(upstream:short)%00%(objectname)%00%(upstream:track)%00%(upstream:remotename)%00%(upstream:remoteref) refs/heads/origin/ejercicio2-branch refs/remotes/origin/ejercicio2-branch [2ms]
2024-10-10 18:34:13.404 [info] > git config --get commit.template [4ms]
2024-10-10 18:34:13.405 [info] > git for-each-ref --format=%(refname)%00%(upstream:short)%00%(objectname)%00%(upstream:track)%00%(upstream:remotename)%00%(upstream:remoteref) refs/heads/ejercicio3-branch refs/remotes/ejercicio3-branch [1ms]
2024-10-10 18:34:13.410 [info] > git status -z -uall [1ms]
2024-10-10 18:34:13.418 [info] > git for-each-ref --format=%(refname)%00%(upstream:short)%00%(objectname)%00%(upstream:track)%00%(upstream:remotename)%00%(upstream:remoteref) refs/heads/ejercicio3-branch refs/remotes/ejercicio3-branch [3ms]
2024-10-10 18:34:13.424 [info] > git config --local branch.ejercicio3-branch.vscode-merge-base [1ms]
2024-10-10 18:34:13.430 [info] > git for-each-ref --format=%(refname)%00%(upstream:short)%00%(objectname)%00%(upstream:track)%00%(upstream:remotename)%00%(upstream:remoteref) refs/heads/origin/ejercicio2-branch refs/remotes/origin/ejercicio2-branch [1ms]
2024-10-10 18:34:18.465 [info] > git config --get commit.template [29ms]
2024-10-10 18:34:18.469 [info] > git for-each-ref --format=%(refname)%00%(upstream:short)%00%(objectname)%00%(upstream:track)%00%(upstream:remotename)%00%(upstream:remoteref) refs/heads/ejercicio3-branch refs/remotes/ejercicio3-branch [7ms]
2024-10-10 18:34:18.486 [info] > git status -z -uall [6ms]
2024-10-10 18:34:18.517 [info] > git for-each-ref --format=%(refname)%00%(upstream:short)%00%(objectname)%00%(upstream:track)%00%(upstream:remotename)%00%(upstream:remoteref) refs/heads/ejercicio3-branch refs/remotes/ejercicio3-branch [10ms]
2024-10-10 18:34:18.539 [info] > git config --local branch.ejercicio3-branch.vscode-merge-base [10ms]
2024-10-10 18:34:18.565 [info] > git for-each-ref --format=%(refname)%00%(upstream:short)%00%(objectname)%00%(upstream:track)%00%(upstream:remotename)%00%(upstream:remoteref) refs/heads/origin/ejercicio2-branch refs/remotes/origin/ejercicio2-branch [6ms]
2024-10-10 18:34:23.598 [info] > git config --get commit.template [14ms]
2024-10-10 18:34:23.603 [info] > git for-each-ref --format=%(refname)%00%(upstream:short)%00%(objectname)%00%(upstream:track)%00%(upstream:remotename)%00%(upstream:remoteref) refs/heads/ejercicio3-branch refs/remotes/ejercicio3-branch [5ms]
2024-10-10 18:34:23.618 [info] > git status -z -uall [3ms]
2024-10-10 18:34:23.630 [info] > git for-each-ref --format=%(refname)%00%(upstream:short)%00%(objectname)%00%(upstream:track)%00%(upstream:remotename)%00%(upstream:remoteref) refs/heads/ejercicio3-branch refs/remotes/ejercicio3-branch [7ms]
2024-10-10 18:34:23.637 [info] > git config --local branch.ejercicio3-branch.vscode-merge-base [2ms]
2024-10-10 18:34:23.647 [info] > git for-each-ref --format=%(refname)%00%(upstream:short)%00%(objectname)%00%(upstream:track)%00%(upstream:remotename)%00%(upstream:remoteref) refs/heads/origin/ejercicio2-branch refs/remotes/origin/ejercicio2-branch [2ms]
2024-10-10 18:34:31.137 [info] > git config --get commit.template [4ms]
2024-10-10 18:34:31.138 [info] > git for-each-ref --format=%(refname)%00%(upstream:short)%00%(objectname)%00%(upstream:track)%00%(upstream:remotename)%00%(upstream:remoteref) refs/heads/ejercicio3-branch refs/remotes/ejercicio3-branch [1ms]
2024-10-10 18:34:31.147 [info] > git status -z -uall [5ms]
2024-10-10 18:34:31.154 [info] > git for-each-ref --format=%(refname)%00%(upstream:short)%00%(objectname)%00%(upstream:track)%00%(upstream:remotename)%00%(upstream:remoteref) refs/heads/ejercicio3-branch refs/remotes/ejercicio3-branch [2ms]
2024-10-10 18:34:31.163 [info] > git config --local branch.ejercicio3-branch.vscode-merge-base [3ms]
2024-10-10 18:34:31.171 [info] > git for-each-ref --format=%(refname)%00%(upstream:short)%00%(objectname)%00%(upstream:track)%00%(upstream:remotename)%00%(upstream:remoteref) refs/heads/origin/ejercicio2-branch refs/remotes/origin/ejercicio2-branch [1ms]
2024-10-10 18:35:13.058 [info] > git config --get commit.template [10ms]
2024-10-10 18:35:13.064 [info] > git for-each-ref --format=%(refname)%00%(upstream:short)%00%(objectname)%00%(upstream:track)%00%(upstream:remotename)%00%(upstream:remoteref) refs/heads/ejercicio3-branch refs/remotes/ejercicio3-branch [5ms]
2024-10-10 18:35:13.074 [info] > git status -z -uall [6ms]
2024-10-10 18:35:13.083 [info] > git for-each-ref --format=%(refname)%00%(upstream:short)%00%(objectname)%00%(upstream:track)%00%(upstream:remotename)%00%(upstream:remoteref) refs/heads/ejercicio3-branch refs/remotes/ejercicio3-branch [3ms]
2024-10-10 18:35:13.088 [info] > git config --local branch.ejercicio3-branch.vscode-merge-base [2ms]
2024-10-10 18:35:13.097 [info] > git for-each-ref --format=%(refname)%00%(upstream:short)%00%(objectname)%00%(upstream:track)%00%(upstream:remotename)%00%(upstream:remoteref) refs/heads/origin/ejercicio2-branch refs/remotes/origin/ejercicio2-branch [3ms]
2024-10-10 18:35:18.120 [info] > git for-each-ref --format=%(refname)%00%(upstream:short)%00%(objectname)%00%(upstream:track)%00%(upstream:remotename)%00%(upstream:remoteref) refs/heads/ejercicio3-branch refs/remotes/ejercicio3-branch [1ms]
2024-10-10 18:35:18.120 [info] > git config --get commit.template [30ms]
2024-10-10 18:35:18.148 [info] > git status -z -uall [4ms]
2024-10-10 18:35:18.157 [info] > git for-each-ref --format=%(refname)%00%(upstream:short)%00%(objectname)%00%(upstream:track)%00%(upstream:remotename)%00%(upstream:remoteref) refs/heads/ejercicio3-branch refs/remotes/ejercicio3-branch [4ms]
2024-10-10 18:35:18.167 [info] > git config --local branch.ejercicio3-branch.vscode-merge-base [3ms]
2024-10-10 18:35:18.173 [info] > git for-each-ref --format=%(refname)%00%(upstream:short)%00%(objectname)%00%(upstream:track)%00%(upstream:remotename)%00%(upstream:remoteref) refs/heads/origin/ejercicio2-branch refs/remotes/origin/ejercicio2-branch [2ms]
2024-10-10 18:35:23.185 [info] > git config --get commit.template [16ms]
2024-10-10 18:35:23.191 [info] > git for-each-ref --format=%(refname)%00%(upstream:short)%00%(objectname)%00%(upstream:track)%00%(upstream:remotename)%00%(upstream:remoteref) refs/heads/ejercicio3-branch refs/remotes/ejercicio3-branch [8ms]
2024-10-10 18:35:23.217 [info] > git status -z -uall [7ms]
2024-10-10 18:35:23.235 [info] > git for-each-ref --format=%(refname)%00%(upstream:short)%00%(objectname)%00%(upstream:track)%00%(upstream:remotename)%00%(upstream:remoteref) refs/heads/ejercicio3-branch refs/remotes/ejercicio3-branch [4ms]
2024-10-10 18:35:23.249 [info] > git config --local branch.ejercicio3-branch.vscode-merge-base [5ms]
2024-10-10 18:35:23.258 [info] > git for-each-ref --format=%(refname)%00%(upstream:short)%00%(objectname)%00%(upstream:track)%00%(upstream:remotename)%00%(upstream:remoteref) refs/heads/origin/ejercicio2-branch refs/remotes/origin/ejercicio2-branch [3ms]
2024-10-10 18:35:32.654 [info] > git config --get commit.template [11ms]
2024-10-10 18:35:32.661 [info] > git for-each-ref --format=%(refname)%00%(upstream:short)%00%(objectname)%00%(upstream:track)%00%(upstream:remotename)%00%(upstream:remoteref) refs/heads/ejercicio3-branch refs/remotes/ejercicio3-branch [9ms]
2024-10-10 18:35:32.671 [info] > git status -z -uall [5ms]
2024-10-10 18:35:32.684 [info] > git for-each-ref --format=%(refname)%00%(upstream:short)%00%(objectname)%00%(upstream:track)%00%(upstream:remotename)%00%(upstream:remoteref) refs/heads/ejercicio3-branch refs/remotes/ejercicio3-branch [6ms]
2024-10-10 18:35:32.692 [info] > git config --local branch.ejercicio3-branch.vscode-merge-base [2ms]
2024-10-10 18:35:32.702 [info] > git for-each-ref --format=%(refname)%00%(upstream:short)%00%(objectname)%00%(upstream:track)%00%(upstream:remotename)%00%(upstream:remoteref) refs/heads/origin/ejercicio2-branch refs/remotes/origin/ejercicio2-branch [3ms]
2024-10-10 18:35:37.719 [info] > git config --get commit.template [29ms]
2024-10-10 18:35:37.724 [info] > git for-each-ref --format=%(refname)%00%(upstream:short)%00%(objectname)%00%(upstream:track)%00%(upstream:remotename)%00%(upstream:remoteref) refs/heads/ejercicio3-branch refs/remotes/ejercicio3-branch [6ms]
2024-10-10 18:35:37.738 [info] > git status -z -uall [6ms]
2024-10-10 18:35:37.755 [info] > git for-each-ref --format=%(refname)%00%(upstream:short)%00%(objectname)%00%(upstream:track)%00%(upstream:remotename)%00%(upstream:remoteref) refs/heads/ejercicio3-branch refs/remotes/ejercicio3-branch [4ms]
2024-10-10 18:35:37.771 [info] > git config --local branch.ejercicio3-branch.vscode-merge-base [4ms]
2024-10-10 18:35:37.786 [info] > git for-each-ref --format=%(refname)%00%(upstream:short)%00%(objectname)%00%(upstream:track)%00%(upstream:remotename)%00%(upstream:remoteref) refs/heads/origin/ejercicio2-branch refs/remotes/origin/ejercicio2-branch [2ms]
2024-10-10 18:35:42.763 [info] > git config --get commit.template [4ms]
2024-10-10 18:35:42.771 [info] > git for-each-ref --format=%(refname)%00%(upstream:short)%00%(objectname)%00%(upstream:track)%00%(upstream:remotename)%00%(upstream:remoteref) refs/heads/ejercicio3-branch refs/remotes/ejercicio3-branch [8ms]
2024-10-10 18:35:42.779 [info] > git status -z -uall [4ms]
2024-10-10 18:35:42.786 [info] > git for-each-ref --format=%(refname)%00%(upstream:short)%00%(objectname)%00%(upstream:track)%00%(upstream:remotename)%00%(upstream:remoteref) refs/heads/ejercicio3-branch refs/remotes/ejercicio3-branch [3ms]
2024-10-10 18:35:42.793 [info] > git config --local branch.ejercicio3-branch.vscode-merge-base [3ms]
2024-10-10 18:35:42.800 [info] > git for-each-ref --format=%(refname)%00%(upstream:short)%00%(objectname)%00%(upstream:track)%00%(upstream:remotename)%00%(upstream:remoteref) refs/heads/origin/ejercicio2-branch refs/remotes/origin/ejercicio2-branch [1ms]
2024-10-10 18:35:47.810 [info] > git config --get commit.template [12ms]
2024-10-10 18:35:47.815 [info] > git for-each-ref --format=%(refname)%00%(upstream:short)%00%(objectname)%00%(upstream:track)%00%(upstream:remotename)%00%(upstream:remoteref) refs/heads/ejercicio3-branch refs/remotes/ejercicio3-branch [6ms]
2024-10-10 18:35:47.827 [info] > git status -z -uall [3ms]
2024-10-10 18:35:47.843 [info] > git for-each-ref --format=%(refname)%00%(upstream:short)%00%(objectname)%00%(upstream:track)%00%(upstream:remotename)%00%(upstream:remoteref) refs/heads/ejercicio3-branch refs/remotes/ejercicio3-branch [7ms]
2024-10-10 18:35:47.852 [info] > git config --local branch.ejercicio3-branch.vscode-merge-base [2ms]
2024-10-10 18:35:47.859 [info] > git for-each-ref --format=%(refname)%00%(upstream:short)%00%(objectname)%00%(upstream:track)%00%(upstream:remotename)%00%(upstream:remoteref) refs/heads/origin/ejercicio2-branch refs/remotes/origin/ejercicio2-branch [2ms]
2024-10-10 18:35:52.864 [info] > git config --get commit.template [13ms]
2024-10-10 18:35:52.872 [info] > git for-each-ref --format=%(refname)%00%(upstream:short)%00%(objectname)%00%(upstream:track)%00%(upstream:remotename)%00%(upstream:remoteref) refs/heads/ejercicio3-branch refs/remotes/ejercicio3-branch [9ms]
2024-10-10 18:35:52.885 [info] > git status -z -uall [4ms]
2024-10-10 18:35:52.895 [info] > git for-each-ref --format=%(refname)%00%(upstream:short)%00%(objectname)%00%(upstream:track)%00%(upstream:remotename)%00%(upstream:remoteref) refs/heads/ejercicio3-branch refs/remotes/ejercicio3-branch [4ms]
2024-10-10 18:35:52.903 [info] > git config --local branch.ejercicio3-branch.vscode-merge-base [3ms]
2024-10-10 18:35:52.909 [info] > git for-each-ref --format=%(refname)%00%(upstream:short)%00%(objectname)%00%(upstream:track)%00%(upstream:remotename)%00%(upstream:remoteref) refs/heads/origin/ejercicio2-branch refs/remotes/origin/ejercicio2-branch [2ms]
2024-10-10 18:36:00.625 [info] > git config --get commit.template [4ms]
2024-10-10 18:36:00.626 [info] > git for-each-ref --format=%(refname)%00%(upstream:short)%00%(objectname)%00%(upstream:track)%00%(upstream:remotename)%00%(upstream:remoteref) refs/heads/ejercicio3-branch refs/remotes/ejercicio3-branch [1ms]
2024-10-10 18:36:00.632 [info] > git status -z -uall [2ms]
2024-10-10 18:36:00.639 [info] > git for-each-ref --format=%(refname)%00%(upstream:short)%00%(objectname)%00%(upstream:track)%00%(upstream:remotename)%00%(upstream:remoteref) refs/heads/ejercicio3-branch refs/remotes/ejercicio3-branch [2ms]
2024-10-10 18:36:00.645 [info] > git config --local branch.ejercicio3-branch.vscode-merge-base [1ms]
2024-10-10 18:36:00.651 [info] > git for-each-ref --format=%(refname)%00%(upstream:short)%00%(objectname)%00%(upstream:track)%00%(upstream:remotename)%00%(upstream:remoteref) refs/heads/origin/ejercicio2-branch refs/remotes/origin/ejercicio2-branch [1ms]
2024-10-10 18:36:09.068 [info] > git config --get commit.template [4ms]
2024-10-10 18:36:09.082 [info] > git for-each-ref --format=%(refname)%00%(upstream:short)%00%(objectname)%00%(upstream:track)%00%(upstream:remotename)%00%(upstream:remoteref) refs/heads/ejercicio3-branch refs/remotes/ejercicio3-branch [4ms]
2024-10-10 18:36:09.096 [info] > git status -z -uall [5ms]
2024-10-10 18:36:09.113 [info] > git for-each-ref --format=%(refname)%00%(upstream:short)%00%(objectname)%00%(upstream:track)%00%(upstream:remotename)%00%(upstream:remoteref) refs/heads/ejercicio3-branch refs/remotes/ejercicio3-branch [6ms]
2024-10-10 18:36:09.121 [info] > git config --local branch.ejercicio3-branch.vscode-merge-base [1ms]
2024-10-10 18:36:09.128 [info] > git for-each-ref --format=%(refname)%00%(upstream:short)%00%(objectname)%00%(upstream:track)%00%(upstream:remotename)%00%(upstream:remoteref) refs/heads/origin/ejercicio2-branch refs/remotes/origin/ejercicio2-branch [1ms]
2024-10-10 18:36:14.137 [info] > git config --get commit.template [13ms]
2024-10-10 18:36:14.143 [info] > git for-each-ref --format=%(refname)%00%(upstream:short)%00%(objectname)%00%(upstream:track)%00%(upstream:remotename)%00%(upstream:remoteref) refs/heads/ejercicio3-branch refs/remotes/ejercicio3-branch [7ms]
2024-10-10 18:36:14.154 [info] > git status -z -uall [4ms]
2024-10-10 18:36:14.170 [info] > git for-each-ref --format=%(refname)%00%(upstream:short)%00%(objectname)%00%(upstream:track)%00%(upstream:remotename)%00%(upstream:remoteref) refs/heads/ejercicio3-branch refs/remotes/ejercicio3-branch [8ms]
2024-10-10 18:36:14.182 [info] > git config --local branch.ejercicio3-branch.vscode-merge-base [2ms]
2024-10-10 18:36:14.195 [info] > git for-each-ref --format=%(refname)%00%(upstream:short)%00%(objectname)%00%(upstream:track)%00%(upstream:remotename)%00%(upstream:remoteref) refs/heads/origin/ejercicio2-branch refs/remotes/origin/ejercicio2-branch [4ms]
2024-10-10 18:36:53.776 [info] > git config --get commit.template [7ms]
2024-10-10 18:36:53.780 [info] > git for-each-ref --format=%(refname)%00%(upstream:short)%00%(objectname)%00%(upstream:track)%00%(upstream:remotename)%00%(upstream:remoteref) refs/heads/ejercicio3-branch refs/remotes/ejercicio3-branch [6ms]
2024-10-10 18:36:53.797 [info] > git status -z -uall [2ms]
2024-10-10 18:36:53.820 [info] > git for-each-ref --format=%(refname)%00%(upstream:short)%00%(objectname)%00%(upstream:track)%00%(upstream:remotename)%00%(upstream:remoteref) refs/heads/ejercicio3-branch refs/remotes/ejercicio3-branch [6ms]
2024-10-10 18:36:53.852 [info] > git config --local branch.ejercicio3-branch.vscode-merge-base [26ms]
2024-10-10 18:36:53.867 [info] > git for-each-ref --format=%(refname)%00%(upstream:short)%00%(objectname)%00%(upstream:track)%00%(upstream:remotename)%00%(upstream:remoteref) refs/heads/origin/ejercicio2-branch refs/remotes/origin/ejercicio2-branch [1ms]
2024-10-10 18:37:01.720 [info] > git config --get commit.template [12ms]
2024-10-10 18:37:01.726 [info] > git for-each-ref --format=%(refname)%00%(upstream:short)%00%(objectname)%00%(upstream:track)%00%(upstream:remotename)%00%(upstream:remoteref) refs/heads/ejercicio3-branch refs/remotes/ejercicio3-branch [7ms]
2024-10-10 18:37:01.739 [info] > git status -z -uall [4ms]
2024-10-10 18:37:01.756 [info] > git for-each-ref --format=%(refname)%00%(upstream:short)%00%(objectname)%00%(upstream:track)%00%(upstream:remotename)%00%(upstream:remoteref) refs/heads/ejercicio3-branch refs/remotes/ejercicio3-branch [8ms]
2024-10-10 18:37:01.764 [info] > git config --local branch.ejercicio3-branch.vscode-merge-base [1ms]
2024-10-10 18:37:01.771 [info] > git for-each-ref --format=%(refname)%00%(upstream:short)%00%(objectname)%00%(upstream:track)%00%(upstream:remotename)%00%(upstream:remoteref) refs/heads/origin/ejercicio2-branch refs/remotes/origin/ejercicio2-branch [1ms]
2024-10-10 18:37:06.761 [info] > git config --get commit.template [5ms]
2024-10-10 18:37:06.770 [info] > git for-each-ref --format=%(refname)%00%(upstream:short)%00%(objectname)%00%(upstream:track)%00%(upstream:remotename)%00%(upstream:remoteref) refs/heads/ejercicio3-branch refs/remotes/ejercicio3-branch [9ms]
2024-10-10 18:37:06.823 [info] > git status -z -uall [20ms]
2024-10-10 18:37:06.843 [info] > git for-each-ref --format=%(refname)%00%(upstream:short)%00%(objectname)%00%(upstream:track)%00%(upstream:remotename)%00%(upstream:remoteref) refs/heads/ejercicio3-branch refs/remotes/ejercicio3-branch [7ms]
2024-10-10 18:37:06.866 [info] > git config --local branch.ejercicio3-branch.vscode-merge-base [6ms]
2024-10-10 18:37:06.901 [info] > git for-each-ref --format=%(refname)%00%(upstream:short)%00%(objectname)%00%(upstream:track)%00%(upstream:remotename)%00%(upstream:remoteref) refs/heads/origin/ejercicio2-branch refs/remotes/origin/ejercicio2-branch [13ms]
2024-10-10 18:37:12.546 [info] > git config --get commit.template [14ms]
2024-10-10 18:37:12.549 [info] > git for-each-ref --format=%(refname)%00%(upstream:short)%00%(objectname)%00%(upstream:track)%00%(upstream:remotename)%00%(upstream:remoteref) refs/heads/ejercicio3-branch refs/remotes/ejercicio3-branch [4ms]
2024-10-10 18:37:12.562 [info] > git status -z -uall [4ms]
2024-10-10 18:37:12.576 [info] > git for-each-ref --format=%(refname)%00%(upstream:short)%00%(objectname)%00%(upstream:track)%00%(upstream:remotename)%00%(upstream:remoteref) refs/heads/ejercicio3-branch refs/remotes/ejercicio3-branch [7ms]
2024-10-10 18:37:12.583 [info] > git config --local branch.ejercicio3-branch.vscode-merge-base [2ms]
2024-10-10 18:37:12.589 [info] > git for-each-ref --format=%(refname)%00%(upstream:short)%00%(objectname)%00%(upstream:track)%00%(upstream:remotename)%00%(upstream:remoteref) refs/heads/origin/ejercicio2-branch refs/remotes/origin/ejercicio2-branch [2ms]
2024-10-10 18:37:17.589 [info] > git config --get commit.template [4ms]
2024-10-10 18:37:17.591 [info] > git for-each-ref --format=%(refname)%00%(upstream:short)%00%(objectname)%00%(upstream:track)%00%(upstream:remotename)%00%(upstream:remoteref) refs/heads/ejercicio3-branch refs/remotes/ejercicio3-branch [2ms]
2024-10-10 18:37:17.596 [info] > git status -z -uall [2ms]
2024-10-10 18:37:17.603 [info] > git for-each-ref --format=%(refname)%00%(upstream:short)%00%(objectname)%00%(upstream:track)%00%(upstream:remotename)%00%(upstream:remoteref) refs/heads/ejercicio3-branch refs/remotes/ejercicio3-branch [3ms]
2024-10-10 18:37:17.610 [info] > git config --local branch.ejercicio3-branch.vscode-merge-base [2ms]
2024-10-10 18:37:17.616 [info] > git for-each-ref --format=%(refname)%00%(upstream:short)%00%(objectname)%00%(upstream:track)%00%(upstream:remotename)%00%(upstream:remoteref) refs/heads/origin/ejercicio2-branch refs/remotes/origin/ejercicio2-branch [2ms]
2024-10-10 18:37:21.607 [info] > git show --textconv :Ejercicio3.java [15ms]
2024-10-10 18:37:21.619 [info] > git ls-files --stage -- /home/pro/Escritorio/git/ejercicio1-branch/Ejercicio3.java [12ms]
2024-10-10 18:37:22.610 [info] > git config --get commit.template [2ms]
2024-10-10 18:37:22.623 [info] > git for-each-ref --format=%(refname)%00%(upstream:short)%00%(objectname)%00%(upstream:track)%00%(upstream:remotename)%00%(upstream:remoteref) refs/heads/ejercicio3-branch refs/remotes/ejercicio3-branch [5ms]
2024-10-10 18:37:22.629 [info] > git status -z -uall [3ms]
2024-10-10 18:37:22.636 [info] > git for-each-ref --format=%(refname)%00%(upstream:short)%00%(objectname)%00%(upstream:track)%00%(upstream:remotename)%00%(upstream:remoteref) refs/heads/ejercicio3-branch refs/remotes/ejercicio3-branch [3ms]
2024-10-10 18:37:22.642 [info] > git config --local branch.ejercicio3-branch.vscode-merge-base [1ms]
2024-10-10 18:37:22.648 [info] > git for-each-ref --format=%(refname)%00%(upstream:short)%00%(objectname)%00%(upstream:track)%00%(upstream:remotename)%00%(upstream:remoteref) refs/heads/origin/ejercicio2-branch refs/remotes/origin/ejercicio2-branch [2ms]
2024-10-10 18:37:27.844 [info] > git config --get commit.template [4ms]
2024-10-10 18:37:27.845 [info] > git for-each-ref --format=%(refname)%00%(upstream:short)%00%(objectname)%00%(upstream:track)%00%(upstream:remotename)%00%(upstream:remoteref) refs/heads/ejercicio3-branch refs/remotes/ejercicio3-branch [2ms]
2024-10-10 18:37:27.850 [info] > git status -z -uall [2ms]
2024-10-10 18:37:27.858 [info] > git for-each-ref --format=%(refname)%00%(upstream:short)%00%(objectname)%00%(upstream:track)%00%(upstream:remotename)%00%(upstream:remoteref) refs/heads/ejercicio3-branch refs/remotes/ejercicio3-branch [2ms]
2024-10-10 18:37:27.866 [info] > git config --local branch.ejercicio3-branch.vscode-merge-base [4ms]
2024-10-10 18:37:27.874 [info] > git for-each-ref --format=%(refname)%00%(upstream:short)%00%(objectname)%00%(upstream:track)%00%(upstream:remotename)%00%(upstream:remoteref) refs/heads/origin/ejercicio2-branch refs/remotes/origin/ejercicio2-branch [2ms]
2024-10-10 18:37:28.045 [info] > git show --textconv :README.md [6ms]
2024-10-10 18:37:28.050 [info] > git ls-files --stage -- /home/pro/Escritorio/git/ejercicio1-branch/README.md [5ms]
2024-10-10 18:37:28.056 [info] > git cat-file -s 6e7d68d6760209ed58dfcff78eeacfcfb03a2c66 [2ms]
2024-10-10 18:37:48.677 [info] > git config --get commit.template [12ms]
2024-10-10 18:37:48.680 [info] > git for-each-ref --format=%(refname)%00%(upstream:short)%00%(objectname)%00%(upstream:track)%00%(upstream:remotename)%00%(upstream:remoteref) refs/heads/ejercicio3-branch refs/remotes/ejercicio3-branch [4ms]
2024-10-10 18:37:48.691 [info] > git status -z -uall [6ms]
2024-10-10 18:37:48.700 [info] > git for-each-ref --format=%(refname)%00%(upstream:short)%00%(objectname)%00%(upstream:track)%00%(upstream:remotename)%00%(upstream:remoteref) refs/heads/ejercicio3-branch refs/remotes/ejercicio3-branch [5ms]
2024-10-10 18:37:48.708 [info] > git config --local branch.ejercicio3-branch.vscode-merge-base [2ms]
2024-10-10 18:37:48.731 [info] > git for-each-ref --format=%(refname)%00%(upstream:short)%00%(objectname)%00%(upstream:track)%00%(upstream:remotename)%00%(upstream:remoteref) refs/heads/origin/ejercicio2-branch refs/remotes/origin/ejercicio2-branch [18ms]
2024-10-10 18:37:54.442 [info] > git config --get commit.template [5ms]
2024-10-10 18:37:54.444 [info] > git for-each-ref --format=%(refname)%00%(upstream:short)%00%(objectname)%00%(upstream:track)%00%(upstream:remotename)%00%(upstream:remoteref) refs/heads/ejercicio3-branch refs/remotes/ejercicio3-branch [3ms]
2024-10-10 18:37:54.454 [info] > git status -z -uall [5ms]
2024-10-10 18:37:54.477 [info] > git for-each-ref --format=%(refname)%00%(upstream:short)%00%(objectname)%00%(upstream:track)%00%(upstream:remotename)%00%(upstream:remoteref) refs/heads/ejercicio3-branch refs/remotes/ejercicio3-branch [7ms]
2024-10-10 18:37:54.495 [info] > git config --local branch.ejercicio3-branch.vscode-merge-base [8ms]
2024-10-10 18:37:54.519 [info] > git for-each-ref --format=%(refname)%00%(upstream:short)%00%(objectname)%00%(upstream:track)%00%(upstream:remotename)%00%(upstream:remoteref) refs/heads/origin/ejercicio2-branch refs/remotes/origin/ejercicio2-branch [10ms]
2024-10-10 18:38:00.590 [info] > git config --get commit.template [12ms]
2024-10-10 18:38:00.593 [info] > git for-each-ref --format=%(refname)%00%(upstream:short)%00%(objectname)%00%(upstream:track)%00%(upstream:remotename)%00%(upstream:remoteref) refs/heads/ejercicio3-branch refs/remotes/ejercicio3-branch [3ms]
2024-10-10 18:38:00.606 [info] > git status -z -uall [7ms]
2024-10-10 18:38:00.614 [info] > git for-each-ref --format=%(refname)%00%(upstream:short)%00%(objectname)%00%(upstream:track)%00%(upstream:remotename)%00%(upstream:remoteref) refs/heads/ejercicio3-branch refs/remotes/ejercicio3-branch [3ms]
2024-10-10 18:38:00.623 [info] > git config --local branch.ejercicio3-branch.vscode-merge-base [3ms]
2024-10-10 18:38:00.631 [info] > git for-each-ref --format=%(refname)%00%(upstream:short)%00%(objectname)%00%(upstream:track)%00%(upstream:remotename)%00%(upstream:remoteref) refs/heads/origin/ejercicio2-branch refs/remotes/origin/ejercicio2-branch [3ms]
2024-10-10 18:38:08.258 [info] > git config --get commit.template [6ms]
2024-10-10 18:38:08.260 [info] > git for-each-ref --format=%(refname)%00%(upstream:short)%00%(objectname)%00%(upstream:track)%00%(upstream:remotename)%00%(upstream:remoteref) refs/heads/ejercicio3-branch refs/remotes/ejercicio3-branch [2ms]
2024-10-10 18:38:08.267 [info] > git status -z -uall [2ms]
2024-10-10 18:38:08.276 [info] > git for-each-ref --format=%(refname)%00%(upstream:short)%00%(objectname)%00%(upstream:track)%00%(upstream:remotename)%00%(upstream:remoteref) refs/heads/ejercicio3-branch refs/remotes/ejercicio3-branch [4ms]
2024-10-10 18:38:08.283 [info] > git config --local branch.ejercicio3-branch.vscode-merge-base [2ms]
2024-10-10 18:38:08.291 [info] > git for-each-ref --format=%(refname)%00%(upstream:short)%00%(objectname)%00%(upstream:track)%00%(upstream:remotename)%00%(upstream:remoteref) refs/heads/origin/ejercicio2-branch refs/remotes/origin/ejercicio2-branch [3ms]
2024-10-10 18:38:08.369 [info] > git ls-files --stage -- /home/pro/Escritorio/git/ejercicio1-branch/README.md [4ms]
2024-10-10 18:38:08.389 [info] > git cat-file -s 6e7d68d6760209ed58dfcff78eeacfcfb03a2c66 [6ms]
2024-10-10 18:38:08.403 [info] > git show --textconv :README.md [4ms]
2024-10-10 18:38:14.594 [info] > git config --get commit.template [12ms]
2024-10-10 18:38:14.599 [info] > git for-each-ref --format=%(refname)%00%(upstream:short)%00%(objectname)%00%(upstream:track)%00%(upstream:remotename)%00%(upstream:remoteref) refs/heads/ejercicio3-branch refs/remotes/ejercicio3-branch [6ms]
2024-10-10 18:38:14.615 [info] > git status -z -uall [5ms]
2024-10-10 18:38:14.637 [info] > git for-each-ref --format=%(refname)%00%(upstream:short)%00%(objectname)%00%(upstream:track)%00%(upstream:remotename)%00%(upstream:remoteref) refs/heads/ejercicio3-branch refs/remotes/ejercicio3-branch [10ms]
2024-10-10 18:38:14.645 [info] > git config --local branch.ejercicio3-branch.vscode-merge-base [2ms]
2024-10-10 18:38:14.652 [info] > git for-each-ref --format=%(refname)%00%(upstream:short)%00%(objectname)%00%(upstream:track)%00%(upstream:remotename)%00%(upstream:remoteref) refs/heads/origin/ejercicio2-branch refs/remotes/origin/ejercicio2-branch [2ms]
2024-10-10 18:38:19.657 [info] > git config --get commit.template [13ms]
2024-10-10 18:38:19.664 [info] > git for-each-ref --format=%(refname)%00%(upstream:short)%00%(objectname)%00%(upstream:track)%00%(upstream:remotename)%00%(upstream:remoteref) refs/heads/ejercicio3-branch refs/remotes/ejercicio3-branch [9ms]
2024-10-10 18:38:19.703 [info] > git status -z -uall [8ms]
2024-10-10 18:38:19.723 [info] > git for-each-ref --format=%(refname)%00%(upstream:short)%00%(objectname)%00%(upstream:track)%00%(upstream:remotename)%00%(upstream:remoteref) refs/heads/ejercicio3-branch refs/remotes/ejercicio3-branch [5ms]
2024-10-10 18:38:19.752 [info] > git config --local branch.ejercicio3-branch.vscode-merge-base [13ms]
2024-10-10 18:38:19.779 [info] > git for-each-ref --format=%(refname)%00%(upstream:short)%00%(objectname)%00%(upstream:track)%00%(upstream:remotename)%00%(upstream:remoteref) refs/heads/origin/ejercicio2-branch refs/remotes/origin/ejercicio2-branch [11ms]
2024-10-10 18:38:33.680 [info] > git config --get commit.template [6ms]
2024-10-10 18:38:33.682 [info] > git for-each-ref --format=%(refname)%00%(upstream:short)%00%(objectname)%00%(upstream:track)%00%(upstream:remotename)%00%(upstream:remoteref) refs/heads/ejercicio3-branch refs/remotes/ejercicio3-branch [3ms]
2024-10-10 18:38:33.688 [info] > git status -z -uall [3ms]
2024-10-10 18:38:33.697 [info] > git for-each-ref --format=%(refname)%00%(upstream:short)%00%(objectname)%00%(upstream:track)%00%(upstream:remotename)%00%(upstream:remoteref) refs/heads/ejercicio3-branch refs/remotes/ejercicio3-branch [4ms]
2024-10-10 18:38:33.708 [info] > git config --local branch.ejercicio3-branch.vscode-merge-base [4ms]
2024-10-10 18:38:33.716 [info] > git for-each-ref --format=%(refname)%00%(upstream:short)%00%(objectname)%00%(upstream:track)%00%(upstream:remotename)%00%(upstream:remoteref) refs/heads/origin/ejercicio2-branch refs/remotes/origin/ejercicio2-branch [2ms]
2024-10-10 18:38:38.704 [info] > git config --get commit.template [6ms]
2024-10-10 18:38:38.706 [info] > git for-each-ref --format=%(refname)%00%(upstream:short)%00%(objectname)%00%(upstream:track)%00%(upstream:remotename)%00%(upstream:remoteref) refs/heads/ejercicio3-branch refs/remotes/ejercicio3-branch [3ms]
2024-10-10 18:38:38.712 [info] > git status -z -uall [3ms]
2024-10-10 18:38:38.722 [info] > git for-each-ref --format=%(refname)%00%(upstream:short)%00%(objectname)%00%(upstream:track)%00%(upstream:remotename)%00%(upstream:remoteref) refs/heads/ejercicio3-branch refs/remotes/ejercicio3-branch [5ms]
2024-10-10 18:38:38.728 [info] > git config --local branch.ejercicio3-branch.vscode-merge-base [2ms]
2024-10-10 18:38:38.735 [info] > git for-each-ref --format=%(refname)%00%(upstream:short)%00%(objectname)%00%(upstream:track)%00%(upstream:remotename)%00%(upstream:remoteref) refs/heads/origin/ejercicio2-branch refs/remotes/origin/ejercicio2-branch [3ms]
2024-10-10 18:38:43.729 [info] > git config --get commit.template [5ms]
2024-10-10 18:38:43.751 [info] > git for-each-ref --format=%(refname)%00%(upstream:short)%00%(objectname)%00%(upstream:track)%00%(upstream:remotename)%00%(upstream:remoteref) refs/heads/ejercicio3-branch refs/remotes/ejercicio3-branch [23ms]
2024-10-10 18:38:43.766 [info] > git status -z -uall [8ms]
2024-10-10 18:38:43.800 [info] > git for-each-ref --format=%(refname)%00%(upstream:short)%00%(objectname)%00%(upstream:track)%00%(upstream:remotename)%00%(upstream:remoteref) refs/heads/ejercicio3-branch refs/remotes/ejercicio3-branch [20ms]
2024-10-10 18:38:43.827 [info] > git config --local branch.ejercicio3-branch.vscode-merge-base [8ms]
2024-10-10 18:38:43.868 [info] > git for-each-ref --format=%(refname)%00%(upstream:short)%00%(objectname)%00%(upstream:track)%00%(upstream:remotename)%00%(upstream:remoteref) refs/heads/origin/ejercicio2-branch refs/remotes/origin/ejercicio2-branch [16ms]
2024-10-10 18:39:08.180 [info] > git config --get commit.template [5ms]
2024-10-10 18:39:08.188 [info] > git for-each-ref --format=%(refname)%00%(upstream:short)%00%(objectname)%00%(upstream:track)%00%(upstream:remotename)%00%(upstream:remoteref) refs/heads/ejercicio3-branch refs/remotes/ejercicio3-branch [9ms]
2024-10-10 18:39:08.194 [info] > git status -z -uall [2ms]
2024-10-10 18:39:08.206 [info] > git for-each-ref --format=%(refname)%00%(upstream:short)%00%(objectname)%00%(upstream:track)%00%(upstream:remotename)%00%(upstream:remoteref) refs/heads/ejercicio3-branch refs/remotes/ejercicio3-branch [5ms]
2024-10-10 18:39:08.216 [info] > git config --local branch.ejercicio3-branch.vscode-merge-base [0ms]
2024-10-10 18:39:08.222 [info] > git for-each-ref --format=%(refname)%00%(upstream:short)%00%(objectname)%00%(upstream:track)%00%(upstream:remotename)%00%(upstream:remoteref) refs/heads/origin/ejercicio2-branch refs/remotes/origin/ejercicio2-branch [2ms]
2024-10-10 18:39:09.301 [info] > git ls-files --stage -- /home/pro/Escritorio/git/ejercicio1-branch/README.md [2ms]
2024-10-10 18:39:09.307 [info] > git cat-file -s 6e7d68d6760209ed58dfcff78eeacfcfb03a2c66 [3ms]
2024-10-10 18:39:09.344 [info] > git show --textconv :README.md [3ms]
2024-10-10 18:39:16.708 [info] > git config --get commit.template [16ms]
2024-10-10 18:39:16.712 [info] > git for-each-ref --format=%(refname)%00%(upstream:short)%00%(objectname)%00%(upstream:track)%00%(upstream:remotename)%00%(upstream:remoteref) refs/heads/ejercicio3-branch refs/remotes/ejercicio3-branch [5ms]
2024-10-10 18:39:16.722 [info] > git status -z -uall [4ms]
2024-10-10 18:39:16.736 [info] > git for-each-ref --format=%(refname)%00%(upstream:short)%00%(objectname)%00%(upstream:track)%00%(upstream:remotename)%00%(upstream:remoteref) refs/heads/ejercicio3-branch refs/remotes/ejercicio3-branch [5ms]
2024-10-10 18:39:16.745 [info] > git config --local branch.ejercicio3-branch.vscode-merge-base [2ms]
2024-10-10 18:39:16.756 [info] > git for-each-ref --format=%(refname)%00%(upstream:short)%00%(objectname)%00%(upstream:track)%00%(upstream:remotename)%00%(upstream:remoteref) refs/heads/origin/ejercicio2-branch refs/remotes/origin/ejercicio2-branch [3ms]
2024-10-10 18:39:20.694 [info] > git config --get commit.template [6ms]
2024-10-10 18:39:20.696 [info] > git for-each-ref --format=%(refname)%00%(upstream:short)%00%(objectname)%00%(upstream:track)%00%(upstream:remotename)%00%(upstream:remoteref) refs/heads/ejercicio3-branch refs/remotes/ejercicio3-branch [3ms]
2024-10-10 18:39:20.708 [info] > git status -z -uall [3ms]
2024-10-10 18:39:20.722 [info] > git for-each-ref --format=%(refname)%00%(upstream:short)%00%(objectname)%00%(upstream:track)%00%(upstream:remotename)%00%(upstream:remoteref) refs/heads/ejercicio3-branch refs/remotes/ejercicio3-branch [3ms]
2024-10-10 18:39:20.727 [info] > git config --local branch.ejercicio3-branch.vscode-merge-base [1ms]
2024-10-10 18:39:20.740 [info] > git for-each-ref --format=%(refname)%00%(upstream:short)%00%(objectname)%00%(upstream:track)%00%(upstream:remotename)%00%(upstream:remoteref) refs/heads/origin/ejercicio2-branch refs/remotes/origin/ejercicio2-branch [2ms]
2024-10-10 18:39:21.788 [info] > git config --get commit.template [15ms]
2024-10-10 18:39:21.792 [info] > git for-each-ref --format=%(refname)%00%(upstream:short)%00%(objectname)%00%(upstream:track)%00%(upstream:remotename)%00%(upstream:remoteref) refs/heads/ejercicio3-branch refs/remotes/ejercicio3-branch [6ms]
2024-10-10 18:39:21.809 [info] > git status -z -uall [5ms]
2024-10-10 18:39:21.827 [info] > git for-each-ref --format=%(refname)%00%(upstream:short)%00%(objectname)%00%(upstream:track)%00%(upstream:remotename)%00%(upstream:remoteref) refs/heads/ejercicio3-branch refs/remotes/ejercicio3-branch [4ms]
2024-10-10 18:39:21.843 [info] > git config --local branch.ejercicio3-branch.vscode-merge-base [2ms]
2024-10-10 18:39:21.858 [info] > git for-each-ref --format=%(refname)%00%(upstream:short)%00%(objectname)%00%(upstream:track)%00%(upstream:remotename)%00%(upstream:remoteref) refs/heads/origin/ejercicio2-branch refs/remotes/origin/ejercicio2-branch [7ms]
2024-10-10 18:39:21.874 [info] > git ls-files --stage -- /home/pro/Escritorio/git/ejercicio1-branch/README.md [2ms]
2024-10-10 18:39:21.880 [info] > git cat-file -s 6e7d68d6760209ed58dfcff78eeacfcfb03a2c66 [2ms]
2024-10-10 18:39:21.888 [info] > git show --textconv :README.md [2ms]
2024-10-10 18:39:29.864 [info] > git config --get commit.template [18ms]
2024-10-10 18:39:29.865 [info] > git for-each-ref --format=%(refname)%00%(upstream:short)%00%(objectname)%00%(upstream:track)%00%(upstream:remotename)%00%(upstream:remoteref) refs/heads/ejercicio3-branch refs/remotes/ejercicio3-branch [2ms]
2024-10-10 18:39:29.888 [info] > git status -z -uall [8ms]
2024-10-10 18:39:29.911 [info] > git for-each-ref --format=%(refname)%00%(upstream:short)%00%(objectname)%00%(upstream:track)%00%(upstream:remotename)%00%(upstream:remoteref) refs/heads/ejercicio3-branch refs/remotes/ejercicio3-branch [13ms]
2024-10-10 18:39:29.923 [info] > git config --local branch.ejercicio3-branch.vscode-merge-base [4ms]
2024-10-10 18:39:29.933 [info] > git for-each-ref --format=%(refname)%00%(upstream:short)%00%(objectname)%00%(upstream:track)%00%(upstream:remotename)%00%(upstream:remoteref) refs/heads/origin/ejercicio2-branch refs/remotes/origin/ejercicio2-branch [4ms]
2024-10-10 18:39:34.927 [info] > git config --get commit.template [13ms]
2024-10-10 18:39:34.930 [info] > git for-each-ref --format=%(refname)%00%(upstream:short)%00%(objectname)%00%(upstream:track)%00%(upstream:remotename)%00%(upstream:remoteref) refs/heads/ejercicio3-branch refs/remotes/ejercicio3-branch [5ms]
2024-10-10 18:39:34.945 [info] > git status -z -uall [5ms]
2024-10-10 18:39:34.963 [info] > git for-each-ref --format=%(refname)%00%(upstream:short)%00%(objectname)%00%(upstream:track)%00%(upstream:remotename)%00%(upstream:remoteref) refs/heads/ejercicio3-branch refs/remotes/ejercicio3-branch [6ms]
2024-10-10 18:39:34.971 [info] > git config --local branch.ejercicio3-branch.vscode-merge-base [3ms]
2024-10-10 18:39:34.978 [info] > git for-each-ref --format=%(refname)%00%(upstream:short)%00%(objectname)%00%(upstream:track)%00%(upstream:remotename)%00%(upstream:remoteref) refs/heads/origin/ejercicio2-branch refs/remotes/origin/ejercicio2-branch [2ms]
2024-10-10 18:39:45.079 [info] > git config --get commit.template [5ms]
2024-10-10 18:39:45.081 [info] > git for-each-ref --format=%(refname)%00%(upstream:short)%00%(objectname)%00%(upstream:track)%00%(upstream:remotename)%00%(upstream:remoteref) refs/heads/ejercicio3-branch refs/remotes/ejercicio3-branch [2ms]
2024-10-10 18:39:45.086 [info] > git status -z -uall [2ms]
2024-10-10 18:39:45.093 [info] > git for-each-ref --format=%(refname)%00%(upstream:short)%00%(objectname)%00%(upstream:track)%00%(upstream:remotename)%00%(upstream:remoteref) refs/heads/ejercicio3-branch refs/remotes/ejercicio3-branch [2ms]
2024-10-10 18:39:45.100 [info] > git config --local branch.ejercicio3-branch.vscode-merge-base [2ms]
2024-10-10 18:39:45.106 [info] > git for-each-ref --format=%(refname)%00%(upstream:short)%00%(objectname)%00%(upstream:track)%00%(upstream:remotename)%00%(upstream:remoteref) refs/heads/origin/ejercicio2-branch refs/remotes/origin/ejercicio2-branch [1ms]
2024-10-10 18:39:50.112 [info] > git config --get commit.template [5ms]
2024-10-10 18:39:50.114 [info] > git for-each-ref --format=%(refname)%00%(upstream:short)%00%(objectname)%00%(upstream:track)%00%(upstream:remotename)%00%(upstream:remoteref) refs/heads/ejercicio3-branch refs/remotes/ejercicio3-branch [1ms]
2024-10-10 18:39:50.119 [info] > git status -z -uall [2ms]
2024-10-10 18:39:50.126 [info] > git for-each-ref --format=%(refname)%00%(upstream:short)%00%(objectname)%00%(upstream:track)%00%(upstream:remotename)%00%(upstream:remoteref) refs/heads/ejercicio3-branch refs/remotes/ejercicio3-branch [3ms]
2024-10-10 18:39:50.132 [info] > git config --local branch.ejercicio3-branch.vscode-merge-base [1ms]
2024-10-10 18:39:50.138 [info] > git for-each-ref --format=%(refname)%00%(upstream:short)%00%(objectname)%00%(upstream:track)%00%(upstream:remotename)%00%(upstream:remoteref) refs/heads/origin/ejercicio2-branch refs/remotes/origin/ejercicio2-branch [1ms]
2024-10-10 18:39:57.555 [info] > git config --get commit.template [5ms]
2024-10-10 18:39:57.556 [info] > git for-each-ref --format=%(refname)%00%(upstream:short)%00%(objectname)%00%(upstream:track)%00%(upstream:remotename)%00%(upstream:remoteref) refs/heads/ejercicio3-branch refs/remotes/ejercicio3-branch [1ms]
2024-10-10 18:39:57.564 [info] > git status -z -uall [3ms]
2024-10-10 18:39:57.576 [info] > git for-each-ref --format=%(refname)%00%(upstream:short)%00%(objectname)%00%(upstream:track)%00%(upstream:remotename)%00%(upstream:remoteref) refs/heads/ejercicio3-branch refs/remotes/ejercicio3-branch [4ms]
2024-10-10 18:39:57.584 [info] > git config --local branch.ejercicio3-branch.vscode-merge-base [4ms]
2024-10-10 18:39:57.592 [info] > git for-each-ref --format=%(refname)%00%(upstream:short)%00%(objectname)%00%(upstream:track)%00%(upstream:remotename)%00%(upstream:remoteref) refs/heads/origin/ejercicio2-branch refs/remotes/origin/ejercicio2-branch [2ms]
2024-10-10 18:40:09.107 [info] > git config --get commit.template [19ms]
2024-10-10 18:40:09.143 [info] > git for-each-ref --format=%(refname)%00%(upstream:short)%00%(objectname)%00%(upstream:track)%00%(upstream:remotename)%00%(upstream:remoteref) refs/heads/ejercicio3-branch refs/remotes/ejercicio3-branch [7ms]
2024-10-10 18:40:09.159 [info] > git status -z -uall [2ms]
2024-10-10 18:40:09.172 [info] > git for-each-ref --format=%(refname)%00%(upstream:short)%00%(objectname)%00%(upstream:track)%00%(upstream:remotename)%00%(upstream:remoteref) refs/heads/ejercicio3-branch refs/remotes/ejercicio3-branch [6ms]
2024-10-10 18:40:09.189 [info] > git config --local branch.ejercicio3-branch.vscode-merge-base [3ms]
2024-10-10 18:40:09.210 [info] > git for-each-ref --format=%(refname)%00%(upstream:short)%00%(objectname)%00%(upstream:track)%00%(upstream:remotename)%00%(upstream:remoteref) refs/heads/origin/ejercicio2-branch refs/remotes/origin/ejercicio2-branch [13ms]
2024-10-10 18:40:14.193 [info] > git config --get commit.template [13ms]
2024-10-10 18:40:14.196 [info] > git for-each-ref --format=%(refname)%00%(upstream:short)%00%(objectname)%00%(upstream:track)%00%(upstream:remotename)%00%(upstream:remoteref) refs/heads/ejercicio3-branch refs/remotes/ejercicio3-branch [4ms]
2024-10-10 18:40:14.207 [info] > git status -z -uall [2ms]
2024-10-10 18:40:14.217 [info] > git for-each-ref --format=%(refname)%00%(upstream:short)%00%(objectname)%00%(upstream:track)%00%(upstream:remotename)%00%(upstream:remoteref) refs/heads/ejercicio3-branch refs/remotes/ejercicio3-branch [4ms]
2024-10-10 18:40:14.232 [info] > git config --local branch.ejercicio3-branch.vscode-merge-base [2ms]
2024-10-10 18:40:14.239 [info] > git for-each-ref --format=%(refname)%00%(upstream:short)%00%(objectname)%00%(upstream:track)%00%(upstream:remotename)%00%(upstream:remoteref) refs/heads/origin/ejercicio2-branch refs/remotes/origin/ejercicio2-branch [2ms]
2024-10-10 18:40:19.840 [info] > git config --get commit.template [6ms]
2024-10-10 18:40:19.842 [info] > git for-each-ref --format=%(refname)%00%(upstream:short)%00%(objectname)%00%(upstream:track)%00%(upstream:remotename)%00%(upstream:remoteref) refs/heads/ejercicio3-branch refs/remotes/ejercicio3-branch [2ms]
2024-10-10 18:40:19.863 [info] > git status -z -uall [15ms]
2024-10-10 18:40:19.880 [info] > git for-each-ref --format=%(refname)%00%(upstream:short)%00%(objectname)%00%(upstream:track)%00%(upstream:remotename)%00%(upstream:remoteref) refs/heads/ejercicio3-branch refs/remotes/ejercicio3-branch [6ms]
2024-10-10 18:40:19.892 [info] > git config --local branch.ejercicio3-branch.vscode-merge-base [1ms]
2024-10-10 18:40:19.908 [info] > git for-each-ref --format=%(refname)%00%(upstream:short)%00%(objectname)%00%(upstream:track)%00%(upstream:remotename)%00%(upstream:remoteref) refs/heads/origin/ejercicio2-branch refs/remotes/origin/ejercicio2-branch [3ms]
2024-10-10 18:40:30.729 [info] > git config --get commit.template [8ms]
2024-10-10 18:40:30.734 [info] > git for-each-ref --format=%(refname)%00%(upstream:short)%00%(objectname)%00%(upstream:track)%00%(upstream:remotename)%00%(upstream:remoteref) refs/heads/ejercicio3-branch refs/remotes/ejercicio3-branch [6ms]
2024-10-10 18:40:30.740 [info] > git status -z -uall [1ms]
2024-10-10 18:40:30.752 [info] > git for-each-ref --format=%(refname)%00%(upstream:short)%00%(objectname)%00%(upstream:track)%00%(upstream:remotename)%00%(upstream:remoteref) refs/heads/ejercicio3-branch refs/remotes/ejercicio3-branch [4ms]
2024-10-10 18:40:30.759 [info] > git config --local branch.ejercicio3-branch.vscode-merge-base [1ms]
2024-10-10 18:40:30.766 [info] > git for-each-ref --format=%(refname)%00%(upstream:short)%00%(objectname)%00%(upstream:track)%00%(upstream:remotename)%00%(upstream:remoteref) refs/heads/origin/ejercicio2-branch refs/remotes/origin/ejercicio2-branch [2ms]
2024-10-10 18:40:35.764 [info] > git config --get commit.template [7ms]
2024-10-10 18:40:35.765 [info] > git for-each-ref --format=%(refname)%00%(upstream:short)%00%(objectname)%00%(upstream:track)%00%(upstream:remotename)%00%(upstream:remoteref) refs/heads/ejercicio3-branch refs/remotes/ejercicio3-branch [2ms]
2024-10-10 18:40:35.777 [info] > git status -z -uall [7ms]
2024-10-10 18:40:35.787 [info] > git for-each-ref --format=%(refname)%00%(upstream:short)%00%(objectname)%00%(upstream:track)%00%(upstream:remotename)%00%(upstream:remoteref) refs/heads/ejercicio3-branch refs/remotes/ejercicio3-branch [3ms]
2024-10-10 18:40:35.797 [info] > git config --local branch.ejercicio3-branch.vscode-merge-base [1ms]
2024-10-10 18:40:35.803 [info] > git for-each-ref --format=%(refname)%00%(upstream:short)%00%(objectname)%00%(upstream:track)%00%(upstream:remotename)%00%(upstream:remoteref) refs/heads/origin/ejercicio2-branch refs/remotes/origin/ejercicio2-branch [2ms]
2024-10-10 18:40:49.608 [info] > git config --get commit.template [13ms]
2024-10-10 18:40:49.612 [info] > git for-each-ref --format=%(refname)%00%(upstream:short)%00%(objectname)%00%(upstream:track)%00%(upstream:remotename)%00%(upstream:remoteref) refs/heads/ejercicio3-branch refs/remotes/ejercicio3-branch [5ms]
2024-10-10 18:40:49.627 [info] > git status -z -uall [5ms]
2024-10-10 18:40:49.649 [info] > git for-each-ref --format=%(refname)%00%(upstream:short)%00%(objectname)%00%(upstream:track)%00%(upstream:remotename)%00%(upstream:remoteref) refs/heads/ejercicio3-branch refs/remotes/ejercicio3-branch [9ms]
2024-10-10 18:40:49.658 [info] > git config --local branch.ejercicio3-branch.vscode-merge-base [2ms]
2024-10-10 18:40:49.665 [info] > git for-each-ref --format=%(refname)%00%(upstream:short)%00%(objectname)%00%(upstream:track)%00%(upstream:remotename)%00%(upstream:remoteref) refs/heads/origin/ejercicio2-branch refs/remotes/origin/ejercicio2-branch [1ms]
2024-10-10 18:40:57.742 [info] > git config --get commit.template [5ms]
2024-10-10 18:40:57.758 [info] > git for-each-ref --format=%(refname)%00%(upstream:short)%00%(objectname)%00%(upstream:track)%00%(upstream:remotename)%00%(upstream:remoteref) refs/heads/ejercicio3-branch refs/remotes/ejercicio3-branch [5ms]
2024-10-10 18:40:57.777 [info] > git status -z -uall [7ms]
2024-10-10 18:40:57.799 [info] > git for-each-ref --format=%(refname)%00%(upstream:short)%00%(objectname)%00%(upstream:track)%00%(upstream:remotename)%00%(upstream:remoteref) refs/heads/ejercicio3-branch refs/remotes/ejercicio3-branch [10ms]
2024-10-10 18:40:57.811 [info] > git config --local branch.ejercicio3-branch.vscode-merge-base [2ms]
2024-10-10 18:40:57.820 [info] > git for-each-ref --format=%(refname)%00%(upstream:short)%00%(objectname)%00%(upstream:track)%00%(upstream:remotename)%00%(upstream:remoteref) refs/heads/origin/ejercicio2-branch refs/remotes/origin/ejercicio2-branch [3ms]
2024-10-10 18:41:34.974 [info] > git config --get commit.template [15ms]
2024-10-10 18:41:34.995 [info] > git for-each-ref --format=%(refname)%00%(upstream:short)%00%(objectname)%00%(upstream:track)%00%(upstream:remotename)%00%(upstream:remoteref) refs/heads/ejercicio3-branch refs/remotes/ejercicio3-branch [21ms]
2024-10-10 18:41:35.034 [info] > git status -z -uall [24ms]
2024-10-10 18:41:35.065 [info] > git for-each-ref --format=%(refname)%00%(upstream:short)%00%(objectname)%00%(upstream:track)%00%(upstream:remotename)%00%(upstream:remoteref) refs/heads/ejercicio3-branch refs/remotes/ejercicio3-branch [21ms]
2024-10-10 18:41:35.086 [info] > git config --local branch.ejercicio3-branch.vscode-merge-base [3ms]
2024-10-10 18:41:35.102 [info] > git for-each-ref --format=%(refname)%00%(upstream:short)%00%(objectname)%00%(upstream:track)%00%(upstream:remotename)%00%(upstream:remoteref) refs/heads/origin/ejercicio2-branch refs/remotes/origin/ejercicio2-branch [2ms]
2024-10-10 18:41:41.751 [info] > git config --get commit.template [14ms]
2024-10-10 18:41:41.754 [info] > git for-each-ref --format=%(refname)%00%(upstream:short)%00%(objectname)%00%(upstream:track)%00%(upstream:remotename)%00%(upstream:remoteref) refs/heads/ejercicio3-branch refs/remotes/ejercicio3-branch [3ms]
2024-10-10 18:41:41.763 [info] > git status -z -uall [3ms]
2024-10-10 18:41:41.772 [info] > git for-each-ref --format=%(refname)%00%(upstream:short)%00%(objectname)%00%(upstream:track)%00%(upstream:remotename)%00%(upstream:remoteref) refs/heads/ejercicio3-branch refs/remotes/ejercicio3-branch [3ms]
2024-10-10 18:41:41.779 [info] > git config --local branch.ejercicio3-branch.vscode-merge-base [2ms]
2024-10-10 18:41:41.787 [info] > git for-each-ref --format=%(refname)%00%(upstream:short)%00%(objectname)%00%(upstream:track)%00%(upstream:remotename)%00%(upstream:remoteref) refs/heads/origin/ejercicio2-branch refs/remotes/origin/ejercicio2-branch [2ms]
2024-10-10 18:41:50.940 [info] > git config --get commit.template [9ms]
2024-10-10 18:41:50.945 [info] > git for-each-ref --format=%(refname)%00%(upstream:short)%00%(objectname)%00%(upstream:track)%00%(upstream:remotename)%00%(upstream:remoteref) refs/heads/ejercicio3-branch refs/remotes/ejercicio3-branch [5ms]
2024-10-10 18:41:50.951 [info] > git status -z -uall [2ms]
2024-10-10 18:41:50.969 [info] > git for-each-ref --format=%(refname)%00%(upstream:short)%00%(objectname)%00%(upstream:track)%00%(upstream:remotename)%00%(upstream:remoteref) refs/heads/ejercicio3-branch refs/remotes/ejercicio3-branch [3ms]
2024-10-10 18:41:50.975 [info] > git config --local branch.ejercicio3-branch.vscode-merge-base [2ms]
2024-10-10 18:41:50.980 [info] > git for-each-ref --format=%(refname)%00%(upstream:short)%00%(objectname)%00%(upstream:track)%00%(upstream:remotename)%00%(upstream:remoteref) refs/heads/origin/ejercicio2-branch refs/remotes/origin/ejercicio2-branch [1ms]
2024-10-10 18:41:52.050 [info] > git ls-files --stage -- /home/pro/Escritorio/git/ejercicio1-branch/README.md [4ms]
2024-10-10 18:41:52.064 [info] > git cat-file -s 6e7d68d6760209ed58dfcff78eeacfcfb03a2c66 [3ms]
2024-10-10 18:41:52.081 [info] > git show --textconv :README.md [5ms]
2024-10-10 18:42:03.286 [info] > git config --get commit.template [7ms]
2024-10-10 18:42:03.288 [info] > git for-each-ref --format=%(refname)%00%(upstream:short)%00%(objectname)%00%(upstream:track)%00%(upstream:remotename)%00%(upstream:remoteref) refs/heads/ejercicio3-branch refs/remotes/ejercicio3-branch [3ms]
2024-10-10 18:42:03.296 [info] > git status -z -uall [1ms]
2024-10-10 18:42:03.308 [info] > git for-each-ref --format=%(refname)%00%(upstream:short)%00%(objectname)%00%(upstream:track)%00%(upstream:remotename)%00%(upstream:remoteref) refs/heads/ejercicio3-branch refs/remotes/ejercicio3-branch [5ms]
2024-10-10 18:42:03.316 [info] > git config --local branch.ejercicio3-branch.vscode-merge-base [3ms]
2024-10-10 18:42:03.322 [info] > git for-each-ref --format=%(refname)%00%(upstream:short)%00%(objectname)%00%(upstream:track)%00%(upstream:remotename)%00%(upstream:remoteref) refs/heads/origin/ejercicio2-branch refs/remotes/origin/ejercicio2-branch [2ms]
2024-10-10 18:42:08.335 [info] > git config --get commit.template [14ms]
2024-10-10 18:42:08.342 [info] > git for-each-ref --format=%(refname)%00%(upstream:short)%00%(objectname)%00%(upstream:track)%00%(upstream:remotename)%00%(upstream:remoteref) refs/heads/ejercicio3-branch refs/remotes/ejercicio3-branch [8ms]
2024-10-10 18:42:08.356 [info] > git status -z -uall [2ms]
2024-10-10 18:42:08.367 [info] > git for-each-ref --format=%(refname)%00%(upstream:short)%00%(objectname)%00%(upstream:track)%00%(upstream:remotename)%00%(upstream:remoteref) refs/heads/ejercicio3-branch refs/remotes/ejercicio3-branch [3ms]
2024-10-10 18:42:08.374 [info] > git config --local branch.ejercicio3-branch.vscode-merge-base [2ms]
2024-10-10 18:42:08.379 [info] > git for-each-ref --format=%(refname)%00%(upstream:short)%00%(objectname)%00%(upstream:track)%00%(upstream:remotename)%00%(upstream:remoteref) refs/heads/origin/ejercicio2-branch refs/remotes/origin/ejercicio2-branch [1ms]
2024-10-10 18:43:19.153 [info] > git config --get commit.template [4ms]
2024-10-10 18:43:19.155 [info] > git for-each-ref --format=%(refname)%00%(upstream:short)%00%(objectname)%00%(upstream:track)%00%(upstream:remotename)%00%(upstream:remoteref) refs/heads/ejercicio3-branch refs/remotes/ejercicio3-branch [2ms]
2024-10-10 18:43:19.160 [info] > git status -z -uall [2ms]
2024-10-10 18:43:19.168 [info] > git for-each-ref --format=%(refname)%00%(upstream:short)%00%(objectname)%00%(upstream:track)%00%(upstream:remotename)%00%(upstream:remoteref) refs/heads/ejercicio3-branch refs/remotes/ejercicio3-branch [4ms]
2024-10-10 18:43:19.173 [info] > git config --local branch.ejercicio3-branch.vscode-merge-base [1ms]
2024-10-10 18:43:19.179 [info] > git for-each-ref --format=%(refname)%00%(upstream:short)%00%(objectname)%00%(upstream:track)%00%(upstream:remotename)%00%(upstream:remoteref) refs/heads/origin/ejercicio2-branch refs/remotes/origin/ejercicio2-branch [2ms]
2024-10-10 18:43:24.179 [info] > git config --get commit.template [4ms]
2024-10-10 18:43:24.181 [info] > git for-each-ref --format=%(refname)%00%(upstream:short)%00%(objectname)%00%(upstream:track)%00%(upstream:remotename)%00%(upstream:remoteref) refs/heads/ejercicio3-branch refs/remotes/ejercicio3-branch [2ms]
2024-10-10 18:43:24.186 [info] > git status -z -uall [1ms]
2024-10-10 18:43:24.193 [info] > git for-each-ref --format=%(refname)%00%(upstream:short)%00%(objectname)%00%(upstream:track)%00%(upstream:remotename)%00%(upstream:remoteref) refs/heads/ejercicio3-branch refs/remotes/ejercicio3-branch [3ms]
2024-10-10 18:43:24.198 [info] > git config --local branch.ejercicio3-branch.vscode-merge-base [1ms]
2024-10-10 18:43:24.204 [info] > git for-each-ref --format=%(refname)%00%(upstream:short)%00%(objectname)%00%(upstream:track)%00%(upstream:remotename)%00%(upstream:remoteref) refs/heads/origin/ejercicio2-branch refs/remotes/origin/ejercicio2-branch [1ms]
2024-10-10 18:43:33.680 [info] > git config --get commit.template [4ms]
2024-10-10 18:43:33.681 [info] > git for-each-ref --format=%(refname)%00%(upstream:short)%00%(objectname)%00%(upstream:track)%00%(upstream:remotename)%00%(upstream:remoteref) refs/heads/ejercicio3-branch refs/remotes/ejercicio3-branch [1ms]
2024-10-10 18:43:33.691 [info] > git status -z -uall [5ms]
2024-10-10 18:43:33.716 [info] > git for-each-ref --format=%(refname)%00%(upstream:short)%00%(objectname)%00%(upstream:track)%00%(upstream:remotename)%00%(upstream:remoteref) refs/heads/ejercicio3-branch refs/remotes/ejercicio3-branch [2ms]
2024-10-10 18:43:33.727 [info] > git config --local branch.ejercicio3-branch.vscode-merge-base [5ms]
2024-10-10 18:43:33.734 [info] > git for-each-ref --format=%(refname)%00%(upstream:short)%00%(objectname)%00%(upstream:track)%00%(upstream:remotename)%00%(upstream:remoteref) refs/heads/origin/ejercicio2-branch refs/remotes/origin/ejercicio2-branch [3ms]
2024-10-10 18:43:41.188 [info] > git config --get commit.template [7ms]
2024-10-10 18:43:41.191 [info] > git for-each-ref --format=%(refname)%00%(upstream:short)%00%(objectname)%00%(upstream:track)%00%(upstream:remotename)%00%(upstream:remoteref) refs/heads/ejercicio3-branch refs/remotes/ejercicio3-branch [4ms]
2024-10-10 18:43:41.196 [info] > git status -z -uall [2ms]
2024-10-10 18:43:41.203 [info] > git for-each-ref --format=%(refname)%00%(upstream:short)%00%(objectname)%00%(upstream:track)%00%(upstream:remotename)%00%(upstream:remoteref) refs/heads/ejercicio3-branch refs/remotes/ejercicio3-branch [3ms]
2024-10-10 18:43:41.210 [info] > git config --local branch.ejercicio3-branch.vscode-merge-base [2ms]
2024-10-10 18:43:41.216 [info] > git for-each-ref --format=%(refname)%00%(upstream:short)%00%(objectname)%00%(upstream:track)%00%(upstream:remotename)%00%(upstream:remoteref) refs/heads/origin/ejercicio2-branch refs/remotes/origin/ejercicio2-branch [2ms]
2024-10-10 18:43:46.210 [info] > git config --get commit.template [5ms]
2024-10-10 18:43:46.212 [info] > git for-each-ref --format=%(refname)%00%(upstream:short)%00%(objectname)%00%(upstream:track)%00%(upstream:remotename)%00%(upstream:remoteref) refs/heads/ejercicio3-branch refs/remotes/ejercicio3-branch [2ms]
2024-10-10 18:43:46.218 [info] > git status -z -uall [2ms]
2024-10-10 18:43:46.225 [info] > git for-each-ref --format=%(refname)%00%(upstream:short)%00%(objectname)%00%(upstream:track)%00%(upstream:remotename)%00%(upstream:remoteref) refs/heads/ejercicio3-branch refs/remotes/ejercicio3-branch [3ms]
2024-10-10 18:43:46.231 [info] > git config --local branch.ejercicio3-branch.vscode-merge-base [2ms]
2024-10-10 18:43:46.238 [info] > git for-each-ref --format=%(refname)%00%(upstream:short)%00%(objectname)%00%(upstream:track)%00%(upstream:remotename)%00%(upstream:remoteref) refs/heads/origin/ejercicio2-branch refs/remotes/origin/ejercicio2-branch [3ms]
2024-10-10 18:43:51.249 [info] > git config --get commit.template [9ms]
2024-10-10 18:43:51.255 [info] > git for-each-ref --format=%(refname)%00%(upstream:short)%00%(objectname)%00%(upstream:track)%00%(upstream:remotename)%00%(upstream:remoteref) refs/heads/ejercicio3-branch refs/remotes/ejercicio3-branch [1ms]
2024-10-10 18:43:51.261 [info] > git status -z -uall [2ms]
2024-10-10 18:43:51.268 [info] > git for-each-ref --format=%(refname)%00%(upstream:short)%00%(objectname)%00%(upstream:track)%00%(upstream:remotename)%00%(upstream:remoteref) refs/heads/ejercicio3-branch refs/remotes/ejercicio3-branch [3ms]
2024-10-10 18:43:51.274 [info] > git config --local branch.ejercicio3-branch.vscode-merge-base [1ms]
2024-10-10 18:43:51.281 [info] > git for-each-ref --format=%(refname)%00%(upstream:short)%00%(objectname)%00%(upstream:track)%00%(upstream:remotename)%00%(upstream:remoteref) refs/heads/origin/ejercicio2-branch refs/remotes/origin/ejercicio2-branch [1ms]
2024-10-10 18:45:00.816 [info] > git config --get commit.template [1ms]
2024-10-10 18:45:00.826 [info] > git for-each-ref --format=%(refname)%00%(upstream:short)%00%(objectname)%00%(upstream:track)%00%(upstream:remotename)%00%(upstream:remoteref) refs/heads/ejercicio3-branch refs/remotes/ejercicio3-branch [4ms]
2024-10-10 18:45:00.838 [info] > git status -z -uall [1ms]
2024-10-10 18:45:00.857 [info] > git for-each-ref --format=%(refname)%00%(upstream:short)%00%(objectname)%00%(upstream:track)%00%(upstream:remotename)%00%(upstream:remoteref) refs/heads/ejercicio3-branch refs/remotes/ejercicio3-branch [5ms]
2024-10-10 18:45:00.864 [info] > git config --local branch.ejercicio3-branch.vscode-merge-base [1ms]
2024-10-10 18:45:00.873 [info] > git for-each-ref --format=%(refname)%00%(upstream:short)%00%(objectname)%00%(upstream:track)%00%(upstream:remotename)%00%(upstream:remoteref) refs/heads/origin/ejercicio2-branch refs/remotes/origin/ejercicio2-branch [5ms]
2024-10-10 18:45:00.878 [info] > git merge-base refs/heads/ejercicio3-branch refs/remotes/origin/ejercicio3-branch [1ms]
2024-10-10 18:45:00.885 [info] > git rev-list --count --left-right refs/heads/ejercicio3-branch...refs/remotes/origin/ejercicio3-branch [2ms]
2024-10-10 18:45:00.891 [info] > git diff --name-status -z --diff-filter=ADMR 48db9e6b00230c42c281bbd92924cda59190ea8e...refs/remotes/origin/ejercicio3-branch [2ms]
2024-10-10 18:45:01.865 [info] > git config --get commit.template [5ms]
2024-10-10 18:45:01.866 [info] > git for-each-ref --format=%(refname)%00%(upstream:short)%00%(objectname)%00%(upstream:track)%00%(upstream:remotename)%00%(upstream:remoteref) refs/heads/ejercicio3-branch refs/remotes/ejercicio3-branch [1ms]
2024-10-10 18:45:01.873 [info] > git status -z -uall [2ms]
2024-10-10 18:45:01.883 [info] > git for-each-ref --format=%(refname)%00%(upstream:short)%00%(objectname)%00%(upstream:track)%00%(upstream:remotename)%00%(upstream:remoteref) refs/heads/ejercicio3-branch refs/remotes/ejercicio3-branch [4ms]
2024-10-10 18:45:01.889 [info] > git config --local branch.ejercicio3-branch.vscode-merge-base [1ms]
2024-10-10 18:45:01.895 [info] > git for-each-ref --format=%(refname)%00%(upstream:short)%00%(objectname)%00%(upstream:track)%00%(upstream:remotename)%00%(upstream:remoteref) refs/heads/origin/ejercicio2-branch refs/remotes/origin/ejercicio2-branch [2ms]
2024-10-10 18:45:01.967 [info] > git ls-files --stage -- /home/pro/Escritorio/git/ejercicio1-branch/README.md [2ms]
2024-10-10 18:45:01.987 [info] > git cat-file -s 6e7d68d6760209ed58dfcff78eeacfcfb03a2c66 [6ms]
2024-10-10 18:45:02.005 [info] > git show --textconv :README.md [2ms]
2024-10-10 18:45:32.842 [info] > git config --get commit.template [12ms]
2024-10-10 18:45:32.845 [info] > git for-each-ref --format=%(refname)%00%(upstream:short)%00%(objectname)%00%(upstream:track)%00%(upstream:remotename)%00%(upstream:remoteref) refs/heads/ejercicio3-branch refs/remotes/ejercicio3-branch [5ms]
2024-10-10 18:45:32.865 [info] > git status -z -uall [8ms]
2024-10-10 18:45:32.898 [info] > git for-each-ref --format=%(refname)%00%(upstream:short)%00%(objectname)%00%(upstream:track)%00%(upstream:remotename)%00%(upstream:remoteref) refs/heads/ejercicio3-branch refs/remotes/ejercicio3-branch [7ms]
2024-10-10 18:45:32.904 [info] > git config --local branch.ejercicio3-branch.vscode-merge-base [2ms]
2024-10-10 18:45:32.918 [info] > git for-each-ref --format=%(refname)%00%(upstream:short)%00%(objectname)%00%(upstream:track)%00%(upstream:remotename)%00%(upstream:remoteref) refs/heads/origin/ejercicio2-branch refs/remotes/origin/ejercicio2-branch [2ms]
2024-10-10 18:45:37.918 [info] > git config --get commit.template [15ms]
2024-10-10 18:45:37.928 [info] > git for-each-ref --format=%(refname)%00%(upstream:short)%00%(objectname)%00%(upstream:track)%00%(upstream:remotename)%00%(upstream:remoteref) refs/heads/ejercicio3-branch refs/remotes/ejercicio3-branch [10ms]
2024-10-10 18:45:37.941 [info] > git status -z -uall [5ms]
2024-10-10 18:45:37.975 [info] > git for-each-ref --format=%(refname)%00%(upstream:short)%00%(objectname)%00%(upstream:track)%00%(upstream:remotename)%00%(upstream:remoteref) refs/heads/ejercicio3-branch refs/remotes/ejercicio3-branch [19ms]
2024-10-10 18:45:38.005 [info] > git config --local branch.ejercicio3-branch.vscode-merge-base [8ms]
2024-10-10 18:45:38.015 [info] > git for-each-ref --format=%(refname)%00%(upstream:short)%00%(objectname)%00%(upstream:track)%00%(upstream:remotename)%00%(upstream:remoteref) refs/heads/origin/ejercicio2-branch refs/remotes/origin/ejercicio2-branch [5ms]
2024-10-10 18:45:42.973 [info] > git config --get commit.template [10ms]
2024-10-10 18:45:42.982 [info] > git for-each-ref --format=%(refname)%00%(upstream:short)%00%(objectname)%00%(upstream:track)%00%(upstream:remotename)%00%(upstream:remoteref) refs/heads/ejercicio3-branch refs/remotes/ejercicio3-branch [9ms]
2024-10-10 18:45:43.014 [info] > git status -z -uall [5ms]
2024-10-10 18:45:43.043 [info] > git for-each-ref --format=%(refname)%00%(upstream:short)%00%(objectname)%00%(upstream:track)%00%(upstream:remotename)%00%(upstream:remoteref) refs/heads/ejercicio3-branch refs/remotes/ejercicio3-branch [11ms]
2024-10-10 18:45:43.048 [info] > git config --local branch.ejercicio3-branch.vscode-merge-base [2ms]
2024-10-10 18:45:43.054 [info] > git for-each-ref --format=%(refname)%00%(upstream:short)%00%(objectname)%00%(upstream:track)%00%(upstream:remotename)%00%(upstream:remoteref) refs/heads/origin/ejercicio2-branch refs/remotes/origin/ejercicio2-branch [2ms]
2024-10-10 18:45:43.096 [info] > git config --get commit.template [6ms]
2024-10-10 18:45:43.099 [info] > git for-each-ref --format=%(refname)%00%(upstream:short)%00%(objectname)%00%(upstream:track)%00%(upstream:remotename)%00%(upstream:remoteref) refs/heads/ejercicio3-branch refs/remotes/ejercicio3-branch [4ms]
2024-10-10 18:45:43.108 [info] > git status -z -uall [1ms]
2024-10-10 18:45:43.116 [info] > git for-each-ref --format=%(refname)%00%(upstream:short)%00%(objectname)%00%(upstream:track)%00%(upstream:remotename)%00%(upstream:remoteref) refs/heads/ejercicio3-branch refs/remotes/ejercicio3-branch [4ms]
2024-10-10 18:45:43.137 [info] > git config --local branch.ejercicio3-branch.vscode-merge-base [2ms]
2024-10-10 18:45:43.152 [info] > git for-each-ref --format=%(refname)%00%(upstream:short)%00%(objectname)%00%(upstream:track)%00%(upstream:remotename)%00%(upstream:remoteref) refs/heads/origin/ejercicio2-branch refs/remotes/origin/ejercicio2-branch [6ms]
2024-10-10 18:45:44.186 [info] > git ls-files --stage -- /home/pro/Escritorio/git/ejercicio1-branch/README.md [6ms]
2024-10-10 18:45:44.200 [info] > git cat-file -s 7d7746cf998f4b3fd1234745aaa301d7d0946c64 [4ms]
2024-10-10 18:45:44.219 [info] > git show --textconv :README.md [5ms]
2024-10-10 18:45:48.061 [info] > git config --get commit.template [13ms]
2024-10-10 18:45:48.064 [info] > git for-each-ref --format=%(refname)%00%(upstream:short)%00%(objectname)%00%(upstream:track)%00%(upstream:remotename)%00%(upstream:remoteref) refs/heads/ejercicio3-branch refs/remotes/ejercicio3-branch [4ms]
2024-10-10 18:45:48.081 [info] > git status -z -uall [5ms]
2024-10-10 18:45:48.097 [info] > git for-each-ref --format=%(refname)%00%(upstream:short)%00%(objectname)%00%(upstream:track)%00%(upstream:remotename)%00%(upstream:remoteref) refs/heads/ejercicio3-branch refs/remotes/ejercicio3-branch [4ms]
2024-10-10 18:45:48.105 [info] > git config --local branch.ejercicio3-branch.vscode-merge-base [2ms]
2024-10-10 18:45:48.112 [info] > git for-each-ref --format=%(refname)%00%(upstream:short)%00%(objectname)%00%(upstream:track)%00%(upstream:remotename)%00%(upstream:remoteref) refs/heads/origin/ejercicio2-branch refs/remotes/origin/ejercicio2-branch [2ms]
2024-10-10 18:45:49.875 [info] > git config --get commit.template [9ms]
2024-10-10 18:45:49.885 [info] > git for-each-ref --format=%(refname)%00%(upstream:short)%00%(objectname)%00%(upstream:track)%00%(upstream:remotename)%00%(upstream:remoteref) refs/heads/ejercicio3-branch refs/remotes/ejercicio3-branch [14ms]
2024-10-10 18:45:49.903 [info] > git status -z -uall [13ms]
2024-10-10 18:45:49.914 [info] > git for-each-ref --format=%(refname)%00%(upstream:short)%00%(objectname)%00%(upstream:track)%00%(upstream:remotename)%00%(upstream:remoteref) refs/heads/ejercicio3-branch refs/remotes/ejercicio3-branch [2ms]
2024-10-10 18:45:49.925 [info] > git config --local branch.ejercicio3-branch.vscode-merge-base [1ms]
2024-10-10 18:45:49.931 [info] > git for-each-ref --format=%(refname)%00%(upstream:short)%00%(objectname)%00%(upstream:track)%00%(upstream:remotename)%00%(upstream:remoteref) refs/heads/origin/ejercicio2-branch refs/remotes/origin/ejercicio2-branch [2ms]
