Executing /usr/lib/jvm/java-17-openjdk-amd64/bin/java -jar /home/pro/.vscode/extensions/sonarsource.sonarlint-vscode-4.11.1/server/sonarlint-ls.jar -stdio -analyzers /home/pro/.vscode/extensions/sonarsource.sonarlint-vscode-4.11.1/analyzers/sonargo.jar /home/pro/.vscode/extensions/sonarsource.sonarlint-vscode-4.11.1/analyzers/sonarjava.jar /home/pro/.vscode/extensions/sonarsource.sonarlint-vscode-4.11.1/analyzers/sonarjs.jar /home/pro/.vscode/extensions/sonarsource.sonarlint-vscode-4.11.1/analyzers/sonarphp.jar /home/pro/.vscode/extensions/sonarsource.sonarlint-vscode-4.11.1/analyzers/sonarpython.jar /home/pro/.vscode/extensions/sonarsource.sonarlint-vscode-4.11.1/analyzers/sonarhtml.jar /home/pro/.vscode/extensions/sonarsource.sonarlint-vscode-4.11.1/analyzers/sonarxml.jar /home/pro/.vscode/extensions/sonarsource.sonarlint-vscode-4.11.1/analyzers/sonarcfamily.jar /home/pro/.vscode/extensions/sonarsource.sonarlint-vscode-4.11.1/analyzers/sonartext.jar /home/pro/.vscode/extensions/sonarsource.sonarlint-vscode-4.11.1/analyzers/sonariac.jar /home/pro/.vscode/extensions/sonarsource.sonarlint-vscode-4.11.1/analyzers/sonarlintomnisharp.jar
[Info - 17:52:34.581] SonarLint backend started, instance=org.sonarsource.sonarlint.core.rpc.impl.SonarLintRpcServerImpl@2d52216b
[Info - 17:52:38.214] Started embedded server on port 64120
[Warn - 17:52:39.755] Node.js could not be automatically detected, has to be configured manually in the SonarLint preferences!
[Info - 17:52:41.617] Module file event for MODIFIED for file [uri=file:///home/pro/Escritorio/libro/ejercicio-git-libro/README.md] has been ignored because it's not a Kubernetes file.
[Info - 17:52:46.861] .gitignore file was not found for /home/pro/Escritorio/libro/ejercicio-git-libro
[Info - 17:52:46.873] Triggering analysis with configuration: [
  baseDir: /home/pro/Escritorio/libro/ejercicio-git-libro
  extraProperties: {sonar.cfamily.compile-commands=}
  activeRules: [14 kubernetes, 214 python, 425 cpp, 189 c, 23 go, 210 ipython, 90 secrets, 26 docker, 455 java, 46 Web, 15 xml, 314 csharpsquid, 155 php, 7 terraform, 18 azureresourcemanager, 7 cloudformation]
  inputFiles: [
    file:///home/pro/Escritorio/libro/ejercicio-git-libro/README.md (UTF-8)
  ]
]

[Info - 17:52:47.565] .gitignore file was not found for /home/pro/Escritorio/libro/ejercicio-git-libro
[Info - 17:52:47.568] Triggering analysis with configuration: [
  baseDir: /home/pro/Escritorio/libro/ejercicio-git-libro
  extraProperties: {sonar.cfamily.compile-commands=}
  activeRules: [14 kubernetes, 214 python, 425 cpp, 189 c, 23 go, 210 ipython, 90 secrets, 26 docker, 455 java, 46 Web, 15 xml, 314 csharpsquid, 155 php, 7 terraform, 18 azureresourcemanager, 7 cloudformation]
  inputFiles: [
    file:///home/pro/Escritorio/libro/ejercicio-git-libro/README.md (UTF-8)
  ]
]

[Info - 17:52:47.650] .gitignore file was not found for /home/pro/Escritorio/libro/ejercicio-git-libro
[Info - 17:52:47.656] Triggering analysis with configuration: [
  baseDir: /home/pro/Escritorio/libro/ejercicio-git-libro
  extraProperties: {sonar.cfamily.compile-commands=}
  activeRules: [14 kubernetes, 214 python, 425 cpp, 189 c, 23 go, 210 ipython, 90 secrets, 26 docker, 455 java, 46 Web, 15 xml, 314 csharpsquid, 155 php, 7 terraform, 18 azureresourcemanager, 7 cloudformation]
  inputFiles: [
    file:///home/pro/Escritorio/libro/ejercicio-git-libro/README.md (UTF-8)
  ]
]

[Info - 17:52:47.805] Index files
[Info - 17:52:47.809] 1 file indexed
[Info - 17:52:49.658] 0 source files to be analyzed
[Info - 17:52:49.669] 0/0 source files have been analyzed
[Info - 17:52:50.379] 0 source files to be analyzed
[Info - 17:52:50.379] 0/0 source files have been analyzed
[Info - 17:52:50.379] Available processors: 2
[Info - 17:52:50.379] Using 2 threads for analysis.
[Info - 17:52:51.936] The property "sonar.tests" is not set. To improve the analysis accuracy, we categorize a file as a test file if any of the following is true:
  * The filename starts with "test"
  * The filename contains "test." or "tests."
  * Any directory in the file path is named: "doc", "docs", "test" or "tests"
  * Any directory in the file path has a name ending in "test" or "tests"

[Info - 17:52:51.963] Analyzing all except non binary files
[Info - 17:52:51.974] 1 source file to be analyzed
[Info - 17:52:52.054] 1/1 source file has been analyzed
[Info - 17:52:52.064] Analysis detected 0 issues and 0 Security Hotspots in 10421ms
[Info - 17:52:52.489] Index files
[Info - 17:52:52.497] 1 file indexed
[Info - 17:52:52.762] 0 source files to be analyzed
[Info - 17:52:52.763] 0/0 source files have been analyzed
[Info - 17:52:52.776] 0 source files to be analyzed
[Info - 17:52:52.777] 0/0 source files have been analyzed
[Info - 17:52:52.779] Available processors: 2
[Info - 17:52:52.780] Using 2 threads for analysis.
[Info - 17:52:52.965] The property "sonar.tests" is not set. To improve the analysis accuracy, we categorize a file as a test file if any of the following is true:
  * The filename starts with "test"
  * The filename contains "test." or "tests."
  * Any directory in the file path is named: "doc", "docs", "test" or "tests"
  * Any directory in the file path has a name ending in "test" or "tests"

[Info - 17:52:52.973] Analyzing all except non binary files
[Info - 17:52:52.977] 1 source file to be analyzed
[Info - 17:52:53.017] 1/1 source file has been analyzed
[Info - 17:52:53.022] Analysis detected 0 issues and 0 Security Hotspots in 5471ms
[Info - 17:52:53.385] Index files
[Info - 17:52:53.406] 1 file indexed
[Info - 17:52:53.611] 0 source files to be analyzed
[Info - 17:52:53.612] 0/0 source files have been analyzed
[Info - 17:52:53.625] 0 source files to be analyzed
[Info - 17:52:53.625] 0/0 source files have been analyzed
[Info - 17:52:53.626] Available processors: 2
[Info - 17:52:53.626] Using 2 threads for analysis.
[Info - 17:52:53.790] The property "sonar.tests" is not set. To improve the analysis accuracy, we categorize a file as a test file if any of the following is true:
  * The filename starts with "test"
  * The filename contains "test." or "tests."
  * Any directory in the file path is named: "doc", "docs", "test" or "tests"
  * Any directory in the file path has a name ending in "test" or "tests"

[Info - 17:52:53.794] Analyzing all except non binary files
[Info - 17:52:53.807] 1 source file to be analyzed
[Info - 17:52:53.870] 1/1 source file has been analyzed
[Info - 17:52:53.871] Analysis detected 0 issues and 0 Security Hotspots in 6227ms
[Info - 17:52:55.709] Module file event for MODIFIED for file [uri=file:///home/pro/Escritorio/libro/ejercicio-git-libro/README.md] has been ignored because it's not a Kubernetes file.
[Info - 17:52:55.717] .gitignore file was not found for /home/pro/Escritorio/libro/ejercicio-git-libro
[Info - 17:52:55.720] Triggering analysis with configuration: [
  baseDir: /home/pro/Escritorio/libro/ejercicio-git-libro
  extraProperties: {sonar.cfamily.compile-commands=}
  activeRules: [14 kubernetes, 214 python, 425 cpp, 189 c, 23 go, 210 ipython, 90 secrets, 26 docker, 455 java, 46 Web, 15 xml, 314 csharpsquid, 155 php, 7 terraform, 18 azureresourcemanager, 7 cloudformation]
  inputFiles: [
    file:///home/pro/Escritorio/libro/ejercicio-git-libro/README.md (UTF-8)
  ]
]

[Info - 17:52:55.842] Index files
[Info - 17:52:55.843] 1 file indexed
[Info - 17:52:56.049] 0 source files to be analyzed
[Info - 17:52:56.049] 0/0 source files have been analyzed
[Info - 17:52:56.056] 0 source files to be analyzed
[Info - 17:52:56.057] 0/0 source files have been analyzed
[Info - 17:52:56.057] Available processors: 2
[Info - 17:52:56.057] Using 2 threads for analysis.
[Info - 17:52:56.215] The property "sonar.tests" is not set. To improve the analysis accuracy, we categorize a file as a test file if any of the following is true:
  * The filename starts with "test"
  * The filename contains "test." or "tests."
  * Any directory in the file path is named: "doc", "docs", "test" or "tests"
  * Any directory in the file path has a name ending in "test" or "tests"

[Info - 17:52:56.225] Analyzing all except non binary files
[Info - 17:52:56.244] 1 source file to be analyzed
[Info - 17:52:56.305] 1/1 source file has been analyzed
[Info - 17:52:56.307] Analysis detected 0 issues and 0 Security Hotspots in 595ms
[Info - 17:52:57.211] Module file event for MODIFIED for file [uri=file:///home/pro/Escritorio/libro/ejercicio-git-libro/README.md] has been ignored because it's not a Kubernetes file.
[Info - 17:52:57.219] .gitignore file was not found for /home/pro/Escritorio/libro/ejercicio-git-libro
[Info - 17:52:57.223] Triggering analysis with configuration: [
  baseDir: /home/pro/Escritorio/libro/ejercicio-git-libro
  extraProperties: {sonar.cfamily.compile-commands=}
  activeRules: [14 kubernetes, 214 python, 425 cpp, 189 c, 23 go, 210 ipython, 90 secrets, 26 docker, 455 java, 46 Web, 15 xml, 314 csharpsquid, 155 php, 7 terraform, 18 azureresourcemanager, 7 cloudformation]
  inputFiles: [
    file:///home/pro/Escritorio/libro/ejercicio-git-libro/README.md (UTF-8)
  ]
]

[Info - 17:52:57.351] Index files
[Info - 17:52:57.363] 1 file indexed
[Info - 17:52:57.606] 0 source files to be analyzed
[Info - 17:52:57.612] 0/0 source files have been analyzed
[Info - 17:52:57.630] 0 source files to be analyzed
[Info - 17:52:57.631] 0/0 source files have been analyzed
[Info - 17:52:57.631] Available processors: 2
[Info - 17:52:57.631] Using 2 threads for analysis.
[Info - 17:52:57.826] The property "sonar.tests" is not set. To improve the analysis accuracy, we categorize a file as a test file if any of the following is true:
  * The filename starts with "test"
  * The filename contains "test." or "tests."
  * Any directory in the file path is named: "doc", "docs", "test" or "tests"
  * Any directory in the file path has a name ending in "test" or "tests"

[Info - 17:52:57.832] Analyzing all except non binary files
[Info - 17:52:57.843] 1 source file to be analyzed
[Info - 17:52:57.879] 1/1 source file has been analyzed
[Info - 17:52:57.882] Analysis detected 0 issues and 0 Security Hotspots in 667ms
[Info - 17:52:58.134] Module file event for MODIFIED for file [uri=file:///home/pro/Escritorio/libro/ejercicio-git-libro/README.md] has been ignored because it's not a Kubernetes file.
[Info - 17:52:58.143] .gitignore file was not found for /home/pro/Escritorio/libro/ejercicio-git-libro
[Info - 17:52:58.147] Triggering analysis with configuration: [
  baseDir: /home/pro/Escritorio/libro/ejercicio-git-libro
  extraProperties: {sonar.cfamily.compile-commands=}
  activeRules: [14 kubernetes, 214 python, 425 cpp, 189 c, 23 go, 210 ipython, 90 secrets, 26 docker, 455 java, 46 Web, 15 xml, 314 csharpsquid, 155 php, 7 terraform, 18 azureresourcemanager, 7 cloudformation]
  inputFiles: [
    file:///home/pro/Escritorio/libro/ejercicio-git-libro/README.md (UTF-8)
  ]
]

[Info - 17:52:58.224] Index files
[Info - 17:52:58.226] 1 file indexed
[Info - 17:52:58.417] 0 source files to be analyzed
[Info - 17:52:58.418] 0/0 source files have been analyzed
[Info - 17:52:58.430] 0 source files to be analyzed
[Info - 17:52:58.431] 0/0 source files have been analyzed
[Info - 17:52:58.434] Available processors: 2
[Info - 17:52:58.434] Using 2 threads for analysis.
[Info - 17:52:58.537] The property "sonar.tests" is not set. To improve the analysis accuracy, we categorize a file as a test file if any of the following is true:
  * The filename starts with "test"
  * The filename contains "test." or "tests."
  * Any directory in the file path is named: "doc", "docs", "test" or "tests"
  * Any directory in the file path has a name ending in "test" or "tests"

[Info - 17:52:58.558] Analyzing all except non binary files
[Info - 17:52:58.585] 1 source file to be analyzed
[Info - 17:52:58.672] 1/1 source file has been analyzed
[Info - 17:52:58.675] Analysis detected 0 issues and 0 Security Hotspots in 538ms
[Info - 17:53:34.751] Module file event for MODIFIED for file [uri=file:///home/pro/Escritorio/libro/ejercicio-git-libro/README.md] has been ignored because it's not a Kubernetes file.
[Info - 17:53:34.765] .gitignore file was not found for /home/pro/Escritorio/libro/ejercicio-git-libro
[Info - 17:53:34.771] Triggering analysis with configuration: [
  baseDir: /home/pro/Escritorio/libro/ejercicio-git-libro
  extraProperties: {sonar.cfamily.compile-commands=}
  activeRules: [14 kubernetes, 214 python, 425 cpp, 189 c, 23 go, 210 ipython, 90 secrets, 26 docker, 455 java, 46 Web, 15 xml, 314 csharpsquid, 155 php, 7 terraform, 18 azureresourcemanager, 7 cloudformation]
  inputFiles: [
    file:///home/pro/Escritorio/libro/ejercicio-git-libro/README.md (UTF-8)
  ]
]

[Info - 17:53:34.883] Index files
[Info - 17:53:34.889] 1 file indexed
[Info - 17:53:35.008] 0 source files to be analyzed
[Info - 17:53:35.011] 0/0 source files have been analyzed
[Info - 17:53:35.019] 0 source files to be analyzed
[Info - 17:53:35.020] 0/0 source files have been analyzed
[Info - 17:53:35.020] Available processors: 2
[Info - 17:53:35.021] Using 2 threads for analysis.
[Info - 17:53:35.084] The property "sonar.tests" is not set. To improve the analysis accuracy, we categorize a file as a test file if any of the following is true:
  * The filename starts with "test"
  * The filename contains "test." or "tests."
  * Any directory in the file path is named: "doc", "docs", "test" or "tests"
  * Any directory in the file path has a name ending in "test" or "tests"

[Info - 17:53:35.085] Analyzing all except non binary files
[Info - 17:53:35.090] 1 source file to be analyzed
[Info - 17:53:35.112] 1/1 source file has been analyzed
[Info - 17:53:35.113] Analysis detected 0 issues and 0 Security Hotspots in 358ms
[Info - 17:53:35.959] Module file event for MODIFIED for file [uri=file:///home/pro/Escritorio/libro/ejercicio-git-libro/README.md] has been ignored because it's not a Kubernetes file.
[Info - 17:53:35.967] .gitignore file was not found for /home/pro/Escritorio/libro/ejercicio-git-libro
[Info - 17:53:35.990] Triggering analysis with configuration: [
  baseDir: /home/pro/Escritorio/libro/ejercicio-git-libro
  extraProperties: {sonar.cfamily.compile-commands=}
  activeRules: [14 kubernetes, 214 python, 425 cpp, 189 c, 23 go, 210 ipython, 90 secrets, 26 docker, 455 java, 46 Web, 15 xml, 314 csharpsquid, 155 php, 7 terraform, 18 azureresourcemanager, 7 cloudformation]
  inputFiles: [
    file:///home/pro/Escritorio/libro/ejercicio-git-libro/README.md (UTF-8)
  ]
]

[Info - 17:53:36.096] Index files
[Info - 17:53:36.099] 1 file indexed
[Info - 17:53:36.364] 0 source files to be analyzed
[Info - 17:53:36.364] 0/0 source files have been analyzed
[Info - 17:53:36.384] 0 source files to be analyzed
[Info - 17:53:36.384] 0/0 source files have been analyzed
[Info - 17:53:36.390] Available processors: 2
[Info - 17:53:36.390] Using 2 threads for analysis.
[Info - 17:53:36.483] The property "sonar.tests" is not set. To improve the analysis accuracy, we categorize a file as a test file if any of the following is true:
  * The filename starts with "test"
  * The filename contains "test." or "tests."
  * Any directory in the file path is named: "doc", "docs", "test" or "tests"
  * Any directory in the file path has a name ending in "test" or "tests"

[Info - 17:53:36.495] Analyzing all except non binary files
[Info - 17:53:36.498] 1 source file to be analyzed
[Info - 17:53:36.543] 1/1 source file has been analyzed
[Info - 17:53:36.546] Analysis detected 0 issues and 0 Security Hotspots in 583ms
[Info - 17:55:31.198] Module file event for MODIFIED for file [uri=file:///home/pro/Escritorio/libro/ejercicio-git-libro/README.md] has been ignored because it's not a Kubernetes file.
[Info - 17:55:31.213] .gitignore file was not found for /home/pro/Escritorio/libro/ejercicio-git-libro
[Info - 17:55:31.218] Triggering analysis with configuration: [
  baseDir: /home/pro/Escritorio/libro/ejercicio-git-libro
  extraProperties: {sonar.cfamily.compile-commands=}
  activeRules: [14 kubernetes, 214 python, 425 cpp, 189 c, 23 go, 210 ipython, 90 secrets, 26 docker, 455 java, 46 Web, 15 xml, 314 csharpsquid, 155 php, 7 terraform, 18 azureresourcemanager, 7 cloudformation]
  inputFiles: [
    file:///home/pro/Escritorio/libro/ejercicio-git-libro/README.md (UTF-8)
  ]
]

[Info - 17:55:31.277] Index files
[Info - 17:55:31.278] 1 file indexed
[Info - 17:55:31.442] 0 source files to be analyzed
[Info - 17:55:31.442] 0/0 source files have been analyzed
[Info - 17:55:31.455] 0 source files to be analyzed
[Info - 17:55:31.455] 0/0 source files have been analyzed
[Info - 17:55:31.456] Available processors: 2
[Info - 17:55:31.456] Using 2 threads for analysis.
[Info - 17:55:31.496] The property "sonar.tests" is not set. To improve the analysis accuracy, we categorize a file as a test file if any of the following is true:
  * The filename starts with "test"
  * The filename contains "test." or "tests."
  * Any directory in the file path is named: "doc", "docs", "test" or "tests"
  * Any directory in the file path has a name ending in "test" or "tests"

[Info - 17:55:31.500] Analyzing all except non binary files
[Info - 17:55:31.503] 1 source file to be analyzed
[Info - 17:55:31.524] 1/1 source file has been analyzed
[Info - 17:55:31.527] Analysis detected 0 issues and 0 Security Hotspots in 321ms
[Info - 17:55:33.120] Module file event for MODIFIED for file [uri=file:///home/pro/Escritorio/libro/ejercicio-git-libro/README.md] has been ignored because it's not a Kubernetes file.
[Info - 17:55:33.141] .gitignore file was not found for /home/pro/Escritorio/libro/ejercicio-git-libro
[Info - 17:55:33.141] Triggering analysis with configuration: [
  baseDir: /home/pro/Escritorio/libro/ejercicio-git-libro
  extraProperties: {sonar.cfamily.compile-commands=}
  activeRules: [14 kubernetes, 214 python, 425 cpp, 189 c, 23 go, 210 ipython, 90 secrets, 26 docker, 455 java, 46 Web, 15 xml, 314 csharpsquid, 155 php, 7 terraform, 18 azureresourcemanager, 7 cloudformation]
  inputFiles: [
    file:///home/pro/Escritorio/libro/ejercicio-git-libro/README.md (UTF-8)
  ]
]

[Info - 17:55:33.253] Index files
[Info - 17:55:33.262] 1 file indexed
[Info - 17:55:33.375] 0 source files to be analyzed
[Info - 17:55:33.376] 0/0 source files have been analyzed
[Info - 17:55:33.382] 0 source files to be analyzed
[Info - 17:55:33.383] 0/0 source files have been analyzed
[Info - 17:55:33.385] Available processors: 2
[Info - 17:55:33.385] Using 2 threads for analysis.
[Info - 17:55:33.431] The property "sonar.tests" is not set. To improve the analysis accuracy, we categorize a file as a test file if any of the following is true:
  * The filename starts with "test"
  * The filename contains "test." or "tests."
  * Any directory in the file path is named: "doc", "docs", "test" or "tests"
  * Any directory in the file path has a name ending in "test" or "tests"

[Info - 17:55:33.435] Analyzing all except non binary files
[Info - 17:55:33.438] 1 source file to be analyzed
[Info - 17:55:33.521] 1/1 source file has been analyzed
[Info - 17:55:33.528] Analysis detected 0 issues and 0 Security Hotspots in 399ms
[Info - 17:55:34.512] Module file event for MODIFIED for file [uri=file:///home/pro/Escritorio/libro/ejercicio-git-libro/README.md] has been ignored because it's not a Kubernetes file.
[Info - 17:55:34.516] .gitignore file was not found for /home/pro/Escritorio/libro/ejercicio-git-libro
[Info - 17:55:34.519] Triggering analysis with configuration: [
  baseDir: /home/pro/Escritorio/libro/ejercicio-git-libro
  extraProperties: {sonar.cfamily.compile-commands=}
  activeRules: [14 kubernetes, 214 python, 425 cpp, 189 c, 23 go, 210 ipython, 90 secrets, 26 docker, 455 java, 46 Web, 15 xml, 314 csharpsquid, 155 php, 7 terraform, 18 azureresourcemanager, 7 cloudformation]
  inputFiles: [
    file:///home/pro/Escritorio/libro/ejercicio-git-libro/README.md (UTF-8)
  ]
]

[Info - 17:55:34.563] Index files
[Info - 17:55:34.563] 1 file indexed
[Info - 17:55:34.653] 0 source files to be analyzed
[Info - 17:55:34.653] 0/0 source files have been analyzed
[Info - 17:55:34.660] 0 source files to be analyzed
[Info - 17:55:34.660] 0/0 source files have been analyzed
[Info - 17:55:34.661] Available processors: 2
[Info - 17:55:34.661] Using 2 threads for analysis.
[Info - 17:55:34.691] The property "sonar.tests" is not set. To improve the analysis accuracy, we categorize a file as a test file if any of the following is true:
  * The filename starts with "test"
  * The filename contains "test." or "tests."
  * Any directory in the file path is named: "doc", "docs", "test" or "tests"
  * Any directory in the file path has a name ending in "test" or "tests"

[Info - 17:55:34.694] Analyzing all except non binary files
[Info - 17:55:34.698] 1 source file to be analyzed
[Info - 17:55:34.716] 1/1 source file has been analyzed
[Info - 17:55:34.719] Analysis detected 0 issues and 0 Security Hotspots in 204ms
[Info - 17:55:36.114] Module file event for MODIFIED for file [uri=file:///home/pro/Escritorio/libro/ejercicio-git-libro/README.md] has been ignored because it's not a Kubernetes file.
[Info - 17:55:36.119] .gitignore file was not found for /home/pro/Escritorio/libro/ejercicio-git-libro
[Info - 17:55:36.121] Triggering analysis with configuration: [
  baseDir: /home/pro/Escritorio/libro/ejercicio-git-libro
  extraProperties: {sonar.cfamily.compile-commands=}
  activeRules: [14 kubernetes, 214 python, 425 cpp, 189 c, 23 go, 210 ipython, 90 secrets, 26 docker, 455 java, 46 Web, 15 xml, 314 csharpsquid, 155 php, 7 terraform, 18 azureresourcemanager, 7 cloudformation]
  inputFiles: [
    file:///home/pro/Escritorio/libro/ejercicio-git-libro/README.md (UTF-8)
  ]
]

[Info - 17:55:36.164] Index files
[Info - 17:55:36.168] 1 file indexed
[Info - 17:55:36.239] 0 source files to be analyzed
[Info - 17:55:36.239] 0/0 source files have been analyzed
[Info - 17:55:36.239] 0 source files to be analyzed
[Info - 17:55:36.239] 0/0 source files have been analyzed
[Info - 17:55:36.240] Available processors: 2
[Info - 17:55:36.240] Using 2 threads for analysis.
[Info - 17:55:36.271] The property "sonar.tests" is not set. To improve the analysis accuracy, we categorize a file as a test file if any of the following is true:
  * The filename starts with "test"
  * The filename contains "test." or "tests."
  * Any directory in the file path is named: "doc", "docs", "test" or "tests"
  * Any directory in the file path has a name ending in "test" or "tests"

[Info - 17:55:36.274] Analyzing all except non binary files
[Info - 17:55:36.279] 1 source file to be analyzed
[Info - 17:55:36.296] 1/1 source file has been analyzed
[Info - 17:55:36.297] Analysis detected 0 issues and 0 Security Hotspots in 179ms
[Info - 17:55:38.149] Module file event for MODIFIED for file [uri=file:///home/pro/Escritorio/libro/ejercicio-git-libro/README.md] has been ignored because it's not a Kubernetes file.
[Info - 17:55:38.159] .gitignore file was not found for /home/pro/Escritorio/libro/ejercicio-git-libro
[Info - 17:55:38.169] Triggering analysis with configuration: [
  baseDir: /home/pro/Escritorio/libro/ejercicio-git-libro
  extraProperties: {sonar.cfamily.compile-commands=}
  activeRules: [14 kubernetes, 214 python, 425 cpp, 189 c, 23 go, 210 ipython, 90 secrets, 26 docker, 455 java, 46 Web, 15 xml, 314 csharpsquid, 155 php, 7 terraform, 18 azureresourcemanager, 7 cloudformation]
  inputFiles: [
    file:///home/pro/Escritorio/libro/ejercicio-git-libro/README.md (UTF-8)
  ]
]

[Info - 17:55:38.290] Index files
[Info - 17:55:38.294] 1 file indexed
[Info - 17:55:38.392] 0 source files to be analyzed
[Info - 17:55:38.392] 0/0 source files have been analyzed
[Info - 17:55:38.399] 0 source files to be analyzed
[Info - 17:55:38.399] 0/0 source files have been analyzed
[Info - 17:55:38.404] Available processors: 2
[Info - 17:55:38.407] Using 2 threads for analysis.
[Info - 17:55:38.502] The property "sonar.tests" is not set. To improve the analysis accuracy, we categorize a file as a test file if any of the following is true:
  * The filename starts with "test"
  * The filename contains "test." or "tests."
  * Any directory in the file path is named: "doc", "docs", "test" or "tests"
  * Any directory in the file path has a name ending in "test" or "tests"

[Info - 17:55:38.512] Analyzing all except non binary files
[Info - 17:55:38.515] 1 source file to be analyzed
[Info - 17:55:38.551] 1/1 source file has been analyzed
[Info - 17:55:38.555] Analysis detected 0 issues and 0 Security Hotspots in 399ms
[Info - 17:55:48.421] Module file event for MODIFIED for file [uri=file:///home/pro/Escritorio/libro/ejercicio-git-libro/README.md] has been ignored because it's not a Kubernetes file.
[Info - 17:55:48.430] .gitignore file was not found for /home/pro/Escritorio/libro/ejercicio-git-libro
[Info - 17:55:48.439] Triggering analysis with configuration: [
  baseDir: /home/pro/Escritorio/libro/ejercicio-git-libro
  extraProperties: {sonar.cfamily.compile-commands=}
  activeRules: [14 kubernetes, 214 python, 425 cpp, 189 c, 23 go, 210 ipython, 90 secrets, 26 docker, 455 java, 46 Web, 15 xml, 314 csharpsquid, 155 php, 7 terraform, 18 azureresourcemanager, 7 cloudformation]
  inputFiles: [
    file:///home/pro/Escritorio/libro/ejercicio-git-libro/README.md (UTF-8)
  ]
]

[Info - 17:55:48.558] Index files
[Info - 17:55:48.566] 1 file indexed
[Info - 17:55:48.690] 0 source files to be analyzed
[Info - 17:55:48.690] 0/0 source files have been analyzed
[Info - 17:55:48.702] 0 source files to be analyzed
[Info - 17:55:48.702] 0/0 source files have been analyzed
[Info - 17:55:48.706] Available processors: 2
[Info - 17:55:48.706] Using 2 threads for analysis.
[Info - 17:55:48.751] The property "sonar.tests" is not set. To improve the analysis accuracy, we categorize a file as a test file if any of the following is true:
  * The filename starts with "test"
  * The filename contains "test." or "tests."
  * Any directory in the file path is named: "doc", "docs", "test" or "tests"
  * Any directory in the file path has a name ending in "test" or "tests"

[Info - 17:55:48.756] Analyzing all except non binary files
[Info - 17:55:48.760] 1 source file to be analyzed
[Info - 17:55:48.782] 1/1 source file has been analyzed
[Info - 17:55:48.785] Analysis detected 0 issues and 0 Security Hotspots in 361ms
[Info - 17:55:49.907] Module file event for MODIFIED for file [uri=file:///home/pro/Escritorio/libro/ejercicio-git-libro/README.md] has been ignored because it's not a Kubernetes file.
[Info - 17:55:49.913] .gitignore file was not found for /home/pro/Escritorio/libro/ejercicio-git-libro
[Info - 17:55:49.916] Triggering analysis with configuration: [
  baseDir: /home/pro/Escritorio/libro/ejercicio-git-libro
  extraProperties: {sonar.cfamily.compile-commands=}
  activeRules: [14 kubernetes, 214 python, 425 cpp, 189 c, 23 go, 210 ipython, 90 secrets, 26 docker, 455 java, 46 Web, 15 xml, 314 csharpsquid, 155 php, 7 terraform, 18 azureresourcemanager, 7 cloudformation]
  inputFiles: [
    file:///home/pro/Escritorio/libro/ejercicio-git-libro/README.md (UTF-8)
  ]
]

[Info - 17:55:49.952] Index files
[Info - 17:55:49.953] 1 file indexed
[Info - 17:55:50.042] 0 source files to be analyzed
[Info - 17:55:50.042] 0/0 source files have been analyzed
[Info - 17:55:50.051] 0 source files to be analyzed
[Info - 17:55:50.052] 0/0 source files have been analyzed
[Info - 17:55:50.052] Available processors: 2
[Info - 17:55:50.053] Using 2 threads for analysis.
[Info - 17:55:50.108] The property "sonar.tests" is not set. To improve the analysis accuracy, we categorize a file as a test file if any of the following is true:
  * The filename starts with "test"
  * The filename contains "test." or "tests."
  * Any directory in the file path is named: "doc", "docs", "test" or "tests"
  * Any directory in the file path has a name ending in "test" or "tests"

[Info - 17:55:50.111] Analyzing all except non binary files
[Info - 17:55:50.114] 1 source file to be analyzed
[Info - 17:55:50.140] 1/1 source file has been analyzed
[Info - 17:55:50.142] Analysis detected 0 issues and 0 Security Hotspots in 232ms
[Info - 17:55:51.360] Module file event for MODIFIED for file [uri=file:///home/pro/Escritorio/libro/ejercicio-git-libro/README.md] has been ignored because it's not a Kubernetes file.
[Info - 17:55:51.368] .gitignore file was not found for /home/pro/Escritorio/libro/ejercicio-git-libro
[Info - 17:55:51.379] Triggering analysis with configuration: [
  baseDir: /home/pro/Escritorio/libro/ejercicio-git-libro
  extraProperties: {sonar.cfamily.compile-commands=}
  activeRules: [14 kubernetes, 214 python, 425 cpp, 189 c, 23 go, 210 ipython, 90 secrets, 26 docker, 455 java, 46 Web, 15 xml, 314 csharpsquid, 155 php, 7 terraform, 18 azureresourcemanager, 7 cloudformation]
  inputFiles: [
    file:///home/pro/Escritorio/libro/ejercicio-git-libro/README.md (UTF-8)
  ]
]

[Info - 17:55:51.492] Index files
[Info - 17:55:51.502] 1 file indexed
[Info - 17:55:51.926] 0 source files to be analyzed
[Info - 17:55:51.927] 0/0 source files have been analyzed
[Info - 17:55:51.937] 0 source files to be analyzed
[Info - 17:55:51.937] 0/0 source files have been analyzed
[Info - 17:55:51.937] Available processors: 2
[Info - 17:55:51.937] Using 2 threads for analysis.
[Info - 17:55:51.990] The property "sonar.tests" is not set. To improve the analysis accuracy, we categorize a file as a test file if any of the following is true:
  * The filename starts with "test"
  * The filename contains "test." or "tests."
  * Any directory in the file path is named: "doc", "docs", "test" or "tests"
  * Any directory in the file path has a name ending in "test" or "tests"

[Info - 17:55:51.999] Analyzing all except non binary files
[Info - 17:55:52.031] 1 source file to be analyzed
[Info - 17:55:52.148] 1/1 source file has been analyzed
[Info - 17:55:52.152] Analysis detected 0 issues and 0 Security Hotspots in 786ms
[Info - 17:55:52.477] Module file event for MODIFIED for file [uri=file:///home/pro/Escritorio/libro/ejercicio-git-libro/README.md] has been ignored because it's not a Kubernetes file.
[Info - 17:55:52.479] Module file event for MODIFIED for file [uri=file:///home/pro/Escritorio/libro/ejercicio-git-libro/README.md] has been ignored because it's not a Kubernetes file.
[Info - 17:55:52.481] .gitignore file was not found for /home/pro/Escritorio/libro/ejercicio-git-libro
[Info - 17:55:52.483] Triggering analysis with configuration: [
  baseDir: /home/pro/Escritorio/libro/ejercicio-git-libro
  extraProperties: {sonar.cfamily.compile-commands=}
  activeRules: [14 kubernetes, 214 python, 425 cpp, 189 c, 23 go, 210 ipython, 90 secrets, 26 docker, 455 java, 46 Web, 15 xml, 314 csharpsquid, 155 php, 7 terraform, 18 azureresourcemanager, 7 cloudformation]
  inputFiles: [
    file:///home/pro/Escritorio/libro/ejercicio-git-libro/README.md (UTF-8)
  ]
]

[Info - 17:55:52.497] .gitignore file was not found for /home/pro/Escritorio/libro/ejercicio-git-libro
[Info - 17:55:52.497] Triggering analysis with configuration: [
  baseDir: /home/pro/Escritorio/libro/ejercicio-git-libro
  extraProperties: {sonar.cfamily.compile-commands=}
  activeRules: [14 kubernetes, 214 python, 425 cpp, 189 c, 23 go, 210 ipython, 90 secrets, 26 docker, 455 java, 46 Web, 15 xml, 314 csharpsquid, 155 php, 7 terraform, 18 azureresourcemanager, 7 cloudformation]
  inputFiles: [
    file:///home/pro/Escritorio/libro/ejercicio-git-libro/README.md (UTF-8)
  ]
]

[Info - 17:55:52.519] Index files
[Info - 17:55:52.520] 1 file indexed
[Info - 17:55:52.580] 0 source files to be analyzed
[Info - 17:55:52.580] 0/0 source files have been analyzed
[Info - 17:55:52.615] 0 source files to be analyzed
[Info - 17:55:52.615] 0/0 source files have been analyzed
[Info - 17:55:52.619] Available processors: 2
[Info - 17:55:52.619] Using 2 threads for analysis.
[Info - 17:55:52.661] The property "sonar.tests" is not set. To improve the analysis accuracy, we categorize a file as a test file if any of the following is true:
  * The filename starts with "test"
  * The filename contains "test." or "tests."
  * Any directory in the file path is named: "doc", "docs", "test" or "tests"
  * Any directory in the file path has a name ending in "test" or "tests"

[Info - 17:55:52.663] Analyzing all except non binary files
[Info - 17:55:52.666] 1 source file to be analyzed
[Info - 17:55:52.700] 1/1 source file has been analyzed
[Info - 17:55:52.703] Analysis detected 0 issues and 0 Security Hotspots in 224ms
[Info - 17:55:53.021] Index files
[Info - 17:55:53.023] 1 file indexed
[Info - 17:55:53.084] 0 source files to be analyzed
[Info - 17:55:53.084] 0/0 source files have been analyzed
[Info - 17:55:53.090] 0 source files to be analyzed
[Info - 17:55:53.091] 0/0 source files have been analyzed
[Info - 17:55:53.091] Available processors: 2
[Info - 17:55:53.091] Using 2 threads for analysis.
[Info - 17:55:53.127] The property "sonar.tests" is not set. To improve the analysis accuracy, we categorize a file as a test file if any of the following is true:
  * The filename starts with "test"
  * The filename contains "test." or "tests."
  * Any directory in the file path is named: "doc", "docs", "test" or "tests"
  * Any directory in the file path has a name ending in "test" or "tests"

[Info - 17:55:53.139] Analyzing all except non binary files
[Info - 17:55:53.141] 1 source file to be analyzed
[Info - 17:55:53.168] 1/1 source file has been analyzed
[Info - 17:55:53.171] Analysis detected 0 issues and 0 Security Hotspots in 678ms
[Info - 17:55:53.410] Module file event for MODIFIED for file [uri=file:///home/pro/Escritorio/libro/ejercicio-git-libro/README.md] has been ignored because it's not a Kubernetes file.
[Info - 17:55:53.418] .gitignore file was not found for /home/pro/Escritorio/libro/ejercicio-git-libro
[Info - 17:55:53.418] Triggering analysis with configuration: [
  baseDir: /home/pro/Escritorio/libro/ejercicio-git-libro
  extraProperties: {sonar.cfamily.compile-commands=}
  activeRules: [14 kubernetes, 214 python, 425 cpp, 189 c, 23 go, 210 ipython, 90 secrets, 26 docker, 455 java, 46 Web, 15 xml, 314 csharpsquid, 155 php, 7 terraform, 18 azureresourcemanager, 7 cloudformation]
  inputFiles: [
    file:///home/pro/Escritorio/libro/ejercicio-git-libro/README.md (UTF-8)
  ]
]

[Info - 17:55:53.465] Index files
[Info - 17:55:53.466] 1 file indexed
[Info - 17:55:53.527] 0 source files to be analyzed
[Info - 17:55:53.527] 0/0 source files have been analyzed
[Info - 17:55:53.537] 0 source files to be analyzed
[Info - 17:55:53.537] 0/0 source files have been analyzed
[Info - 17:55:53.538] Available processors: 2
[Info - 17:55:53.538] Using 2 threads for analysis.
[Info - 17:55:53.569] The property "sonar.tests" is not set. To improve the analysis accuracy, we categorize a file as a test file if any of the following is true:
  * The filename starts with "test"
  * The filename contains "test." or "tests."
  * Any directory in the file path is named: "doc", "docs", "test" or "tests"
  * Any directory in the file path has a name ending in "test" or "tests"

[Info - 17:55:53.571] Analyzing all except non binary files
[Info - 17:55:53.576] 1 source file to be analyzed
[Info - 17:55:53.597] 1/1 source file has been analyzed
[Info - 17:55:53.599] Analysis detected 0 issues and 0 Security Hotspots in 186ms
[Info - 17:55:53.900] Module file event for MODIFIED for file [uri=file:///home/pro/Escritorio/libro/ejercicio-git-libro/README.md] has been ignored because it's not a Kubernetes file.
[Info - 17:55:53.905] .gitignore file was not found for /home/pro/Escritorio/libro/ejercicio-git-libro
[Info - 17:55:53.907] Triggering analysis with configuration: [
  baseDir: /home/pro/Escritorio/libro/ejercicio-git-libro
  extraProperties: {sonar.cfamily.compile-commands=}
  activeRules: [14 kubernetes, 214 python, 425 cpp, 189 c, 23 go, 210 ipython, 90 secrets, 26 docker, 455 java, 46 Web, 15 xml, 314 csharpsquid, 155 php, 7 terraform, 18 azureresourcemanager, 7 cloudformation]
  inputFiles: [
    file:///home/pro/Escritorio/libro/ejercicio-git-libro/README.md (UTF-8)
  ]
]

[Info - 17:55:54.021] Index files
[Info - 17:55:54.023] 1 file indexed
[Info - 17:55:54.088] 0 source files to be analyzed
[Info - 17:55:54.089] 0/0 source files have been analyzed
[Info - 17:55:54.097] 0 source files to be analyzed
[Info - 17:55:54.099] 0/0 source files have been analyzed
[Info - 17:55:54.099] Available processors: 2
[Info - 17:55:54.100] Using 2 threads for analysis.
[Info - 17:55:54.152] The property "sonar.tests" is not set. To improve the analysis accuracy, we categorize a file as a test file if any of the following is true:
  * The filename starts with "test"
  * The filename contains "test." or "tests."
  * Any directory in the file path is named: "doc", "docs", "test" or "tests"
  * Any directory in the file path has a name ending in "test" or "tests"

[Info - 17:55:54.155] Analyzing all except non binary files
[Info - 17:55:54.158] 1 source file to be analyzed
[Info - 17:55:54.177] 1/1 source file has been analyzed
[Info - 17:55:54.178] Analysis detected 0 issues and 0 Security Hotspots in 278ms
[Info - 17:55:54.428] Module file event for MODIFIED for file [uri=file:///home/pro/Escritorio/libro/ejercicio-git-libro/README.md] has been ignored because it's not a Kubernetes file.
[Info - 17:55:54.433] .gitignore file was not found for /home/pro/Escritorio/libro/ejercicio-git-libro
[Info - 17:55:54.435] Triggering analysis with configuration: [
  baseDir: /home/pro/Escritorio/libro/ejercicio-git-libro
  extraProperties: {sonar.cfamily.compile-commands=}
  activeRules: [14 kubernetes, 214 python, 425 cpp, 189 c, 23 go, 210 ipython, 90 secrets, 26 docker, 455 java, 46 Web, 15 xml, 314 csharpsquid, 155 php, 7 terraform, 18 azureresourcemanager, 7 cloudformation]
  inputFiles: [
    file:///home/pro/Escritorio/libro/ejercicio-git-libro/README.md (UTF-8)
  ]
]

[Info - 17:55:54.463] Index files
[Info - 17:55:54.464] 1 file indexed
[Info - 17:55:54.524] 0 source files to be analyzed
[Info - 17:55:54.524] 0/0 source files have been analyzed
[Info - 17:55:54.535] 0 source files to be analyzed
[Info - 17:55:54.535] 0/0 source files have been analyzed
[Info - 17:55:54.535] Available processors: 2
[Info - 17:55:54.536] Using 2 threads for analysis.
[Info - 17:55:54.567] The property "sonar.tests" is not set. To improve the analysis accuracy, we categorize a file as a test file if any of the following is true:
  * The filename starts with "test"
  * The filename contains "test." or "tests."
  * Any directory in the file path is named: "doc", "docs", "test" or "tests"
  * Any directory in the file path has a name ending in "test" or "tests"

[Info - 17:55:54.568] Analyzing all except non binary files
[Info - 17:55:54.571] 1 source file to be analyzed
[Info - 17:55:54.591] 1/1 source file has been analyzed
[Info - 17:55:54.594] Analysis detected 0 issues and 0 Security Hotspots in 163ms
[Info - 17:55:55.103] Module file event for MODIFIED for file [uri=file:///home/pro/Escritorio/libro/ejercicio-git-libro/README.md] has been ignored because it's not a Kubernetes file.
[Info - 17:55:55.110] .gitignore file was not found for /home/pro/Escritorio/libro/ejercicio-git-libro
[Info - 17:55:55.118] Triggering analysis with configuration: [
  baseDir: /home/pro/Escritorio/libro/ejercicio-git-libro
  extraProperties: {sonar.cfamily.compile-commands=}
  activeRules: [14 kubernetes, 214 python, 425 cpp, 189 c, 23 go, 210 ipython, 90 secrets, 26 docker, 455 java, 46 Web, 15 xml, 314 csharpsquid, 155 php, 7 terraform, 18 azureresourcemanager, 7 cloudformation]
  inputFiles: [
    file:///home/pro/Escritorio/libro/ejercicio-git-libro/README.md (UTF-8)
  ]
]

[Info - 17:55:55.167] Index files
[Info - 17:55:55.195] 1 file indexed
[Info - 17:55:55.327] 0 source files to be analyzed
[Info - 17:55:55.328] 0/0 source files have been analyzed
[Info - 17:55:55.335] 0 source files to be analyzed
[Info - 17:55:55.335] 0/0 source files have been analyzed
[Info - 17:55:55.336] Available processors: 2
[Info - 17:55:55.336] Using 2 threads for analysis.
[Info - 17:55:55.407] The property "sonar.tests" is not set. To improve the analysis accuracy, we categorize a file as a test file if any of the following is true:
  * The filename starts with "test"
  * The filename contains "test." or "tests."
  * Any directory in the file path is named: "doc", "docs", "test" or "tests"
  * Any directory in the file path has a name ending in "test" or "tests"

[Info - 17:55:55.409] Analyzing all except non binary files
[Info - 17:55:55.432] 1 source file to be analyzed
[Info - 17:55:55.478] 1/1 source file has been analyzed
[Info - 17:55:55.481] Analysis detected 0 issues and 0 Security Hotspots in 375ms
[Info - 17:55:55.730] Module file event for MODIFIED for file [uri=file:///home/pro/Escritorio/libro/ejercicio-git-libro/README.md] has been ignored because it's not a Kubernetes file.
[Info - 17:55:55.733] Module file event for MODIFIED for file [uri=file:///home/pro/Escritorio/libro/ejercicio-git-libro/README.md] has been ignored because it's not a Kubernetes file.
[Info - 17:55:55.735] .gitignore file was not found for /home/pro/Escritorio/libro/ejercicio-git-libro
[Info - 17:55:55.737] Triggering analysis with configuration: [
  baseDir: /home/pro/Escritorio/libro/ejercicio-git-libro
  extraProperties: {sonar.cfamily.compile-commands=}
  activeRules: [14 kubernetes, 214 python, 425 cpp, 189 c, 23 go, 210 ipython, 90 secrets, 26 docker, 455 java, 46 Web, 15 xml, 314 csharpsquid, 155 php, 7 terraform, 18 azureresourcemanager, 7 cloudformation]
  inputFiles: [
    file:///home/pro/Escritorio/libro/ejercicio-git-libro/README.md (UTF-8)
  ]
]

[Info - 17:55:55.757] .gitignore file was not found for /home/pro/Escritorio/libro/ejercicio-git-libro
[Info - 17:55:55.768] Triggering analysis with configuration: [
  baseDir: /home/pro/Escritorio/libro/ejercicio-git-libro
  extraProperties: {sonar.cfamily.compile-commands=}
  activeRules: [14 kubernetes, 214 python, 425 cpp, 189 c, 23 go, 210 ipython, 90 secrets, 26 docker, 455 java, 46 Web, 15 xml, 314 csharpsquid, 155 php, 7 terraform, 18 azureresourcemanager, 7 cloudformation]
  inputFiles: [
    file:///home/pro/Escritorio/libro/ejercicio-git-libro/README.md (UTF-8)
  ]
]

[Info - 17:55:55.775] Index files
[Info - 17:55:55.782] 1 file indexed
[Info - 17:55:55.877] 0 source files to be analyzed
[Info - 17:55:55.877] 0/0 source files have been analyzed
[Info - 17:55:55.882] 0 source files to be analyzed
[Info - 17:55:55.882] 0/0 source files have been analyzed
[Info - 17:55:55.883] Available processors: 2
[Info - 17:55:55.883] Using 2 threads for analysis.
[Info - 17:55:55.926] The property "sonar.tests" is not set. To improve the analysis accuracy, we categorize a file as a test file if any of the following is true:
  * The filename starts with "test"
  * The filename contains "test." or "tests."
  * Any directory in the file path is named: "doc", "docs", "test" or "tests"
  * Any directory in the file path has a name ending in "test" or "tests"

[Info - 17:55:55.929] Analyzing all except non binary files
[Info - 17:55:55.931] 1 source file to be analyzed
[Info - 17:55:55.947] 1/1 source file has been analyzed
[Info - 17:55:55.949] Analysis detected 0 issues and 0 Security Hotspots in 217ms
[Info - 17:55:56.229] Index files
[Info - 17:55:56.230] 1 file indexed
[Info - 17:55:56.282] 0 source files to be analyzed
[Info - 17:55:56.282] 0/0 source files have been analyzed
[Info - 17:55:56.286] 0 source files to be analyzed
[Info - 17:55:56.287] 0/0 source files have been analyzed
[Info - 17:55:56.290] Available processors: 2
[Info - 17:55:56.290] Using 2 threads for analysis.
[Info - 17:55:56.311] The property "sonar.tests" is not set. To improve the analysis accuracy, we categorize a file as a test file if any of the following is true:
  * The filename starts with "test"
  * The filename contains "test." or "tests."
  * Any directory in the file path is named: "doc", "docs", "test" or "tests"
  * Any directory in the file path has a name ending in "test" or "tests"

[Info - 17:55:56.313] Analyzing all except non binary files
[Info - 17:55:56.315] 1 source file to be analyzed
[Info - 17:55:56.329] 1/1 source file has been analyzed
[Info - 17:55:56.332] Analysis detected 0 issues and 0 Security Hotspots in 578ms
[Info - 17:57:22.685] Module file event for MODIFIED for file [uri=file:///home/pro/Escritorio/libro/ejercicio-git-libro/bibliografia.txt] has been ignored because it's not a Kubernetes file.
[Info - 17:57:22.701] .gitignore file was not found for /home/pro/Escritorio/libro/ejercicio-git-libro
[Info - 17:57:22.706] Triggering analysis with configuration: [
  baseDir: /home/pro/Escritorio/libro/ejercicio-git-libro
  extraProperties: {sonar.cfamily.compile-commands=}
  activeRules: [14 kubernetes, 214 python, 425 cpp, 189 c, 23 go, 210 ipython, 90 secrets, 26 docker, 455 java, 46 Web, 15 xml, 314 csharpsquid, 155 php, 7 terraform, 18 azureresourcemanager, 7 cloudformation]
  inputFiles: [
    file:///home/pro/Escritorio/libro/ejercicio-git-libro/bibliografia.txt (UTF-8)
  ]
]

[Info - 17:57:22.777] Index files
[Info - 17:57:22.789] 1 file indexed
[Info - 17:57:22.938] 0 source files to be analyzed
[Info - 17:57:22.938] 0/0 source files have been analyzed
[Info - 17:57:22.951] 0 source files to be analyzed
[Info - 17:57:22.951] 0/0 source files have been analyzed
[Info - 17:57:22.952] Available processors: 2
[Info - 17:57:22.954] Using 2 threads for analysis.
[Info - 17:57:23.019] The property "sonar.tests" is not set. To improve the analysis accuracy, we categorize a file as a test file if any of the following is true:
  * The filename starts with "test"
  * The filename contains "test." or "tests."
  * Any directory in the file path is named: "doc", "docs", "test" or "tests"
  * Any directory in the file path has a name ending in "test" or "tests"

[Info - 17:57:23.024] Analyzing all except non binary files
[Info - 17:57:23.029] 1 source file to be analyzed
[Info - 17:57:23.037] 1/1 source file has been analyzed
[Info - 17:57:23.039] Analysis detected 0 issues and 0 Security Hotspots in 352ms
[Info - 17:57:48.284] Module file event for MODIFIED for file [uri=file:///home/pro/Escritorio/libro/ejercicio-git-libro/bibliografia.txt] has been ignored because it's not a Kubernetes file.
[Info - 17:57:48.291] .gitignore file was not found for /home/pro/Escritorio/libro/ejercicio-git-libro
[Info - 17:57:48.295] Triggering analysis with configuration: [
  baseDir: /home/pro/Escritorio/libro/ejercicio-git-libro
  extraProperties: {sonar.cfamily.compile-commands=}
  activeRules: [14 kubernetes, 214 python, 425 cpp, 189 c, 23 go, 210 ipython, 90 secrets, 26 docker, 455 java, 46 Web, 15 xml, 314 csharpsquid, 155 php, 7 terraform, 18 azureresourcemanager, 7 cloudformation]
  inputFiles: [
    file:///home/pro/Escritorio/libro/ejercicio-git-libro/bibliografia.txt (UTF-8)
  ]
]

[Info - 17:57:48.384] Index files
[Info - 17:57:48.389] 1 file indexed
[Info - 17:57:48.481] 0 source files to be analyzed
[Info - 17:57:48.481] 0/0 source files have been analyzed
[Info - 17:57:48.495] 0 source files to be analyzed
[Info - 17:57:48.501] 0/0 source files have been analyzed
[Info - 17:57:48.501] Available processors: 2
[Info - 17:57:48.502] Using 2 threads for analysis.
[Info - 17:57:48.541] The property "sonar.tests" is not set. To improve the analysis accuracy, we categorize a file as a test file if any of the following is true:
  * The filename starts with "test"
  * The filename contains "test." or "tests."
  * Any directory in the file path is named: "doc", "docs", "test" or "tests"
  * Any directory in the file path has a name ending in "test" or "tests"

[Info - 17:57:48.543] Analyzing all except non binary files
[Info - 17:57:48.547] 1 source file to be analyzed
[Info - 17:57:48.559] 1/1 source file has been analyzed
[Info - 17:57:48.561] Analysis detected 0 issues and 0 Security Hotspots in 274ms
[Info - 17:57:49.355] Module file event for MODIFIED for file [uri=file:///home/pro/Escritorio/libro/ejercicio-git-libro/bibliografia.txt] has been ignored because it's not a Kubernetes file.
[Info - 17:57:49.360] .gitignore file was not found for /home/pro/Escritorio/libro/ejercicio-git-libro
[Info - 17:57:49.365] Triggering analysis with configuration: [
  baseDir: /home/pro/Escritorio/libro/ejercicio-git-libro
  extraProperties: {sonar.cfamily.compile-commands=}
  activeRules: [14 kubernetes, 214 python, 425 cpp, 189 c, 23 go, 210 ipython, 90 secrets, 26 docker, 455 java, 46 Web, 15 xml, 314 csharpsquid, 155 php, 7 terraform, 18 azureresourcemanager, 7 cloudformation]
  inputFiles: [
    file:///home/pro/Escritorio/libro/ejercicio-git-libro/bibliografia.txt (UTF-8)
  ]
]

[Info - 17:57:49.405] Index files
[Info - 17:57:49.406] 1 file indexed
[Info - 17:57:49.499] 0 source files to be analyzed
[Info - 17:57:49.499] 0/0 source files have been analyzed
[Info - 17:57:49.507] 0 source files to be analyzed
[Info - 17:57:49.507] 0/0 source files have been analyzed
[Info - 17:57:49.511] Available processors: 2
[Info - 17:57:49.511] Using 2 threads for analysis.
[Info - 17:57:49.531] The property "sonar.tests" is not set. To improve the analysis accuracy, we categorize a file as a test file if any of the following is true:
  * The filename starts with "test"
  * The filename contains "test." or "tests."
  * Any directory in the file path is named: "doc", "docs", "test" or "tests"
  * Any directory in the file path has a name ending in "test" or "tests"

[Info - 17:57:49.533] Analyzing all except non binary files
[Info - 17:57:49.539] 1 source file to be analyzed
[Info - 17:57:49.545] 1/1 source file has been analyzed
[Info - 17:57:49.547] Analysis detected 0 issues and 0 Security Hotspots in 189ms
[Info - 17:57:49.793] Module file event for MODIFIED for file [uri=file:///home/pro/Escritorio/libro/ejercicio-git-libro/bibliografia.txt] has been ignored because it's not a Kubernetes file.
[Info - 17:57:49.803] .gitignore file was not found for /home/pro/Escritorio/libro/ejercicio-git-libro
[Info - 17:57:49.813] Triggering analysis with configuration: [
  baseDir: /home/pro/Escritorio/libro/ejercicio-git-libro
  extraProperties: {sonar.cfamily.compile-commands=}
  activeRules: [14 kubernetes, 214 python, 425 cpp, 189 c, 23 go, 210 ipython, 90 secrets, 26 docker, 455 java, 46 Web, 15 xml, 314 csharpsquid, 155 php, 7 terraform, 18 azureresourcemanager, 7 cloudformation]
  inputFiles: [
    file:///home/pro/Escritorio/libro/ejercicio-git-libro/bibliografia.txt (UTF-8)
  ]
]

[Info - 17:57:49.924] Index files
[Info - 17:57:49.947] 1 file indexed
[Info - 17:57:50.075] 0 source files to be analyzed
[Info - 17:57:50.076] 0/0 source files have been analyzed
[Info - 17:57:50.085] 0 source files to be analyzed
[Info - 17:57:50.086] 0/0 source files have been analyzed
[Info - 17:57:50.086] Available processors: 2
[Info - 17:57:50.086] Using 2 threads for analysis.
[Info - 17:57:50.119] The property "sonar.tests" is not set. To improve the analysis accuracy, we categorize a file as a test file if any of the following is true:
  * The filename starts with "test"
  * The filename contains "test." or "tests."
  * Any directory in the file path is named: "doc", "docs", "test" or "tests"
  * Any directory in the file path has a name ending in "test" or "tests"

[Info - 17:57:50.121] Analyzing all except non binary files
[Info - 17:57:50.130] 1 source file to be analyzed
[Info - 17:57:50.139] 1/1 source file has been analyzed
[Info - 17:57:50.141] Analysis detected 0 issues and 0 Security Hotspots in 346ms
[Info - 17:57:50.402] Module file event for MODIFIED for file [uri=file:///home/pro/Escritorio/libro/ejercicio-git-libro/bibliografia.txt] has been ignored because it's not a Kubernetes file.
[Info - 17:57:50.412] .gitignore file was not found for /home/pro/Escritorio/libro/ejercicio-git-libro
[Info - 17:57:50.421] Triggering analysis with configuration: [
  baseDir: /home/pro/Escritorio/libro/ejercicio-git-libro
  extraProperties: {sonar.cfamily.compile-commands=}
  activeRules: [14 kubernetes, 214 python, 425 cpp, 189 c, 23 go, 210 ipython, 90 secrets, 26 docker, 455 java, 46 Web, 15 xml, 314 csharpsquid, 155 php, 7 terraform, 18 azureresourcemanager, 7 cloudformation]
  inputFiles: [
    file:///home/pro/Escritorio/libro/ejercicio-git-libro/bibliografia.txt (UTF-8)
  ]
]

[Info - 17:57:50.466] Index files
[Info - 17:57:50.466] 1 file indexed
[Info - 17:57:50.563] 0 source files to be analyzed
[Info - 17:57:50.563] 0/0 source files have been analyzed
[Info - 17:57:50.587] 0 source files to be analyzed
[Info - 17:57:50.587] 0/0 source files have been analyzed
[Info - 17:57:50.588] Available processors: 2
[Info - 17:57:50.588] Using 2 threads for analysis.
[Info - 17:57:50.635] The property "sonar.tests" is not set. To improve the analysis accuracy, we categorize a file as a test file if any of the following is true:
  * The filename starts with "test"
  * The filename contains "test." or "tests."
  * Any directory in the file path is named: "doc", "docs", "test" or "tests"
  * Any directory in the file path has a name ending in "test" or "tests"

[Info - 17:57:50.636] Analyzing all except non binary files
[Info - 17:57:50.637] 1 source file to be analyzed
[Info - 17:57:50.654] 1/1 source file has been analyzed
[Info - 17:57:50.659] Analysis detected 0 issues and 0 Security Hotspots in 254ms
[Info - 17:57:50.911] Module file event for MODIFIED for file [uri=file:///home/pro/Escritorio/libro/ejercicio-git-libro/bibliografia.txt] has been ignored because it's not a Kubernetes file.
[Info - 17:57:50.917] .gitignore file was not found for /home/pro/Escritorio/libro/ejercicio-git-libro
[Info - 17:57:50.917] Triggering analysis with configuration: [
  baseDir: /home/pro/Escritorio/libro/ejercicio-git-libro
  extraProperties: {sonar.cfamily.compile-commands=}
  activeRules: [14 kubernetes, 214 python, 425 cpp, 189 c, 23 go, 210 ipython, 90 secrets, 26 docker, 455 java, 46 Web, 15 xml, 314 csharpsquid, 155 php, 7 terraform, 18 azureresourcemanager, 7 cloudformation]
  inputFiles: [
    file:///home/pro/Escritorio/libro/ejercicio-git-libro/bibliografia.txt (UTF-8)
  ]
]

[Info - 17:57:50.944] Index files
[Info - 17:57:50.944] 1 file indexed
[Info - 17:57:51.021] 0 source files to be analyzed
[Info - 17:57:51.021] 0/0 source files have been analyzed
[Info - 17:57:51.025] 0 source files to be analyzed
[Info - 17:57:51.025] 0/0 source files have been analyzed
[Info - 17:57:51.025] Available processors: 2
[Info - 17:57:51.025] Using 2 threads for analysis.
[Info - 17:57:51.055] The property "sonar.tests" is not set. To improve the analysis accuracy, we categorize a file as a test file if any of the following is true:
  * The filename starts with "test"
  * The filename contains "test." or "tests."
  * Any directory in the file path is named: "doc", "docs", "test" or "tests"
  * Any directory in the file path has a name ending in "test" or "tests"

[Info - 17:57:51.057] Analyzing all except non binary files
[Info - 17:57:51.063] 1 source file to be analyzed
[Info - 17:57:51.085] 1/1 source file has been analyzed
[Info - 17:57:51.087] Analysis detected 0 issues and 0 Security Hotspots in 175ms
[Info - 17:57:51.902] Module file event for MODIFIED for file [uri=file:///home/pro/Escritorio/libro/ejercicio-git-libro/bibliografia.txt] has been ignored because it's not a Kubernetes file.
[Info - 17:57:51.916] .gitignore file was not found for /home/pro/Escritorio/libro/ejercicio-git-libro
[Info - 17:57:51.918] Triggering analysis with configuration: [
  baseDir: /home/pro/Escritorio/libro/ejercicio-git-libro
  extraProperties: {sonar.cfamily.compile-commands=}
  activeRules: [14 kubernetes, 214 python, 425 cpp, 189 c, 23 go, 210 ipython, 90 secrets, 26 docker, 455 java, 46 Web, 15 xml, 314 csharpsquid, 155 php, 7 terraform, 18 azureresourcemanager, 7 cloudformation]
  inputFiles: [
    file:///home/pro/Escritorio/libro/ejercicio-git-libro/bibliografia.txt (UTF-8)
  ]
]

[Info - 17:57:51.955] Index files
[Info - 17:57:51.958] 1 file indexed
[Info - 17:57:52.023] 0 source files to be analyzed
[Info - 17:57:52.023] 0/0 source files have been analyzed
[Info - 17:57:52.023] 0 source files to be analyzed
[Info - 17:57:52.023] 0/0 source files have been analyzed
[Info - 17:57:52.027] Available processors: 2
[Info - 17:57:52.027] Using 2 threads for analysis.
[Info - 17:57:52.068] The property "sonar.tests" is not set. To improve the analysis accuracy, we categorize a file as a test file if any of the following is true:
  * The filename starts with "test"
  * The filename contains "test." or "tests."
  * Any directory in the file path is named: "doc", "docs", "test" or "tests"
  * Any directory in the file path has a name ending in "test" or "tests"

[Info - 17:57:52.071] Analyzing all except non binary files
[Info - 17:57:52.086] 1 source file to be analyzed
[Info - 17:57:52.089] 1/1 source file has been analyzed
[Info - 17:57:52.092] Analysis detected 0 issues and 0 Security Hotspots in 186ms
[Info - 17:57:55.577] Module file event for MODIFIED for file [uri=file:///home/pro/Escritorio/libro/ejercicio-git-libro/bibliografia.txt] has been ignored because it's not a Kubernetes file.
[Info - 17:57:55.588] .gitignore file was not found for /home/pro/Escritorio/libro/ejercicio-git-libro
[Info - 17:57:55.590] Triggering analysis with configuration: [
  baseDir: /home/pro/Escritorio/libro/ejercicio-git-libro
  extraProperties: {sonar.cfamily.compile-commands=}
  activeRules: [14 kubernetes, 214 python, 425 cpp, 189 c, 23 go, 210 ipython, 90 secrets, 26 docker, 455 java, 46 Web, 15 xml, 314 csharpsquid, 155 php, 7 terraform, 18 azureresourcemanager, 7 cloudformation]
  inputFiles: [
    file:///home/pro/Escritorio/libro/ejercicio-git-libro/bibliografia.txt (UTF-8)
  ]
]

[Info - 17:57:55.620] Index files
[Info - 17:57:55.621] 1 file indexed
[Info - 17:57:55.706] 0 source files to be analyzed
[Info - 17:57:55.706] 0/0 source files have been analyzed
[Info - 17:57:55.711] 0 source files to be analyzed
[Info - 17:57:55.711] 0/0 source files have been analyzed
[Info - 17:57:55.711] Available processors: 2
[Info - 17:57:55.711] Using 2 threads for analysis.
[Info - 17:57:55.745] The property "sonar.tests" is not set. To improve the analysis accuracy, we categorize a file as a test file if any of the following is true:
  * The filename starts with "test"
  * The filename contains "test." or "tests."
  * Any directory in the file path is named: "doc", "docs", "test" or "tests"
  * Any directory in the file path has a name ending in "test" or "tests"

[Info - 17:57:55.747] Analyzing all except non binary files
[Info - 17:57:55.751] 1 source file to be analyzed
[Info - 17:57:55.767] 1/1 source file has been analyzed
[Info - 17:57:55.767] Analysis detected 0 issues and 0 Security Hotspots in 190ms
[Info - 17:57:56.643] Module file event for MODIFIED for file [uri=file:///home/pro/Escritorio/libro/ejercicio-git-libro/bibliografia.txt] has been ignored because it's not a Kubernetes file.
[Info - 17:57:56.646] .gitignore file was not found for /home/pro/Escritorio/libro/ejercicio-git-libro
[Info - 17:57:56.648] Triggering analysis with configuration: [
  baseDir: /home/pro/Escritorio/libro/ejercicio-git-libro
  extraProperties: {sonar.cfamily.compile-commands=}
  activeRules: [14 kubernetes, 214 python, 425 cpp, 189 c, 23 go, 210 ipython, 90 secrets, 26 docker, 455 java, 46 Web, 15 xml, 314 csharpsquid, 155 php, 7 terraform, 18 azureresourcemanager, 7 cloudformation]
  inputFiles: [
    file:///home/pro/Escritorio/libro/ejercicio-git-libro/bibliografia.txt (UTF-8)
  ]
]

[Info - 17:57:56.676] Index files
[Info - 17:57:56.676] 1 file indexed
[Info - 17:57:56.785] 0 source files to be analyzed
[Info - 17:57:56.785] 0/0 source files have been analyzed
[Info - 17:57:56.796] 0 source files to be analyzed
[Info - 17:57:56.797] 0/0 source files have been analyzed
[Info - 17:57:56.797] Available processors: 2
[Info - 17:57:56.797] Using 2 threads for analysis.
[Info - 17:57:56.827] The property "sonar.tests" is not set. To improve the analysis accuracy, we categorize a file as a test file if any of the following is true:
  * The filename starts with "test"
  * The filename contains "test." or "tests."
  * Any directory in the file path is named: "doc", "docs", "test" or "tests"
  * Any directory in the file path has a name ending in "test" or "tests"

[Info - 17:57:56.829] Analyzing all except non binary files
[Info - 17:57:56.830] 1 source file to be analyzed
[Info - 17:57:56.847] 1/1 source file has been analyzed
[Info - 17:57:56.849] Analysis detected 0 issues and 0 Security Hotspots in 205ms
[Info - 17:58:01.692] Module file event for MODIFIED for file [uri=file:///home/pro/Escritorio/libro/ejercicio-git-libro/bibliografia.txt] has been ignored because it's not a Kubernetes file.
[Info - 17:58:01.697] .gitignore file was not found for /home/pro/Escritorio/libro/ejercicio-git-libro
[Info - 17:58:01.698] Triggering analysis with configuration: [
  baseDir: /home/pro/Escritorio/libro/ejercicio-git-libro
  extraProperties: {sonar.cfamily.compile-commands=}
  activeRules: [14 kubernetes, 214 python, 425 cpp, 189 c, 23 go, 210 ipython, 90 secrets, 26 docker, 455 java, 46 Web, 15 xml, 314 csharpsquid, 155 php, 7 terraform, 18 azureresourcemanager, 7 cloudformation]
  inputFiles: [
    file:///home/pro/Escritorio/libro/ejercicio-git-libro/bibliografia.txt (UTF-8)
  ]
]

[Info - 17:58:01.742] Index files
[Info - 17:58:01.743] 1 file indexed
[Info - 17:58:01.908] 0 source files to be analyzed
[Info - 17:58:01.908] 0/0 source files have been analyzed
[Info - 17:58:01.925] 0 source files to be analyzed
[Info - 17:58:01.925] 0/0 source files have been analyzed
[Info - 17:58:01.925] Available processors: 2
[Info - 17:58:01.925] Using 2 threads for analysis.
[Info - 17:58:02.001] The property "sonar.tests" is not set. To improve the analysis accuracy, we categorize a file as a test file if any of the following is true:
  * The filename starts with "test"
  * The filename contains "test." or "tests."
  * Any directory in the file path is named: "doc", "docs", "test" or "tests"
  * Any directory in the file path has a name ending in "test" or "tests"

[Info - 17:58:02.008] Analyzing all except non binary files
[Info - 17:58:02.027] 1 source file to be analyzed
[Info - 17:58:02.036] 1/1 source file has been analyzed
[Info - 17:58:02.038] Analysis detected 0 issues and 0 Security Hotspots in 343ms
[Info - 17:58:03.494] Module file event for MODIFIED for file [uri=file:///home/pro/Escritorio/libro/ejercicio-git-libro/bibliografia.txt] has been ignored because it's not a Kubernetes file.
[Info - 17:58:03.504] .gitignore file was not found for /home/pro/Escritorio/libro/ejercicio-git-libro
[Info - 17:58:03.509] Triggering analysis with configuration: [
  baseDir: /home/pro/Escritorio/libro/ejercicio-git-libro
  extraProperties: {sonar.cfamily.compile-commands=}
  activeRules: [14 kubernetes, 214 python, 425 cpp, 189 c, 23 go, 210 ipython, 90 secrets, 26 docker, 455 java, 46 Web, 15 xml, 314 csharpsquid, 155 php, 7 terraform, 18 azureresourcemanager, 7 cloudformation]
  inputFiles: [
    file:///home/pro/Escritorio/libro/ejercicio-git-libro/bibliografia.txt (UTF-8)
  ]
]

[Info - 17:58:03.540] Index files
[Info - 17:58:03.541] 1 file indexed
[Info - 17:58:03.620] 0 source files to be analyzed
[Info - 17:58:03.620] 0/0 source files have been analyzed
[Info - 17:58:03.627] 0 source files to be analyzed
[Info - 17:58:03.627] 0/0 source files have been analyzed
[Info - 17:58:03.631] Available processors: 2
[Info - 17:58:03.631] Using 2 threads for analysis.
[Info - 17:58:03.659] The property "sonar.tests" is not set. To improve the analysis accuracy, we categorize a file as a test file if any of the following is true:
  * The filename starts with "test"
  * The filename contains "test." or "tests."
  * Any directory in the file path is named: "doc", "docs", "test" or "tests"
  * Any directory in the file path has a name ending in "test" or "tests"

[Info - 17:58:03.660] Analyzing all except non binary files
[Info - 17:58:03.661] 1 source file to be analyzed
[Info - 17:58:03.669] 1/1 source file has been analyzed
[Info - 17:58:03.671] Analysis detected 0 issues and 0 Security Hotspots in 173ms
[Info - 17:58:17.871] Module file event for MODIFIED for file [uri=file:///home/pro/Escritorio/libro/ejercicio-git-libro/bibliografia.txt] has been ignored because it's not a Kubernetes file.
[Info - 17:58:17.877] .gitignore file was not found for /home/pro/Escritorio/libro/ejercicio-git-libro
[Info - 17:58:17.879] Triggering analysis with configuration: [
  baseDir: /home/pro/Escritorio/libro/ejercicio-git-libro
  extraProperties: {sonar.cfamily.compile-commands=}
  activeRules: [14 kubernetes, 214 python, 425 cpp, 189 c, 23 go, 210 ipython, 90 secrets, 26 docker, 455 java, 46 Web, 15 xml, 314 csharpsquid, 155 php, 7 terraform, 18 azureresourcemanager, 7 cloudformation]
  inputFiles: [
    file:///home/pro/Escritorio/libro/ejercicio-git-libro/bibliografia.txt (UTF-8)
  ]
]

[Info - 17:58:17.916] Index files
[Info - 17:58:17.925] 1 file indexed
[Info - 17:58:18.074] 0 source files to be analyzed
[Info - 17:58:18.074] 0/0 source files have been analyzed
[Info - 17:58:18.079] 0 source files to be analyzed
[Info - 17:58:18.079] 0/0 source files have been analyzed
[Info - 17:58:18.080] Available processors: 2
[Info - 17:58:18.080] Using 2 threads for analysis.
[Info - 17:58:18.104] The property "sonar.tests" is not set. To improve the analysis accuracy, we categorize a file as a test file if any of the following is true:
  * The filename starts with "test"
  * The filename contains "test." or "tests."
  * Any directory in the file path is named: "doc", "docs", "test" or "tests"
  * Any directory in the file path has a name ending in "test" or "tests"

[Info - 17:58:18.106] Analyzing all except non binary files
[Info - 17:58:18.108] 1 source file to be analyzed
[Info - 17:58:18.128] 1/1 source file has been analyzed
[Info - 17:58:18.129] Analysis detected 0 issues and 0 Security Hotspots in 254ms
[Info - 17:58:26.071] Module file event for MODIFIED for file [uri=file:///home/pro/Escritorio/libro/ejercicio-git-libro/README.md] has been ignored because it's not a Kubernetes file.
[Info - 17:58:26.076] .gitignore file was not found for /home/pro/Escritorio/libro/ejercicio-git-libro
[Info - 17:58:26.078] Triggering analysis with configuration: [
  baseDir: /home/pro/Escritorio/libro/ejercicio-git-libro
  extraProperties: {sonar.cfamily.compile-commands=}
  activeRules: [14 kubernetes, 214 python, 425 cpp, 189 c, 23 go, 210 ipython, 90 secrets, 26 docker, 455 java, 46 Web, 15 xml, 314 csharpsquid, 155 php, 7 terraform, 18 azureresourcemanager, 7 cloudformation]
  inputFiles: [
    file:///home/pro/Escritorio/libro/ejercicio-git-libro/README.md (UTF-8)
  ]
]

[Info - 17:58:26.150] Index files
[Info - 17:58:26.150] 1 file indexed
[Info - 17:58:26.251] 0 source files to be analyzed
[Info - 17:58:26.251] 0/0 source files have been analyzed
[Info - 17:58:26.255] 0 source files to be analyzed
[Info - 17:58:26.255] 0/0 source files have been analyzed
[Info - 17:58:26.255] Available processors: 2
[Info - 17:58:26.255] Using 2 threads for analysis.
[Info - 17:58:26.290] The property "sonar.tests" is not set. To improve the analysis accuracy, we categorize a file as a test file if any of the following is true:
  * The filename starts with "test"
  * The filename contains "test." or "tests."
  * Any directory in the file path is named: "doc", "docs", "test" or "tests"
  * Any directory in the file path has a name ending in "test" or "tests"

[Info - 17:58:26.291] Analyzing all except non binary files
[Info - 17:58:26.294] 1 source file to be analyzed
[Info - 17:58:26.306] 1/1 source file has been analyzed
[Info - 17:58:26.307] Analysis detected 0 issues and 0 Security Hotspots in 236ms
[Info - 17:58:27.722] Module file event for MODIFIED for file [uri=file:///home/pro/Escritorio/libro/ejercicio-git-libro/README.md] has been ignored because it's not a Kubernetes file.
[Info - 17:58:27.729] .gitignore file was not found for /home/pro/Escritorio/libro/ejercicio-git-libro
[Info - 17:58:27.731] Triggering analysis with configuration: [
  baseDir: /home/pro/Escritorio/libro/ejercicio-git-libro
  extraProperties: {sonar.cfamily.compile-commands=}
  activeRules: [14 kubernetes, 214 python, 425 cpp, 189 c, 23 go, 210 ipython, 90 secrets, 26 docker, 455 java, 46 Web, 15 xml, 314 csharpsquid, 155 php, 7 terraform, 18 azureresourcemanager, 7 cloudformation]
  inputFiles: [
    file:///home/pro/Escritorio/libro/ejercicio-git-libro/README.md (UTF-8)
  ]
]

[Info - 17:58:27.791] Index files
[Info - 17:58:27.808] 1 file indexed
[Info - 17:58:27.917] 0 source files to be analyzed
[Info - 17:58:27.917] 0/0 source files have been analyzed
[Info - 17:58:27.923] 0 source files to be analyzed
[Info - 17:58:27.923] 0/0 source files have been analyzed
[Info - 17:58:27.924] Available processors: 2
[Info - 17:58:27.925] Using 2 threads for analysis.
[Info - 17:58:27.950] The property "sonar.tests" is not set. To improve the analysis accuracy, we categorize a file as a test file if any of the following is true:
  * The filename starts with "test"
  * The filename contains "test." or "tests."
  * Any directory in the file path is named: "doc", "docs", "test" or "tests"
  * Any directory in the file path has a name ending in "test" or "tests"

[Info - 17:58:27.954] Analyzing all except non binary files
[Info - 17:58:27.959] 1 source file to be analyzed
[Info - 17:58:28.008] 1/1 source file has been analyzed
[Info - 17:58:28.009] Analysis detected 0 issues and 0 Security Hotspots in 283ms
[Info - 17:58:29.574] Module file event for MODIFIED for file [uri=file:///home/pro/Escritorio/libro/ejercicio-git-libro/README.md] has been ignored because it's not a Kubernetes file.
[Info - 17:58:29.578] .gitignore file was not found for /home/pro/Escritorio/libro/ejercicio-git-libro
[Info - 17:58:29.584] Triggering analysis with configuration: [
  baseDir: /home/pro/Escritorio/libro/ejercicio-git-libro
  extraProperties: {sonar.cfamily.compile-commands=}
  activeRules: [14 kubernetes, 214 python, 425 cpp, 189 c, 23 go, 210 ipython, 90 secrets, 26 docker, 455 java, 46 Web, 15 xml, 314 csharpsquid, 155 php, 7 terraform, 18 azureresourcemanager, 7 cloudformation]
  inputFiles: [
    file:///home/pro/Escritorio/libro/ejercicio-git-libro/README.md (UTF-8)
  ]
]

[Info - 17:58:29.633] Index files
[Info - 17:58:29.653] 1 file indexed
[Info - 17:58:29.780] 0 source files to be analyzed
[Info - 17:58:29.780] 0/0 source files have been analyzed
[Info - 17:58:29.787] 0 source files to be analyzed
[Info - 17:58:29.787] 0/0 source files have been analyzed
[Info - 17:58:29.787] Available processors: 2
[Info - 17:58:29.788] Using 2 threads for analysis.
[Info - 17:58:29.828] The property "sonar.tests" is not set. To improve the analysis accuracy, we categorize a file as a test file if any of the following is true:
  * The filename starts with "test"
  * The filename contains "test." or "tests."
  * Any directory in the file path is named: "doc", "docs", "test" or "tests"
  * Any directory in the file path has a name ending in "test" or "tests"

[Info - 17:58:29.830] Analyzing all except non binary files
[Info - 17:58:29.837] 1 source file to be analyzed
[Info - 17:58:29.850] 1/1 source file has been analyzed
[Info - 17:58:29.852] Analysis detected 0 issues and 0 Security Hotspots in 276ms
[Info - 17:58:30.144] Module file event for MODIFIED for file [uri=file:///home/pro/Escritorio/libro/ejercicio-git-libro/README.md] has been ignored because it's not a Kubernetes file.
[Info - 17:58:30.147] .gitignore file was not found for /home/pro/Escritorio/libro/ejercicio-git-libro
[Info - 17:58:30.149] Triggering analysis with configuration: [
  baseDir: /home/pro/Escritorio/libro/ejercicio-git-libro
  extraProperties: {sonar.cfamily.compile-commands=}
  activeRules: [14 kubernetes, 214 python, 425 cpp, 189 c, 23 go, 210 ipython, 90 secrets, 26 docker, 455 java, 46 Web, 15 xml, 314 csharpsquid, 155 php, 7 terraform, 18 azureresourcemanager, 7 cloudformation]
  inputFiles: [
    file:///home/pro/Escritorio/libro/ejercicio-git-libro/README.md (UTF-8)
  ]
]

[Info - 17:58:30.172] Index files
[Info - 17:58:30.172] 1 file indexed
[Info - 17:58:30.222] 0 source files to be analyzed
[Info - 17:58:30.223] 0/0 source files have been analyzed
[Info - 17:58:30.227] 0 source files to be analyzed
[Info - 17:58:30.227] 0/0 source files have been analyzed
[Info - 17:58:30.231] Available processors: 2
[Info - 17:58:30.231] Using 2 threads for analysis.
[Info - 17:58:30.252] The property "sonar.tests" is not set. To improve the analysis accuracy, we categorize a file as a test file if any of the following is true:
  * The filename starts with "test"
  * The filename contains "test." or "tests."
  * Any directory in the file path is named: "doc", "docs", "test" or "tests"
  * Any directory in the file path has a name ending in "test" or "tests"

[Info - 17:58:30.254] Analyzing all except non binary files
[Info - 17:58:30.257] 1 source file to be analyzed
[Info - 17:58:30.274] 1/1 source file has been analyzed
[Info - 17:58:30.277] Analysis detected 0 issues and 0 Security Hotspots in 130ms
[Info - 18:00:26.462] Module file event for MODIFIED for file [uri=file:///home/pro/Escritorio/libro/ejercicio-git-libro/README.md] has been ignored because it's not a Kubernetes file.
[Info - 18:00:26.468] .gitignore file was not found for /home/pro/Escritorio/libro/ejercicio-git-libro
[Info - 18:00:26.470] Triggering analysis with configuration: [
  baseDir: /home/pro/Escritorio/libro/ejercicio-git-libro
  extraProperties: {sonar.cfamily.compile-commands=}
  activeRules: [14 kubernetes, 214 python, 425 cpp, 189 c, 23 go, 210 ipython, 90 secrets, 26 docker, 455 java, 46 Web, 15 xml, 314 csharpsquid, 155 php, 7 terraform, 18 azureresourcemanager, 7 cloudformation]
  inputFiles: [
    file:///home/pro/Escritorio/libro/ejercicio-git-libro/README.md (UTF-8)
  ]
]

[Info - 18:00:26.493] Index files
[Info - 18:00:26.493] 1 file indexed
[Info - 18:00:26.557] 0 source files to be analyzed
[Info - 18:00:26.557] 0/0 source files have been analyzed
[Info - 18:00:26.586] 0 source files to be analyzed
[Info - 18:00:26.586] 0/0 source files have been analyzed
[Info - 18:00:26.587] Available processors: 2
[Info - 18:00:26.587] Using 2 threads for analysis.
[Info - 18:00:26.618] The property "sonar.tests" is not set. To improve the analysis accuracy, we categorize a file as a test file if any of the following is true:
  * The filename starts with "test"
  * The filename contains "test." or "tests."
  * Any directory in the file path is named: "doc", "docs", "test" or "tests"
  * Any directory in the file path has a name ending in "test" or "tests"

[Info - 18:00:26.620] Analyzing all except non binary files
[Info - 18:00:26.622] 1 source file to be analyzed
[Info - 18:00:26.648] 1/1 source file has been analyzed
[Info - 18:00:26.650] Analysis detected 0 issues and 0 Security Hotspots in 186ms
[Info - 18:00:27.258] Module file event for MODIFIED for file [uri=file:///home/pro/Escritorio/libro/ejercicio-git-libro/README.md] has been ignored because it's not a Kubernetes file.
[Info - 18:00:27.262] .gitignore file was not found for /home/pro/Escritorio/libro/ejercicio-git-libro
[Info - 18:00:27.263] Triggering analysis with configuration: [
  baseDir: /home/pro/Escritorio/libro/ejercicio-git-libro
  extraProperties: {sonar.cfamily.compile-commands=}
  activeRules: [14 kubernetes, 214 python, 425 cpp, 189 c, 23 go, 210 ipython, 90 secrets, 26 docker, 455 java, 46 Web, 15 xml, 314 csharpsquid, 155 php, 7 terraform, 18 azureresourcemanager, 7 cloudformation]
  inputFiles: [
    file:///home/pro/Escritorio/libro/ejercicio-git-libro/README.md (UTF-8)
  ]
]

[Info - 18:00:27.291] Index files
[Info - 18:00:27.291] 1 file indexed
[Info - 18:00:27.355] 0 source files to be analyzed
[Info - 18:00:27.355] 0/0 source files have been analyzed
[Info - 18:00:27.360] 0 source files to be analyzed
[Info - 18:00:27.360] 0/0 source files have been analyzed
[Info - 18:00:27.360] Available processors: 2
[Info - 18:00:27.360] Using 2 threads for analysis.
[Info - 18:00:27.394] The property "sonar.tests" is not set. To improve the analysis accuracy, we categorize a file as a test file if any of the following is true:
  * The filename starts with "test"
  * The filename contains "test." or "tests."
  * Any directory in the file path is named: "doc", "docs", "test" or "tests"
  * Any directory in the file path has a name ending in "test" or "tests"

[Info - 18:00:27.398] Analyzing all except non binary files
[Info - 18:00:27.400] 1 source file to be analyzed
[Info - 18:00:27.451] 1/1 source file has been analyzed
[Info - 18:00:27.453] Analysis detected 0 issues and 0 Security Hotspots in 193ms
[Info - 18:00:27.706] Module file event for MODIFIED for file [uri=file:///home/pro/Escritorio/libro/ejercicio-git-libro/README.md] has been ignored because it's not a Kubernetes file.
[Info - 18:00:27.710] .gitignore file was not found for /home/pro/Escritorio/libro/ejercicio-git-libro
[Info - 18:00:27.716] Triggering analysis with configuration: [
  baseDir: /home/pro/Escritorio/libro/ejercicio-git-libro
  extraProperties: {sonar.cfamily.compile-commands=}
  activeRules: [14 kubernetes, 214 python, 425 cpp, 189 c, 23 go, 210 ipython, 90 secrets, 26 docker, 455 java, 46 Web, 15 xml, 314 csharpsquid, 155 php, 7 terraform, 18 azureresourcemanager, 7 cloudformation]
  inputFiles: [
    file:///home/pro/Escritorio/libro/ejercicio-git-libro/README.md (UTF-8)
  ]
]

[Info - 18:00:27.754] Index files
[Info - 18:00:27.756] 1 file indexed
[Info - 18:00:27.812] 0 source files to be analyzed
[Info - 18:00:27.812] 0/0 source files have been analyzed
[Info - 18:00:27.819] 0 source files to be analyzed
[Info - 18:00:27.819] 0/0 source files have been analyzed
[Info - 18:00:27.820] Available processors: 2
[Info - 18:00:27.820] Using 2 threads for analysis.
[Info - 18:00:27.859] The property "sonar.tests" is not set. To improve the analysis accuracy, we categorize a file as a test file if any of the following is true:
  * The filename starts with "test"
  * The filename contains "test." or "tests."
  * Any directory in the file path is named: "doc", "docs", "test" or "tests"
  * Any directory in the file path has a name ending in "test" or "tests"

[Info - 18:00:27.861] Analyzing all except non binary files
[Info - 18:00:27.868] 1 source file to be analyzed
[Info - 18:00:27.890] 1/1 source file has been analyzed
[Info - 18:00:27.892] Analysis detected 0 issues and 0 Security Hotspots in 185ms
[Info - 18:00:29.010] Module file event for MODIFIED for file [uri=file:///home/pro/Escritorio/libro/ejercicio-git-libro/README.md] has been ignored because it's not a Kubernetes file.
[Info - 18:00:29.013] .gitignore file was not found for /home/pro/Escritorio/libro/ejercicio-git-libro
[Info - 18:00:29.015] Triggering analysis with configuration: [
  baseDir: /home/pro/Escritorio/libro/ejercicio-git-libro
  extraProperties: {sonar.cfamily.compile-commands=}
  activeRules: [14 kubernetes, 214 python, 425 cpp, 189 c, 23 go, 210 ipython, 90 secrets, 26 docker, 455 java, 46 Web, 15 xml, 314 csharpsquid, 155 php, 7 terraform, 18 azureresourcemanager, 7 cloudformation]
  inputFiles: [
    file:///home/pro/Escritorio/libro/ejercicio-git-libro/README.md (UTF-8)
  ]
]

[Info - 18:00:29.057] Index files
[Info - 18:00:29.057] 1 file indexed
[Info - 18:00:29.156] 0 source files to be analyzed
[Info - 18:00:29.156] 0/0 source files have been analyzed
[Info - 18:00:29.166] 0 source files to be analyzed
[Info - 18:00:29.167] 0/0 source files have been analyzed
[Info - 18:00:29.167] Available processors: 2
[Info - 18:00:29.167] Using 2 threads for analysis.
[Info - 18:00:29.196] The property "sonar.tests" is not set. To improve the analysis accuracy, we categorize a file as a test file if any of the following is true:
  * The filename starts with "test"
  * The filename contains "test." or "tests."
  * Any directory in the file path is named: "doc", "docs", "test" or "tests"
  * Any directory in the file path has a name ending in "test" or "tests"

[Info - 18:00:29.197] Analyzing all except non binary files
[Info - 18:00:29.201] 1 source file to be analyzed
[Info - 18:00:29.220] 1/1 source file has been analyzed
[Info - 18:00:29.222] Analysis detected 0 issues and 0 Security Hotspots in 211ms
[Info - 18:00:29.816] Module file event for MODIFIED for file [uri=file:///home/pro/Escritorio/libro/ejercicio-git-libro/README.md] has been ignored because it's not a Kubernetes file.
[Info - 18:00:29.819] .gitignore file was not found for /home/pro/Escritorio/libro/ejercicio-git-libro
[Info - 18:00:29.820] Triggering analysis with configuration: [
  baseDir: /home/pro/Escritorio/libro/ejercicio-git-libro
  extraProperties: {sonar.cfamily.compile-commands=}
  activeRules: [14 kubernetes, 214 python, 425 cpp, 189 c, 23 go, 210 ipython, 90 secrets, 26 docker, 455 java, 46 Web, 15 xml, 314 csharpsquid, 155 php, 7 terraform, 18 azureresourcemanager, 7 cloudformation]
  inputFiles: [
    file:///home/pro/Escritorio/libro/ejercicio-git-libro/README.md (UTF-8)
  ]
]

[Info - 18:00:29.907] Index files
[Info - 18:00:29.915] 1 file indexed
[Info - 18:00:30.055] 0 source files to be analyzed
[Info - 18:00:30.055] 0/0 source files have been analyzed
[Info - 18:00:30.061] 0 source files to be analyzed
[Info - 18:00:30.062] 0/0 source files have been analyzed
[Info - 18:00:30.063] Available processors: 2
[Info - 18:00:30.063] Using 2 threads for analysis.
[Info - 18:00:30.089] The property "sonar.tests" is not set. To improve the analysis accuracy, we categorize a file as a test file if any of the following is true:
  * The filename starts with "test"
  * The filename contains "test." or "tests."
  * Any directory in the file path is named: "doc", "docs", "test" or "tests"
  * Any directory in the file path has a name ending in "test" or "tests"

[Info - 18:00:30.091] Analyzing all except non binary files
[Info - 18:00:30.093] 1 source file to be analyzed
[Info - 18:00:30.113] 1/1 source file has been analyzed
[Info - 18:00:30.115] Analysis detected 0 issues and 0 Security Hotspots in 298ms
[Info - 18:00:31.681] Module file event for MODIFIED for file [uri=file:///home/pro/Escritorio/libro/ejercicio-git-libro/README.md] has been ignored because it's not a Kubernetes file.
[Info - 18:00:31.688] .gitignore file was not found for /home/pro/Escritorio/libro/ejercicio-git-libro
[Info - 18:00:31.690] Triggering analysis with configuration: [
  baseDir: /home/pro/Escritorio/libro/ejercicio-git-libro
  extraProperties: {sonar.cfamily.compile-commands=}
  activeRules: [14 kubernetes, 214 python, 425 cpp, 189 c, 23 go, 210 ipython, 90 secrets, 26 docker, 455 java, 46 Web, 15 xml, 314 csharpsquid, 155 php, 7 terraform, 18 azureresourcemanager, 7 cloudformation]
  inputFiles: [
    file:///home/pro/Escritorio/libro/ejercicio-git-libro/README.md (UTF-8)
  ]
]

[Info - 18:00:31.760] Index files
[Info - 18:00:31.777] 1 file indexed
[Info - 18:00:31.925] 0 source files to be analyzed
[Info - 18:00:31.925] 0/0 source files have been analyzed
[Info - 18:00:31.964] 0 source files to be analyzed
[Info - 18:00:31.964] 0/0 source files have been analyzed
[Info - 18:00:31.965] Available processors: 2
[Info - 18:00:31.965] Using 2 threads for analysis.
[Info - 18:00:32.044] The property "sonar.tests" is not set. To improve the analysis accuracy, we categorize a file as a test file if any of the following is true:
  * The filename starts with "test"
  * The filename contains "test." or "tests."
  * Any directory in the file path is named: "doc", "docs", "test" or "tests"
  * Any directory in the file path has a name ending in "test" or "tests"

[Info - 18:00:32.063] Analyzing all except non binary files
[Info - 18:00:32.093] 1 source file to be analyzed
[Info - 18:00:32.136] 1/1 source file has been analyzed
[Info - 18:00:32.136] Analysis detected 0 issues and 0 Security Hotspots in 450ms
[Info - 18:00:32.391] Module file event for MODIFIED for file [uri=file:///home/pro/Escritorio/libro/ejercicio-git-libro/README.md] has been ignored because it's not a Kubernetes file.
[Info - 18:00:32.399] Module file event for MODIFIED for file [uri=file:///home/pro/Escritorio/libro/ejercicio-git-libro/README.md] has been ignored because it's not a Kubernetes file.
[Info - 18:00:32.401] .gitignore file was not found for /home/pro/Escritorio/libro/ejercicio-git-libro
[Info - 18:00:32.408] Triggering analysis with configuration: [
  baseDir: /home/pro/Escritorio/libro/ejercicio-git-libro
  extraProperties: {sonar.cfamily.compile-commands=}
  activeRules: [14 kubernetes, 214 python, 425 cpp, 189 c, 23 go, 210 ipython, 90 secrets, 26 docker, 455 java, 46 Web, 15 xml, 314 csharpsquid, 155 php, 7 terraform, 18 azureresourcemanager, 7 cloudformation]
  inputFiles: [
    file:///home/pro/Escritorio/libro/ejercicio-git-libro/README.md (UTF-8)
  ]
]

[Info - 18:00:32.441] .gitignore file was not found for /home/pro/Escritorio/libro/ejercicio-git-libro
[Info - 18:00:32.442] Triggering analysis with configuration: [
  baseDir: /home/pro/Escritorio/libro/ejercicio-git-libro
  extraProperties: {sonar.cfamily.compile-commands=}
  activeRules: [14 kubernetes, 214 python, 425 cpp, 189 c, 23 go, 210 ipython, 90 secrets, 26 docker, 455 java, 46 Web, 15 xml, 314 csharpsquid, 155 php, 7 terraform, 18 azureresourcemanager, 7 cloudformation]
  inputFiles: [
    file:///home/pro/Escritorio/libro/ejercicio-git-libro/README.md (UTF-8)
  ]
]

[Info - 18:00:32.483] Index files
[Info - 18:00:32.486] 1 file indexed
[Info - 18:00:32.534] 0 source files to be analyzed
[Info - 18:00:32.534] 0/0 source files have been analyzed
[Info - 18:00:32.538] 0 source files to be analyzed
[Info - 18:00:32.538] 0/0 source files have been analyzed
[Info - 18:00:32.538] Available processors: 2
[Info - 18:00:32.538] Using 2 threads for analysis.
[Info - 18:00:32.561] The property "sonar.tests" is not set. To improve the analysis accuracy, we categorize a file as a test file if any of the following is true:
  * The filename starts with "test"
  * The filename contains "test." or "tests."
  * Any directory in the file path is named: "doc", "docs", "test" or "tests"
  * Any directory in the file path has a name ending in "test" or "tests"

[Info - 18:00:32.562] Analyzing all except non binary files
[Info - 18:00:32.565] 1 source file to be analyzed
[Info - 18:00:32.577] 1/1 source file has been analyzed
[Info - 18:00:32.578] Analysis detected 0 issues and 0 Security Hotspots in 186ms
[Info - 18:00:32.905] Index files
[Info - 18:00:32.911] 1 file indexed
[Info - 18:00:33.107] 0 source files to be analyzed
[Info - 18:00:33.107] 0/0 source files have been analyzed
[Info - 18:00:33.124] 0 source files to be analyzed
[Info - 18:00:33.125] 0/0 source files have been analyzed
[Info - 18:00:33.125] Available processors: 2
[Info - 18:00:33.125] Using 2 threads for analysis.
[Info - 18:00:33.191] The property "sonar.tests" is not set. To improve the analysis accuracy, we categorize a file as a test file if any of the following is true:
  * The filename starts with "test"
  * The filename contains "test." or "tests."
  * Any directory in the file path is named: "doc", "docs", "test" or "tests"
  * Any directory in the file path has a name ending in "test" or "tests"

[Info - 18:00:33.196] Analyzing all except non binary files
[Info - 18:00:33.220] 1 source file to be analyzed
[Info - 18:00:33.241] 1/1 source file has been analyzed
[Info - 18:00:33.243] Analysis detected 0 issues and 0 Security Hotspots in 814ms
[Info - 18:00:33.499] Module file event for MODIFIED for file [uri=file:///home/pro/Escritorio/libro/ejercicio-git-libro/README.md] has been ignored because it's not a Kubernetes file.
[Info - 18:00:33.503] .gitignore file was not found for /home/pro/Escritorio/libro/ejercicio-git-libro
[Info - 18:00:33.504] Triggering analysis with configuration: [
  baseDir: /home/pro/Escritorio/libro/ejercicio-git-libro
  extraProperties: {sonar.cfamily.compile-commands=}
  activeRules: [14 kubernetes, 214 python, 425 cpp, 189 c, 23 go, 210 ipython, 90 secrets, 26 docker, 455 java, 46 Web, 15 xml, 314 csharpsquid, 155 php, 7 terraform, 18 azureresourcemanager, 7 cloudformation]
  inputFiles: [
    file:///home/pro/Escritorio/libro/ejercicio-git-libro/README.md (UTF-8)
  ]
]

[Info - 18:00:33.549] Index files
[Info - 18:00:33.574] 1 file indexed
[Info - 18:00:33.647] 0 source files to be analyzed
[Info - 18:00:33.647] 0/0 source files have been analyzed
[Info - 18:00:33.651] 0 source files to be analyzed
[Info - 18:00:33.651] 0/0 source files have been analyzed
[Info - 18:00:33.651] Available processors: 2
[Info - 18:00:33.651] Using 2 threads for analysis.
[Info - 18:00:33.676] The property "sonar.tests" is not set. To improve the analysis accuracy, we categorize a file as a test file if any of the following is true:
  * The filename starts with "test"
  * The filename contains "test." or "tests."
  * Any directory in the file path is named: "doc", "docs", "test" or "tests"
  * Any directory in the file path has a name ending in "test" or "tests"

[Info - 18:00:33.678] Analyzing all except non binary files
[Info - 18:00:33.681] 1 source file to be analyzed
[Info - 18:00:33.695] 1/1 source file has been analyzed
[Info - 18:00:33.697] Analysis detected 0 issues and 0 Security Hotspots in 196ms
[Info - 18:00:34.014] Module file event for MODIFIED for file [uri=file:///home/pro/Escritorio/libro/ejercicio-git-libro/README.md] has been ignored because it's not a Kubernetes file.
[Info - 18:00:34.018] .gitignore file was not found for /home/pro/Escritorio/libro/ejercicio-git-libro
[Info - 18:00:34.026] Triggering analysis with configuration: [
  baseDir: /home/pro/Escritorio/libro/ejercicio-git-libro
  extraProperties: {sonar.cfamily.compile-commands=}
  activeRules: [14 kubernetes, 214 python, 425 cpp, 189 c, 23 go, 210 ipython, 90 secrets, 26 docker, 455 java, 46 Web, 15 xml, 314 csharpsquid, 155 php, 7 terraform, 18 azureresourcemanager, 7 cloudformation]
  inputFiles: [
    file:///home/pro/Escritorio/libro/ejercicio-git-libro/README.md (UTF-8)
  ]
]

[Info - 18:00:34.050] Index files
[Info - 18:00:34.050] 1 file indexed
[Info - 18:00:34.129] 0 source files to be analyzed
[Info - 18:00:34.129] 0/0 source files have been analyzed
[Info - 18:00:34.135] 0 source files to be analyzed
[Info - 18:00:34.136] 0/0 source files have been analyzed
[Info - 18:00:34.139] Available processors: 2
[Info - 18:00:34.139] Using 2 threads for analysis.
[Info - 18:00:34.165] The property "sonar.tests" is not set. To improve the analysis accuracy, we categorize a file as a test file if any of the following is true:
  * The filename starts with "test"
  * The filename contains "test." or "tests."
  * Any directory in the file path is named: "doc", "docs", "test" or "tests"
  * Any directory in the file path has a name ending in "test" or "tests"

[Info - 18:00:34.167] Analyzing all except non binary files
[Info - 18:00:34.180] 1 source file to be analyzed
[Info - 18:00:34.208] 1/1 source file has been analyzed
[Info - 18:00:34.212] Analysis detected 0 issues and 0 Security Hotspots in 196ms
[Info - 18:00:34.758] Module file event for MODIFIED for file [uri=file:///home/pro/Escritorio/libro/ejercicio-git-libro/README.md] has been ignored because it's not a Kubernetes file.
[Info - 18:00:34.764] .gitignore file was not found for /home/pro/Escritorio/libro/ejercicio-git-libro
[Info - 18:00:34.765] Triggering analysis with configuration: [
  baseDir: /home/pro/Escritorio/libro/ejercicio-git-libro
  extraProperties: {sonar.cfamily.compile-commands=}
  activeRules: [14 kubernetes, 214 python, 425 cpp, 189 c, 23 go, 210 ipython, 90 secrets, 26 docker, 455 java, 46 Web, 15 xml, 314 csharpsquid, 155 php, 7 terraform, 18 azureresourcemanager, 7 cloudformation]
  inputFiles: [
    file:///home/pro/Escritorio/libro/ejercicio-git-libro/README.md (UTF-8)
  ]
]

[Info - 18:00:34.809] Index files
[Info - 18:00:34.809] 1 file indexed
[Info - 18:00:35.000] 0 source files to be analyzed
[Info - 18:00:35.000] 0/0 source files have been analyzed
[Info - 18:00:35.031] 0 source files to be analyzed
[Info - 18:00:35.031] 0/0 source files have been analyzed
[Info - 18:00:35.031] Available processors: 2
[Info - 18:00:35.031] Using 2 threads for analysis.
[Info - 18:00:35.131] The property "sonar.tests" is not set. To improve the analysis accuracy, we categorize a file as a test file if any of the following is true:
  * The filename starts with "test"
  * The filename contains "test." or "tests."
  * Any directory in the file path is named: "doc", "docs", "test" or "tests"
  * Any directory in the file path has a name ending in "test" or "tests"

[Info - 18:00:35.136] Analyzing all except non binary files
[Info - 18:00:35.175] 1 source file to be analyzed
[Info - 18:00:35.229] 1/1 source file has been analyzed
[Info - 18:00:35.231] Analysis detected 0 issues and 0 Security Hotspots in 470ms
[Info - 18:00:35.494] Module file event for MODIFIED for file [uri=file:///home/pro/Escritorio/libro/ejercicio-git-libro/README.md] has been ignored because it's not a Kubernetes file.
[Info - 18:00:35.497] Module file event for MODIFIED for file [uri=file:///home/pro/Escritorio/libro/ejercicio-git-libro/README.md] has been ignored because it's not a Kubernetes file.
[Info - 18:00:35.506] .gitignore file was not found for /home/pro/Escritorio/libro/ejercicio-git-libro
[Info - 18:00:35.506] Triggering analysis with configuration: [
  baseDir: /home/pro/Escritorio/libro/ejercicio-git-libro
  extraProperties: {sonar.cfamily.compile-commands=}
  activeRules: [14 kubernetes, 214 python, 425 cpp, 189 c, 23 go, 210 ipython, 90 secrets, 26 docker, 455 java, 46 Web, 15 xml, 314 csharpsquid, 155 php, 7 terraform, 18 azureresourcemanager, 7 cloudformation]
  inputFiles: [
    file:///home/pro/Escritorio/libro/ejercicio-git-libro/README.md (UTF-8)
  ]
]

[Info - 18:00:35.547] .gitignore file was not found for /home/pro/Escritorio/libro/ejercicio-git-libro
[Info - 18:00:35.549] Index files
[Info - 18:00:35.549] 1 file indexed
[Info - 18:00:35.554] Triggering analysis with configuration: [
  baseDir: /home/pro/Escritorio/libro/ejercicio-git-libro
  extraProperties: {sonar.cfamily.compile-commands=}
  activeRules: [14 kubernetes, 214 python, 425 cpp, 189 c, 23 go, 210 ipython, 90 secrets, 26 docker, 455 java, 46 Web, 15 xml, 314 csharpsquid, 155 php, 7 terraform, 18 azureresourcemanager, 7 cloudformation]
  inputFiles: [
    file:///home/pro/Escritorio/libro/ejercicio-git-libro/README.md (UTF-8)
  ]
]

[Info - 18:00:35.598] 0 source files to be analyzed
[Info - 18:00:35.598] 0/0 source files have been analyzed
[Info - 18:00:35.603] 0 source files to be analyzed
[Info - 18:00:35.603] 0/0 source files have been analyzed
[Info - 18:00:35.607] Available processors: 2
[Info - 18:00:35.607] Using 2 threads for analysis.
[Info - 18:00:35.626] The property "sonar.tests" is not set. To improve the analysis accuracy, we categorize a file as a test file if any of the following is true:
  * The filename starts with "test"
  * The filename contains "test." or "tests."
  * Any directory in the file path is named: "doc", "docs", "test" or "tests"
  * Any directory in the file path has a name ending in "test" or "tests"

[Info - 18:00:35.627] Analyzing all except non binary files
[Info - 18:00:35.631] 1 source file to be analyzed
[Info - 18:00:35.644] 1/1 source file has been analyzed
[Info - 18:00:35.645] Analysis detected 0 issues and 0 Security Hotspots in 149ms
[Info - 18:00:35.948] Index files
[Info - 18:00:35.949] 1 file indexed
[Info - 18:00:36.001] 0 source files to be analyzed
[Info - 18:00:36.001] 0/0 source files have been analyzed
[Info - 18:00:36.004] 0 source files to be analyzed
[Info - 18:00:36.004] 0/0 source files have been analyzed
[Info - 18:00:36.004] Available processors: 2
[Info - 18:00:36.004] Using 2 threads for analysis.
[Info - 18:00:36.026] The property "sonar.tests" is not set. To improve the analysis accuracy, we categorize a file as a test file if any of the following is true:
  * The filename starts with "test"
  * The filename contains "test." or "tests."
  * Any directory in the file path is named: "doc", "docs", "test" or "tests"
  * Any directory in the file path has a name ending in "test" or "tests"

[Info - 18:00:36.028] Analyzing all except non binary files
[Info - 18:00:36.030] 1 source file to be analyzed
[Info - 18:00:36.043] 1/1 source file has been analyzed
[Info - 18:00:36.045] Analysis detected 0 issues and 0 Security Hotspots in 503ms
[Info - 18:00:50.607] Module file event for MODIFIED for file [uri=file:///home/pro/Escritorio/libro/ejercicio-git-libro/README.md] has been ignored because it's not a Kubernetes file.
[Info - 18:00:50.612] .gitignore file was not found for /home/pro/Escritorio/libro/ejercicio-git-libro
[Info - 18:00:50.616] Triggering analysis with configuration: [
  baseDir: /home/pro/Escritorio/libro/ejercicio-git-libro
  extraProperties: {sonar.cfamily.compile-commands=}
  activeRules: [14 kubernetes, 214 python, 425 cpp, 189 c, 23 go, 210 ipython, 90 secrets, 26 docker, 455 java, 46 Web, 15 xml, 314 csharpsquid, 155 php, 7 terraform, 18 azureresourcemanager, 7 cloudformation]
  inputFiles: [
    file:///home/pro/Escritorio/libro/ejercicio-git-libro/README.md (UTF-8)
  ]
]

[Info - 18:00:50.684] Index files
[Info - 18:00:50.685] 1 file indexed
[Info - 18:00:50.747] 0 source files to be analyzed
[Info - 18:00:50.747] 0/0 source files have been analyzed
[Info - 18:00:50.751] 0 source files to be analyzed
[Info - 18:00:50.751] 0/0 source files have been analyzed
[Info - 18:00:50.757] Available processors: 2
[Info - 18:00:50.757] Using 2 threads for analysis.
[Info - 18:00:50.785] The property "sonar.tests" is not set. To improve the analysis accuracy, we categorize a file as a test file if any of the following is true:
  * The filename starts with "test"
  * The filename contains "test." or "tests."
  * Any directory in the file path is named: "doc", "docs", "test" or "tests"
  * Any directory in the file path has a name ending in "test" or "tests"

[Info - 18:00:50.792] Analyzing all except non binary files
[Info - 18:00:50.811] 1 source file to be analyzed
[Info - 18:00:50.847] 1/1 source file has been analyzed
[Info - 18:00:50.848] Analysis detected 0 issues and 0 Security Hotspots in 240ms
[Info - 18:01:00.656] Module file event for MODIFIED for file [uri=file:///home/pro/Escritorio/libro/ejercicio-git-libro/README.md] has been ignored because it's not a Kubernetes file.
[Info - 18:01:00.664] .gitignore file was not found for /home/pro/Escritorio/libro/ejercicio-git-libro
[Info - 18:01:00.666] Triggering analysis with configuration: [
  baseDir: /home/pro/Escritorio/libro/ejercicio-git-libro
  extraProperties: {sonar.cfamily.compile-commands=}
  activeRules: [14 kubernetes, 214 python, 425 cpp, 189 c, 23 go, 210 ipython, 90 secrets, 26 docker, 455 java, 46 Web, 15 xml, 314 csharpsquid, 155 php, 7 terraform, 18 azureresourcemanager, 7 cloudformation]
  inputFiles: [
    file:///home/pro/Escritorio/libro/ejercicio-git-libro/README.md (UTF-8)
  ]
]

[Info - 18:01:00.694] Index files
[Info - 18:01:00.694] 1 file indexed
[Info - 18:01:00.745] 0 source files to be analyzed
[Info - 18:01:00.746] 0/0 source files have been analyzed
[Info - 18:01:00.750] 0 source files to be analyzed
[Info - 18:01:00.750] 0/0 source files have been analyzed
[Info - 18:01:00.753] Available processors: 2
[Info - 18:01:00.753] Using 2 threads for analysis.
[Info - 18:01:00.794] The property "sonar.tests" is not set. To improve the analysis accuracy, we categorize a file as a test file if any of the following is true:
  * The filename starts with "test"
  * The filename contains "test." or "tests."
  * Any directory in the file path is named: "doc", "docs", "test" or "tests"
  * Any directory in the file path has a name ending in "test" or "tests"

[Info - 18:01:00.795] Analyzing all except non binary files
[Info - 18:01:00.799] 1 source file to be analyzed
[Info - 18:01:00.814] 1/1 source file has been analyzed
[Info - 18:01:00.815] Analysis detected 0 issues and 0 Security Hotspots in 157ms
[Info - 18:01:03.990] Module file event for MODIFIED for file [uri=file:///home/pro/Escritorio/libro/ejercicio-git-libro/README.md] has been ignored because it's not a Kubernetes file.
[Info - 18:01:03.993] .gitignore file was not found for /home/pro/Escritorio/libro/ejercicio-git-libro
[Info - 18:01:03.994] Triggering analysis with configuration: [
  baseDir: /home/pro/Escritorio/libro/ejercicio-git-libro
  extraProperties: {sonar.cfamily.compile-commands=}
  activeRules: [14 kubernetes, 214 python, 425 cpp, 189 c, 23 go, 210 ipython, 90 secrets, 26 docker, 455 java, 46 Web, 15 xml, 314 csharpsquid, 155 php, 7 terraform, 18 azureresourcemanager, 7 cloudformation]
  inputFiles: [
    file:///home/pro/Escritorio/libro/ejercicio-git-libro/README.md (UTF-8)
  ]
]

[Info - 18:01:04.017] Index files
[Info - 18:01:04.018] 1 file indexed
[Info - 18:01:04.078] 0 source files to be analyzed
[Info - 18:01:04.079] 0/0 source files have been analyzed
[Info - 18:01:04.084] 0 source files to be analyzed
[Info - 18:01:04.084] 0/0 source files have been analyzed
[Info - 18:01:04.087] Available processors: 2
[Info - 18:01:04.087] Using 2 threads for analysis.
[Info - 18:01:04.140] The property "sonar.tests" is not set. To improve the analysis accuracy, we categorize a file as a test file if any of the following is true:
  * The filename starts with "test"
  * The filename contains "test." or "tests."
  * Any directory in the file path is named: "doc", "docs", "test" or "tests"
  * Any directory in the file path has a name ending in "test" or "tests"

[Info - 18:01:04.142] Analyzing all except non binary files
[Info - 18:01:04.147] 1 source file to be analyzed
[Info - 18:01:04.166] 1/1 source file has been analyzed
[Info - 18:01:04.168] Analysis detected 0 issues and 0 Security Hotspots in 177ms
[Info - 18:01:04.801] Module file event for MODIFIED for file [uri=file:///home/pro/Escritorio/libro/ejercicio-git-libro/README.md] has been ignored because it's not a Kubernetes file.
[Info - 18:01:04.809] .gitignore file was not found for /home/pro/Escritorio/libro/ejercicio-git-libro
[Info - 18:01:04.811] Triggering analysis with configuration: [
  baseDir: /home/pro/Escritorio/libro/ejercicio-git-libro
  extraProperties: {sonar.cfamily.compile-commands=}
  activeRules: [14 kubernetes, 214 python, 425 cpp, 189 c, 23 go, 210 ipython, 90 secrets, 26 docker, 455 java, 46 Web, 15 xml, 314 csharpsquid, 155 php, 7 terraform, 18 azureresourcemanager, 7 cloudformation]
  inputFiles: [
    file:///home/pro/Escritorio/libro/ejercicio-git-libro/README.md (UTF-8)
  ]
]

[Info - 18:01:04.842] Index files
[Info - 18:01:04.843] 1 file indexed
[Info - 18:01:04.961] 0 source files to be analyzed
[Info - 18:01:04.961] 0/0 source files have been analyzed
[Info - 18:01:04.986] 0 source files to be analyzed
[Info - 18:01:04.986] 0/0 source files have been analyzed
[Info - 18:01:04.986] Available processors: 2
[Info - 18:01:04.986] Using 2 threads for analysis.
[Info - 18:01:05.040] The property "sonar.tests" is not set. To improve the analysis accuracy, we categorize a file as a test file if any of the following is true:
  * The filename starts with "test"
  * The filename contains "test." or "tests."
  * Any directory in the file path is named: "doc", "docs", "test" or "tests"
  * Any directory in the file path has a name ending in "test" or "tests"

[Info - 18:01:05.041] Analyzing all except non binary files
[Info - 18:01:05.058] 1 source file to be analyzed
[Info - 18:01:05.074] 1/1 source file has been analyzed
[Info - 18:01:05.075] Analysis detected 0 issues and 0 Security Hotspots in 272ms
[Info - 18:01:05.329] Module file event for MODIFIED for file [uri=file:///home/pro/Escritorio/libro/ejercicio-git-libro/README.md] has been ignored because it's not a Kubernetes file.
[Info - 18:01:05.332] .gitignore file was not found for /home/pro/Escritorio/libro/ejercicio-git-libro
[Info - 18:01:05.334] Triggering analysis with configuration: [
  baseDir: /home/pro/Escritorio/libro/ejercicio-git-libro
  extraProperties: {sonar.cfamily.compile-commands=}
  activeRules: [14 kubernetes, 214 python, 425 cpp, 189 c, 23 go, 210 ipython, 90 secrets, 26 docker, 455 java, 46 Web, 15 xml, 314 csharpsquid, 155 php, 7 terraform, 18 azureresourcemanager, 7 cloudformation]
  inputFiles: [
    file:///home/pro/Escritorio/libro/ejercicio-git-libro/README.md (UTF-8)
  ]
]

[Info - 18:01:05.363] Index files
[Info - 18:01:05.365] 1 file indexed
[Info - 18:01:05.412] 0 source files to be analyzed
[Info - 18:01:05.412] 0/0 source files have been analyzed
[Info - 18:01:05.415] 0 source files to be analyzed
[Info - 18:01:05.416] 0/0 source files have been analyzed
[Info - 18:01:05.418] Available processors: 2
[Info - 18:01:05.418] Using 2 threads for analysis.
[Info - 18:01:05.440] The property "sonar.tests" is not set. To improve the analysis accuracy, we categorize a file as a test file if any of the following is true:
  * The filename starts with "test"
  * The filename contains "test." or "tests."
  * Any directory in the file path is named: "doc", "docs", "test" or "tests"
  * Any directory in the file path has a name ending in "test" or "tests"

[Info - 18:01:05.447] Analyzing all except non binary files
[Info - 18:01:05.450] 1 source file to be analyzed
[Info - 18:01:05.464] 1/1 source file has been analyzed
[Info - 18:01:05.467] Analysis detected 0 issues and 0 Security Hotspots in 135ms
[Info - 18:01:06.325] Module file event for MODIFIED for file [uri=file:///home/pro/Escritorio/libro/ejercicio-git-libro/README.md] has been ignored because it's not a Kubernetes file.
[Info - 18:01:06.332] .gitignore file was not found for /home/pro/Escritorio/libro/ejercicio-git-libro
[Info - 18:01:06.333] Triggering analysis with configuration: [
  baseDir: /home/pro/Escritorio/libro/ejercicio-git-libro
  extraProperties: {sonar.cfamily.compile-commands=}
  activeRules: [14 kubernetes, 214 python, 425 cpp, 189 c, 23 go, 210 ipython, 90 secrets, 26 docker, 455 java, 46 Web, 15 xml, 314 csharpsquid, 155 php, 7 terraform, 18 azureresourcemanager, 7 cloudformation]
  inputFiles: [
    file:///home/pro/Escritorio/libro/ejercicio-git-libro/README.md (UTF-8)
  ]
]

[Info - 18:01:06.383] Index files
[Info - 18:01:06.389] 1 file indexed
[Info - 18:01:06.467] 0 source files to be analyzed
[Info - 18:01:06.467] 0/0 source files have been analyzed
[Info - 18:01:06.471] 0 source files to be analyzed
[Info - 18:01:06.471] 0/0 source files have been analyzed
[Info - 18:01:06.471] Available processors: 2
[Info - 18:01:06.471] Using 2 threads for analysis.
[Info - 18:01:06.493] The property "sonar.tests" is not set. To improve the analysis accuracy, we categorize a file as a test file if any of the following is true:
  * The filename starts with "test"
  * The filename contains "test." or "tests."
  * Any directory in the file path is named: "doc", "docs", "test" or "tests"
  * Any directory in the file path has a name ending in "test" or "tests"

[Info - 18:01:06.495] Analyzing all except non binary files
[Info - 18:01:06.501] 1 source file to be analyzed
[Info - 18:01:06.514] 1/1 source file has been analyzed
[Info - 18:01:06.515] Analysis detected 0 issues and 0 Security Hotspots in 187ms
[Info - 18:01:06.780] Module file event for MODIFIED for file [uri=file:///home/pro/Escritorio/libro/ejercicio-git-libro/README.md] has been ignored because it's not a Kubernetes file.
[Info - 18:01:06.784] .gitignore file was not found for /home/pro/Escritorio/libro/ejercicio-git-libro
[Info - 18:01:06.786] Triggering analysis with configuration: [
  baseDir: /home/pro/Escritorio/libro/ejercicio-git-libro
  extraProperties: {sonar.cfamily.compile-commands=}
  activeRules: [14 kubernetes, 214 python, 425 cpp, 189 c, 23 go, 210 ipython, 90 secrets, 26 docker, 455 java, 46 Web, 15 xml, 314 csharpsquid, 155 php, 7 terraform, 18 azureresourcemanager, 7 cloudformation]
  inputFiles: [
    file:///home/pro/Escritorio/libro/ejercicio-git-libro/README.md (UTF-8)
  ]
]

[Info - 18:01:06.819] Index files
[Info - 18:01:06.819] 1 file indexed
[Info - 18:01:06.873] 0 source files to be analyzed
[Info - 18:01:06.873] 0/0 source files have been analyzed
[Info - 18:01:06.879] 0 source files to be analyzed
[Info - 18:01:06.879] 0/0 source files have been analyzed
[Info - 18:01:06.879] Available processors: 2
[Info - 18:01:06.879] Using 2 threads for analysis.
[Info - 18:01:06.901] The property "sonar.tests" is not set. To improve the analysis accuracy, we categorize a file as a test file if any of the following is true:
  * The filename starts with "test"
  * The filename contains "test." or "tests."
  * Any directory in the file path is named: "doc", "docs", "test" or "tests"
  * Any directory in the file path has a name ending in "test" or "tests"

[Info - 18:01:06.902] Analyzing all except non binary files
[Info - 18:01:06.907] 1 source file to be analyzed
[Info - 18:01:06.919] 1/1 source file has been analyzed
[Info - 18:01:06.923] Analysis detected 0 issues and 0 Security Hotspots in 139ms
[Info - 18:01:07.250] Module file event for MODIFIED for file [uri=file:///home/pro/Escritorio/libro/ejercicio-git-libro/README.md] has been ignored because it's not a Kubernetes file.
[Info - 18:01:07.255] .gitignore file was not found for /home/pro/Escritorio/libro/ejercicio-git-libro
[Info - 18:01:07.256] Triggering analysis with configuration: [
  baseDir: /home/pro/Escritorio/libro/ejercicio-git-libro
  extraProperties: {sonar.cfamily.compile-commands=}
  activeRules: [14 kubernetes, 214 python, 425 cpp, 189 c, 23 go, 210 ipython, 90 secrets, 26 docker, 455 java, 46 Web, 15 xml, 314 csharpsquid, 155 php, 7 terraform, 18 azureresourcemanager, 7 cloudformation]
  inputFiles: [
    file:///home/pro/Escritorio/libro/ejercicio-git-libro/README.md (UTF-8)
  ]
]

[Info - 18:01:07.297] Index files
[Info - 18:01:07.304] 1 file indexed
[Info - 18:01:07.432] 0 source files to be analyzed
[Info - 18:01:07.432] 0/0 source files have been analyzed
[Info - 18:01:07.442] 0 source files to be analyzed
[Info - 18:01:07.444] 0/0 source files have been analyzed
[Info - 18:01:07.447] Available processors: 2
[Info - 18:01:07.447] Using 2 threads for analysis.
[Info - 18:01:07.468] The property "sonar.tests" is not set. To improve the analysis accuracy, we categorize a file as a test file if any of the following is true:
  * The filename starts with "test"
  * The filename contains "test." or "tests."
  * Any directory in the file path is named: "doc", "docs", "test" or "tests"
  * Any directory in the file path has a name ending in "test" or "tests"

[Info - 18:01:07.470] Analyzing all except non binary files
[Info - 18:01:07.473] 1 source file to be analyzed
[Info - 18:01:07.487] 1/1 source file has been analyzed
[Info - 18:01:07.488] Analysis detected 0 issues and 0 Security Hotspots in 237ms
[Info - 18:01:07.756] Module file event for MODIFIED for file [uri=file:///home/pro/Escritorio/libro/ejercicio-git-libro/README.md] has been ignored because it's not a Kubernetes file.
[Info - 18:01:07.766] .gitignore file was not found for /home/pro/Escritorio/libro/ejercicio-git-libro
[Info - 18:01:07.769] Triggering analysis with configuration: [
  baseDir: /home/pro/Escritorio/libro/ejercicio-git-libro
  extraProperties: {sonar.cfamily.compile-commands=}
  activeRules: [14 kubernetes, 214 python, 425 cpp, 189 c, 23 go, 210 ipython, 90 secrets, 26 docker, 455 java, 46 Web, 15 xml, 314 csharpsquid, 155 php, 7 terraform, 18 azureresourcemanager, 7 cloudformation]
  inputFiles: [
    file:///home/pro/Escritorio/libro/ejercicio-git-libro/README.md (UTF-8)
  ]
]

[Info - 18:01:07.812] Index files
[Info - 18:01:07.813] 1 file indexed
[Info - 18:01:07.907] 0 source files to be analyzed
[Info - 18:01:07.907] 0/0 source files have been analyzed
[Info - 18:01:07.925] 0 source files to be analyzed
[Info - 18:01:07.925] 0/0 source files have been analyzed
[Info - 18:01:07.927] Available processors: 2
[Info - 18:01:07.927] Using 2 threads for analysis.
[Info - 18:01:07.986] The property "sonar.tests" is not set. To improve the analysis accuracy, we categorize a file as a test file if any of the following is true:
  * The filename starts with "test"
  * The filename contains "test." or "tests."
  * Any directory in the file path is named: "doc", "docs", "test" or "tests"
  * Any directory in the file path has a name ending in "test" or "tests"

[Info - 18:01:07.992] Analyzing all except non binary files
[Info - 18:01:08.002] 1 source file to be analyzed
[Info - 18:01:08.033] 1/1 source file has been analyzed
[Info - 18:01:08.034] Analysis detected 0 issues and 0 Security Hotspots in 276ms
[Info - 18:01:08.327] Module file event for MODIFIED for file [uri=file:///home/pro/Escritorio/libro/ejercicio-git-libro/README.md] has been ignored because it's not a Kubernetes file.
[Info - 18:01:08.332] .gitignore file was not found for /home/pro/Escritorio/libro/ejercicio-git-libro
[Info - 18:01:08.333] Triggering analysis with configuration: [
  baseDir: /home/pro/Escritorio/libro/ejercicio-git-libro
  extraProperties: {sonar.cfamily.compile-commands=}
  activeRules: [14 kubernetes, 214 python, 425 cpp, 189 c, 23 go, 210 ipython, 90 secrets, 26 docker, 455 java, 46 Web, 15 xml, 314 csharpsquid, 155 php, 7 terraform, 18 azureresourcemanager, 7 cloudformation]
  inputFiles: [
    file:///home/pro/Escritorio/libro/ejercicio-git-libro/README.md (UTF-8)
  ]
]

[Info - 18:01:08.371] Index files
[Info - 18:01:08.374] 1 file indexed
[Info - 18:01:08.482] 0 source files to be analyzed
[Info - 18:01:08.482] 0/0 source files have been analyzed
[Info - 18:01:08.485] 0 source files to be analyzed
[Info - 18:01:08.485] 0/0 source files have been analyzed
[Info - 18:01:08.486] Available processors: 2
[Info - 18:01:08.486] Using 2 threads for analysis.
[Info - 18:01:08.548] The property "sonar.tests" is not set. To improve the analysis accuracy, we categorize a file as a test file if any of the following is true:
  * The filename starts with "test"
  * The filename contains "test." or "tests."
  * Any directory in the file path is named: "doc", "docs", "test" or "tests"
  * Any directory in the file path has a name ending in "test" or "tests"

[Info - 18:01:08.559] Analyzing all except non binary files
[Info - 18:01:08.571] 1 source file to be analyzed
[Info - 18:01:08.628] 1/1 source file has been analyzed
[Info - 18:01:08.630] Analysis detected 0 issues and 0 Security Hotspots in 302ms
[Info - 18:01:09.000] Module file event for MODIFIED for file [uri=file:///home/pro/Escritorio/libro/ejercicio-git-libro/README.md] has been ignored because it's not a Kubernetes file.
[Info - 18:01:09.005] .gitignore file was not found for /home/pro/Escritorio/libro/ejercicio-git-libro
[Info - 18:01:09.006] Triggering analysis with configuration: [
  baseDir: /home/pro/Escritorio/libro/ejercicio-git-libro
  extraProperties: {sonar.cfamily.compile-commands=}
  activeRules: [14 kubernetes, 214 python, 425 cpp, 189 c, 23 go, 210 ipython, 90 secrets, 26 docker, 455 java, 46 Web, 15 xml, 314 csharpsquid, 155 php, 7 terraform, 18 azureresourcemanager, 7 cloudformation]
  inputFiles: [
    file:///home/pro/Escritorio/libro/ejercicio-git-libro/README.md (UTF-8)
  ]
]

[Info - 18:01:09.034] Index files
[Info - 18:01:09.035] 1 file indexed
[Info - 18:01:09.084] 0 source files to be analyzed
[Info - 18:01:09.084] 0/0 source files have been analyzed
[Info - 18:01:09.087] 0 source files to be analyzed
[Info - 18:01:09.088] 0/0 source files have been analyzed
[Info - 18:01:09.088] Available processors: 2
[Info - 18:01:09.088] Using 2 threads for analysis.
[Info - 18:01:09.110] The property "sonar.tests" is not set. To improve the analysis accuracy, we categorize a file as a test file if any of the following is true:
  * The filename starts with "test"
  * The filename contains "test." or "tests."
  * Any directory in the file path is named: "doc", "docs", "test" or "tests"
  * Any directory in the file path has a name ending in "test" or "tests"

[Info - 18:01:09.112] Analyzing all except non binary files
[Info - 18:01:09.115] 1 source file to be analyzed
[Info - 18:01:09.138] 1/1 source file has been analyzed
[Info - 18:01:09.141] Analysis detected 0 issues and 0 Security Hotspots in 138ms
[Info - 18:01:09.581] Module file event for MODIFIED for file [uri=file:///home/pro/Escritorio/libro/ejercicio-git-libro/README.md] has been ignored because it's not a Kubernetes file.
[Info - 18:01:09.585] .gitignore file was not found for /home/pro/Escritorio/libro/ejercicio-git-libro
[Info - 18:01:09.585] Triggering analysis with configuration: [
  baseDir: /home/pro/Escritorio/libro/ejercicio-git-libro
  extraProperties: {sonar.cfamily.compile-commands=}
  activeRules: [14 kubernetes, 214 python, 425 cpp, 189 c, 23 go, 210 ipython, 90 secrets, 26 docker, 455 java, 46 Web, 15 xml, 314 csharpsquid, 155 php, 7 terraform, 18 azureresourcemanager, 7 cloudformation]
  inputFiles: [
    file:///home/pro/Escritorio/libro/ejercicio-git-libro/README.md (UTF-8)
  ]
]

[Info - 18:01:09.606] Index files
[Info - 18:01:09.607] 1 file indexed
[Info - 18:01:09.661] 0 source files to be analyzed
[Info - 18:01:09.662] 0/0 source files have been analyzed
[Info - 18:01:09.665] 0 source files to be analyzed
[Info - 18:01:09.665] 0/0 source files have been analyzed
[Info - 18:01:09.668] Available processors: 2
[Info - 18:01:09.668] Using 2 threads for analysis.
[Info - 18:01:09.706] The property "sonar.tests" is not set. To improve the analysis accuracy, we categorize a file as a test file if any of the following is true:
  * The filename starts with "test"
  * The filename contains "test." or "tests."
  * Any directory in the file path is named: "doc", "docs", "test" or "tests"
  * Any directory in the file path has a name ending in "test" or "tests"

[Info - 18:01:09.718] Analyzing all except non binary files
[Info - 18:01:09.721] 1 source file to be analyzed
[Info - 18:01:09.735] 1/1 source file has been analyzed
[Info - 18:01:09.736] Analysis detected 0 issues and 0 Security Hotspots in 153ms
[Info - 18:01:10.241] Module file event for MODIFIED for file [uri=file:///home/pro/Escritorio/libro/ejercicio-git-libro/README.md] has been ignored because it's not a Kubernetes file.
[Info - 18:01:10.245] .gitignore file was not found for /home/pro/Escritorio/libro/ejercicio-git-libro
[Info - 18:01:10.247] Triggering analysis with configuration: [
  baseDir: /home/pro/Escritorio/libro/ejercicio-git-libro
  extraProperties: {sonar.cfamily.compile-commands=}
  activeRules: [14 kubernetes, 214 python, 425 cpp, 189 c, 23 go, 210 ipython, 90 secrets, 26 docker, 455 java, 46 Web, 15 xml, 314 csharpsquid, 155 php, 7 terraform, 18 azureresourcemanager, 7 cloudformation]
  inputFiles: [
    file:///home/pro/Escritorio/libro/ejercicio-git-libro/README.md (UTF-8)
  ]
]

[Info - 18:01:10.321] Index files
[Info - 18:01:10.326] 1 file indexed
[Info - 18:01:10.460] 0 source files to be analyzed
[Info - 18:01:10.460] 0/0 source files have been analyzed
[Info - 18:01:10.470] 0 source files to be analyzed
[Info - 18:01:10.471] 0/0 source files have been analyzed
[Info - 18:01:10.471] Available processors: 2
[Info - 18:01:10.471] Using 2 threads for analysis.
[Info - 18:01:10.492] The property "sonar.tests" is not set. To improve the analysis accuracy, we categorize a file as a test file if any of the following is true:
  * The filename starts with "test"
  * The filename contains "test." or "tests."
  * Any directory in the file path is named: "doc", "docs", "test" or "tests"
  * Any directory in the file path has a name ending in "test" or "tests"

[Info - 18:01:10.494] Analyzing all except non binary files
[Info - 18:01:10.498] 1 source file to be analyzed
[Info - 18:01:10.549] 1/1 source file has been analyzed
[Info - 18:01:10.551] Analysis detected 0 issues and 0 Security Hotspots in 308ms
[Info - 18:01:10.826] Module file event for MODIFIED for file [uri=file:///home/pro/Escritorio/libro/ejercicio-git-libro/README.md] has been ignored because it's not a Kubernetes file.
[Info - 18:01:10.835] .gitignore file was not found for /home/pro/Escritorio/libro/ejercicio-git-libro
[Info - 18:01:10.838] Triggering analysis with configuration: [
  baseDir: /home/pro/Escritorio/libro/ejercicio-git-libro
  extraProperties: {sonar.cfamily.compile-commands=}
  activeRules: [14 kubernetes, 214 python, 425 cpp, 189 c, 23 go, 210 ipython, 90 secrets, 26 docker, 455 java, 46 Web, 15 xml, 314 csharpsquid, 155 php, 7 terraform, 18 azureresourcemanager, 7 cloudformation]
  inputFiles: [
    file:///home/pro/Escritorio/libro/ejercicio-git-libro/README.md (UTF-8)
  ]
]

[Info - 18:01:10.882] Index files
[Info - 18:01:10.883] 1 file indexed
[Info - 18:01:10.933] 0 source files to be analyzed
[Info - 18:01:10.933] 0/0 source files have been analyzed
[Info - 18:01:10.937] 0 source files to be analyzed
[Info - 18:01:10.937] 0/0 source files have been analyzed
[Info - 18:01:10.942] Available processors: 2
[Info - 18:01:10.942] Using 2 threads for analysis.
[Info - 18:01:10.961] The property "sonar.tests" is not set. To improve the analysis accuracy, we categorize a file as a test file if any of the following is true:
  * The filename starts with "test"
  * The filename contains "test." or "tests."
  * Any directory in the file path is named: "doc", "docs", "test" or "tests"
  * Any directory in the file path has a name ending in "test" or "tests"

[Info - 18:01:10.963] Analyzing all except non binary files
[Info - 18:01:10.966] 1 source file to be analyzed
[Info - 18:01:10.990] 1/1 source file has been analyzed
[Info - 18:01:10.992] Analysis detected 0 issues and 0 Security Hotspots in 165ms
[Info - 18:01:11.348] Module file event for MODIFIED for file [uri=file:///home/pro/Escritorio/libro/ejercicio-git-libro/README.md] has been ignored because it's not a Kubernetes file.
[Info - 18:01:11.354] .gitignore file was not found for /home/pro/Escritorio/libro/ejercicio-git-libro
[Info - 18:01:11.357] Triggering analysis with configuration: [
  baseDir: /home/pro/Escritorio/libro/ejercicio-git-libro
  extraProperties: {sonar.cfamily.compile-commands=}
  activeRules: [14 kubernetes, 214 python, 425 cpp, 189 c, 23 go, 210 ipython, 90 secrets, 26 docker, 455 java, 46 Web, 15 xml, 314 csharpsquid, 155 php, 7 terraform, 18 azureresourcemanager, 7 cloudformation]
  inputFiles: [
    file:///home/pro/Escritorio/libro/ejercicio-git-libro/README.md (UTF-8)
  ]
]

[Info - 18:01:11.376] Index files
[Info - 18:01:11.377] 1 file indexed
[Info - 18:01:11.435] 0 source files to be analyzed
[Info - 18:01:11.435] 0/0 source files have been analyzed
[Info - 18:01:11.441] 0 source files to be analyzed
[Info - 18:01:11.441] 0/0 source files have been analyzed
[Info - 18:01:11.441] Available processors: 2
[Info - 18:01:11.441] Using 2 threads for analysis.
[Info - 18:01:11.467] The property "sonar.tests" is not set. To improve the analysis accuracy, we categorize a file as a test file if any of the following is true:
  * The filename starts with "test"
  * The filename contains "test." or "tests."
  * Any directory in the file path is named: "doc", "docs", "test" or "tests"
  * Any directory in the file path has a name ending in "test" or "tests"

[Info - 18:01:11.468] Analyzing all except non binary files
[Info - 18:01:11.477] 1 source file to be analyzed
[Info - 18:01:11.493] 1/1 source file has been analyzed
[Info - 18:01:11.495] Analysis detected 0 issues and 0 Security Hotspots in 145ms
[Info - 18:01:40.332] Module file event for MODIFIED for file [uri=file:///home/pro/Escritorio/libro/ejercicio-git-libro/README.md] has been ignored because it's not a Kubernetes file.
[Info - 18:01:40.337] .gitignore file was not found for /home/pro/Escritorio/libro/ejercicio-git-libro
[Info - 18:01:40.337] Triggering analysis with configuration: [
  baseDir: /home/pro/Escritorio/libro/ejercicio-git-libro
  extraProperties: {sonar.cfamily.compile-commands=}
  activeRules: [14 kubernetes, 214 python, 425 cpp, 189 c, 23 go, 210 ipython, 90 secrets, 26 docker, 455 java, 46 Web, 15 xml, 314 csharpsquid, 155 php, 7 terraform, 18 azureresourcemanager, 7 cloudformation]
  inputFiles: [
    file:///home/pro/Escritorio/libro/ejercicio-git-libro/README.md (UTF-8)
  ]
]

[Info - 18:01:40.384] Index files
[Info - 18:01:40.384] 1 file indexed
[Info - 18:01:40.539] 0 source files to be analyzed
[Info - 18:01:40.539] 0/0 source files have been analyzed
[Info - 18:01:40.549] 0 source files to be analyzed
[Info - 18:01:40.549] 0/0 source files have been analyzed
[Info - 18:01:40.549] Available processors: 2
[Info - 18:01:40.549] Using 2 threads for analysis.
[Info - 18:01:40.611] The property "sonar.tests" is not set. To improve the analysis accuracy, we categorize a file as a test file if any of the following is true:
  * The filename starts with "test"
  * The filename contains "test." or "tests."
  * Any directory in the file path is named: "doc", "docs", "test" or "tests"
  * Any directory in the file path has a name ending in "test" or "tests"

[Info - 18:01:40.616] Analyzing all except non binary files
[Info - 18:01:40.627] 1 source file to be analyzed
[Info - 18:01:40.666] 1/1 source file has been analyzed
[Info - 18:01:40.668] Analysis detected 0 issues and 0 Security Hotspots in 334ms
